{
  "7.3 Safe to vaccinate" : {
    "transaction" : "7.3 Safe to vaccinate",
    "sampleCount" : 20,
    "errorCount" : 0,
    "errorPct" : 0.0,
    "meanResTime" : 192.30000000000004,
    "medianResTime" : 137.5,
    "minResTime" : 92.0,
    "maxResTime" : 667.0,
    "pct1ResTime" : 583.3000000000006,
    "pct2ResTime" : 664.4,
    "pct3ResTime" : 667.0,
    "throughput" : 0.005911568259253009,
    "receivedKBytesPerSec" : 2.51095593716535,
    "sentKBytesPerSec" : 0.025893996769180156
  },
  "2.0 Register attendance" : {
    "transaction" : "2.0 Register attendance",
    "sampleCount" : 1286,
    "errorCount" : 11,
    "errorPct" : 0.85536546,
    "meanResTime" : 1686.410575427683,
    "medianResTime" : 1599.5,
    "minResTime" : 588.0,
    "maxResTime" : 7397.0,
    "pct1ResTime" : 2506.9999999999995,
    "pct2ResTime" : 2793.199999999999,
    "pct3ResTime" : 3857.6499999999996,
    "throughput" : 0.4266527235937297,
    "receivedKBytesPerSec" : 843.4975474544367,
    "sentKBytesPerSec" : 8.702437544498286
  },
  "2.5 Select patient" : {
    "transaction" : "2.5 Select patient",
    "sampleCount" : 1286,
    "errorCount" : 0,
    "errorPct" : 0.0,
    "meanResTime" : 151.90513219284603,
    "medianResTime" : 100.0,
    "minResTime" : 75.0,
    "maxResTime" : 1674.0,
    "pct1ResTime" : 266.0,
    "pct2ResTime" : 425.64999999999986,
    "pct3ResTime" : 800.249999999997,
    "throughput" : 0.4269895938718028,
    "receivedKBytesPerSec" : 177.89083015775043,
    "sentKBytesPerSec" : 1.7762412897318631
  },
  "7.1 Full name search" : {
    "transaction" : "7.1 Full name search",
    "sampleCount" : 20,
    "errorCount" : 0,
    "errorPct" : 0.0,
    "meanResTime" : 8809.75,
    "medianResTime" : 8444.5,
    "minResTime" : 7313.0,
    "maxResTime" : 11514.0,
    "pct1ResTime" : 10586.7,
    "pct2ResTime" : 11469.599999999999,
    "pct3ResTime" : 11514.0,
    "throughput" : 0.005869743351341706,
    "receivedKBytesPerSec" : 2.8960419476806294,
    "sentKBytesPerSec" : 0.0254858065570316
  },
  "2.3 Search by first/last name" : {
    "transaction" : "2.3 Search by first/last name",
    "sampleCount" : 1286,
    "errorCount" : 0,
    "errorPct" : 0.0,
    "meanResTime" : 140.24183514774504,
    "medianResTime" : 100.0,
    "minResTime" : 69.0,
    "maxResTime" : 1982.0,
    "pct1ResTime" : 245.29999999999995,
    "pct2ResTime" : 349.64999999999986,
    "pct3ResTime" : 643.3399999999979,
    "throughput" : 0.42698562426393954,
    "receivedKBytesPerSec" : 180.26449594508918,
    "sentKBytesPerSec" : 1.846163295729712
  },
  "4.0 Vaccination for flu" : {
    "transaction" : "4.0 Vaccination for flu",
    "sampleCount" : 317,
    "errorCount" : 0,
    "errorPct" : 0.0,
    "meanResTime" : 1363.5678233438496,
    "medianResTime" : 1239.0,
    "minResTime" : 766.0,
    "maxResTime" : 3680.0,
    "pct1ResTime" : 1958.0,
    "pct2ResTime" : 2311.7,
    "pct3ResTime" : 3142.16,
    "throughput" : 0.11168771410481944,
    "receivedKBytesPerSec" : 136.81438755980312,
    "sentKBytesPerSec" : 1.8908694077089536
  },
  "4.0 Vaccination for hpv" : {
    "transaction" : "4.0 Vaccination for hpv",
    "sampleCount" : 324,
    "errorCount" : 0,
    "errorPct" : 0.0,
    "meanResTime" : 1349.1481481481487,
    "medianResTime" : 1216.0,
    "minResTime" : 762.0,
    "maxResTime" : 5777.0,
    "pct1ResTime" : 1968.5,
    "pct2ResTime" : 2278.5,
    "pct3ResTime" : 3875.75,
    "throughput" : 0.1221367139569468,
    "receivedKBytesPerSec" : 149.3700808990808,
    "sentKBytesPerSec" : 2.0706792311512707
  },
  "7.6 First name search" : {
    "transaction" : "7.6 First name search",
    "sampleCount" : 20,
    "errorCount" : 0,
    "errorPct" : 0.0,
    "meanResTime" : 6899.3,
    "medianResTime" : 6642.0,
    "minResTime" : 5877.0,
    "maxResTime" : 8355.0,
    "pct1ResTime" : 8063.9,
    "pct2ResTime" : 8340.55,
    "pct3ResTime" : 8355.0,
    "throughput" : 0.0059005126365378625,
    "receivedKBytesPerSec" : 2.8532038336146894,
    "sentKBytesPerSec" : 0.025564662464124883
  },
  "1.2 Sign-in page" : {
    "transaction" : "1.2 Sign-in page",
    "sampleCount" : 1377,
    "errorCount" : 0,
    "errorPct" : 0.0,
    "meanResTime" : 265.4277414669572,
    "medianResTime" : 121.0,
    "minResTime" : 14.0,
    "maxResTime" : 9160.0,
    "pct1ResTime" : 339.20000000000005,
    "pct2ResTime" : 576.5999999999995,
    "pct3ResTime" : 6158.180000000002,
    "throughput" : 0.3872731414686005,
    "receivedKBytesPerSec" : 159.8667523076958,
    "sentKBytesPerSec" : 1.9208459212045403
  },
  "2.4 Patient attending session" : {
    "transaction" : "2.4 Patient attending session",
    "sampleCount" : 900,
    "errorCount" : 11,
    "errorPct" : 1.2222222,
    "meanResTime" : 774.0022222222219,
    "medianResTime" : 635.5,
    "minResTime" : 131.0,
    "maxResTime" : 4648.0,
    "pct1ResTime" : 1230.8,
    "pct2ResTime" : 1486.4499999999994,
    "pct3ResTime" : 2526.84,
    "throughput" : 0.298925561888718,
    "receivedKBytesPerSec" : 126.75511827768308,
    "sentKBytesPerSec" : 1.5233857718656576
  },
  "Check STS status" : {
    "transaction" : "Check STS status",
    "sampleCount" : 1,
    "errorCount" : 0,
    "errorPct" : 0.0,
    "meanResTime" : 35.0,
    "medianResTime" : 35.0,
    "minResTime" : 35.0,
    "maxResTime" : 35.0,
    "pct1ResTime" : 35.0,
    "pct2ResTime" : 35.0,
    "pct3ResTime" : 35.0,
    "throughput" : 28.57142857142857,
    "receivedKBytesPerSec" : 8.928571428571427,
    "sentKBytesPerSec" : 16.85267857142857
  },
  "1.1 Homepage" : {
    "transaction" : "1.1 Homepage",
    "sampleCount" : 1377,
    "errorCount" : 0,
    "errorPct" : 0.0,
    "meanResTime" : 274.6252723311549,
    "medianResTime" : 135.0,
    "minResTime" : 28.0,
    "maxResTime" : 8784.0,
    "pct1ResTime" : 340.0,
    "pct2ResTime" : 515.0,
    "pct3ResTime" : 6312.88,
    "throughput" : 0.3879061182682654,
    "receivedKBytesPerSec" : 160.123041964991,
    "sentKBytesPerSec" : 1.9159937445384678
  },
  "1.3 Sign-in" : {
    "transaction" : "1.3 Sign-in",
    "sampleCount" : 1377,
    "errorCount" : 0,
    "errorPct" : 0.0,
    "meanResTime" : 292.1677559912856,
    "medianResTime" : 130.0,
    "minResTime" : 83.0,
    "maxResTime" : 7908.0,
    "pct1ResTime" : 423.0,
    "pct2ResTime" : 610.2999999999997,
    "pct3ResTime" : 6217.000000000002,
    "throughput" : 0.3864368251562796,
    "receivedKBytesPerSec" : 159.71303164223374,
    "sentKBytesPerSec" : 2.017788753306252
  },
  "Run some searches" : {
    "transaction" : "Run some searches",
    "sampleCount" : 20,
    "errorCount" : 0,
    "errorPct" : 0.0,
    "meanResTime" : 34535.24999999999,
    "medianResTime" : 32977.5,
    "minResTime" : 29644.0,
    "maxResTime" : 47988.0,
    "pct1ResTime" : 38722.9,
    "pct2ResTime" : 47524.99999999999,
    "pct3ResTime" : 47988.0,
    "throughput" : 0.005830519621739209,
    "receivedKBytesPerSec" : 22.953240612826967,
    "sentKBytesPerSec" : 0.20343303591731274
  },
  "4.0 Vaccination for td_ipv" : {
    "transaction" : "4.0 Vaccination for td_ipv",
    "sampleCount" : 323,
    "errorCount" : 0,
    "errorPct" : 0.0,
    "meanResTime" : 1288.0402476780187,
    "medianResTime" : 1133.0,
    "minResTime" : 736.0,
    "maxResTime" : 4363.0,
    "pct1ResTime" : 1962.2000000000003,
    "pct2ResTime" : 2346.8000000000006,
    "pct3ResTime" : 2864.3999999999996,
    "throughput" : 0.1087730700778081,
    "receivedKBytesPerSec" : 133.75545535989406,
    "sentKBytesPerSec" : 1.8447935968905382
  },
  "2.1 Open session" : {
    "transaction" : "2.1 Open session",
    "sampleCount" : 1286,
    "errorCount" : 0,
    "errorPct" : 0.0,
    "meanResTime" : 693.3786936236393,
    "medianResTime" : 584.0,
    "minResTime" : 239.0,
    "maxResTime" : 2827.0,
    "pct1ResTime" : 1172.4999999999998,
    "pct2ResTime" : 1403.2999999999997,
    "pct3ResTime" : 1832.6899999999866,
    "throughput" : 0.4268735133283454,
    "receivedKBytesPerSec" : 177.10216611545437,