{
  "7.3 Safe to vaccinate" : {
    "transaction" : "7.3 Safe to vaccinate",
    "sampleCount" : 26,
    "errorCount" : 0,
    "errorPct" : 0.0,
    "meanResTime" : 308.3076923076923,
    "medianResTime" : 179.0,
    "minResTime" : 84.0,
    "maxResTime" : 1922.0,
    "pct1ResTime" : 791.6000000000001,
    "pct2ResTime" : 1558.6999999999985,
    "pct3ResTime" : 1922.0,
    "throughput" : 0.007541653130366176,
    "receivedKBytesPerSec" : 1.5309377397556794,
    "sentKBytesPerSec" : 0.0554477498498921
  },
  "2.0 Register attendance" : {
    "transaction" : "2.0 Register attendance",
    "sampleCount" : 1626,
    "errorCount" : 14,
    "errorPct" : 0.8610086,
    "meanResTime" : 3362.215867158676,
    "medianResTime" : 2376.5,
    "minResTime" : 541.0,
    "maxResTime" : 20464.0,
    "pct1ResTime" : 7017.799999999999,
    "pct2ResTime" : 9125.099999999993,
    "pct3ResTime" : 13068.970000000001,
    "throughput" : 0.45669102913890985,
    "receivedKBytesPerSec" : 346.4732049647279,
    "sentKBytesPerSec" : 14.882048188522115
  },
  "2.5 Select patient" : {
    "transaction" : "2.5 Select patient",
    "sampleCount" : 1623,
    "errorCount" : 0,
    "errorPct" : 0.0,
    "meanResTime" : 375.6457178065314,
    "medianResTime" : 127.0,
    "minResTime" : 59.0,
    "maxResTime" : 9056.0,
    "pct1ResTime" : 774.4000000000019,
    "pct2ResTime" : 1623.9999999999998,
    "pct3ResTime" : 4292.279999999999,
    "throughput" : 0.4556215359919959,
    "receivedKBytesPerSec" : 78.09963414211771,
    "sentKBytesPerSec" : 3.2488420584296023
  },
  "7.1 Full name search" : {
    "transaction" : "7.1 Full name search",
    "sampleCount" : 26,
    "errorCount" : 0,
    "errorPct" : 0.0,
    "meanResTime" : 1800.7692307692303,
    "medianResTime" : 895.0,
    "minResTime" : 308.0,
    "maxResTime" : 7674.0,
    "pct1ResTime" : 4839.0,
    "pct2ResTime" : 6747.899999999996,
    "pct3ResTime" : 7674.0,
    "throughput" : 0.007539704518979902,
    "receivedKBytesPerSec" : 1.5256942119500836,
    "sentKBytesPerSec" : 0.05502874186110646
  },
  "2.3 Search by first/last name" : {
    "transaction" : "2.3 Search by first/last name",
    "sampleCount" : 1633,
    "errorCount" : 0,
    "errorPct" : 0.0,
    "meanResTime" : 356.1353337415799,
    "medianResTime" : 135.0,
    "minResTime" : 63.0,
    "maxResTime" : 9453.0,
    "pct1ResTime" : 730.6000000000008,
    "pct2ResTime" : 1436.0999999999992,
    "pct3ResTime" : 3630.460000000011,
    "throughput" : 0.45689964631546665,
    "receivedKBytesPerSec" : 81.64908885916454,
    "sentKBytesPerSec" : 3.3796374404778393
  },
  "4.0 Vaccination for flu" : {
    "transaction" : "4.0 Vaccination for flu",
    "sampleCount" : 393,
    "errorCount" : 0,
    "errorPct" : 0.0,
    "meanResTime" : 2784.9567430025463,
    "medianResTime" : 1733.0,
    "minResTime" : 173.0,
    "maxResTime" : 16486.0,
    "pct1ResTime" : 6230.800000000001,
    "pct2ResTime" : 8383.799999999997,
    "pct3ResTime" : 12947.02,
    "throughput" : 0.11172450613077567,
    "receivedKBytesPerSec" : 52.60115884014113,
    "sentKBytesPerSec" : 3.1354435783603845
  },
  "4.0 Vaccination for hpv" : {
    "transaction" : "4.0 Vaccination for hpv",
    "sampleCount" : 430,
    "errorCount" : 0,
    "errorPct" : 0.0,
    "meanResTime" : 2698.6976744186036,
    "medianResTime" : 1780.5,
    "minResTime" : 201.0,
    "maxResTime" : 16724.0,
    "pct1ResTime" : 5938.300000000006,
    "pct2ResTime" : 7506.55,
    "pct3ResTime" : 12511.75,
    "throughput" : 0.12287051819069447,
    "receivedKBytesPerSec" : 57.523168057722856,
    "sentKBytesPerSec" : 3.4586396114655624
  },
  "7.6 First name search" : {
    "transaction" : "7.6 First name search",
    "sampleCount" : 26,
    "errorCount" : 0,
    "errorPct" : 0.0,
    "meanResTime" : 2977.538461538462,
    "medianResTime" : 1547.5,
    "minResTime" : 541.0,
    "maxResTime" : 13481.0,
    "pct1ResTime" : 8172.400000000005,
    "pct2ResTime" : 13374.25,
    "pct3ResTime" : 13481.0,
    "throughput" : 0.00753827923699857,
    "receivedKBytesPerSec" : 2.2201093093979436,
    "sentKBytesPerSec" : 0.05496425994900644
  },
  "1.2 Sign-in page" : {
    "transaction" : "1.2 Sign-in page",
    "sampleCount" : 1669,
    "errorCount" : 0,
    "errorPct" : 0.0,
    "meanResTime" : 469.59976033553085,
    "medianResTime" : 156.0,
    "minResTime" : 21.0,
    "maxResTime" : 10517.0,
    "pct1ResTime" : 1225.0,
    "pct2ResTime" : 2011.5,
    "pct3ResTime" : 4551.699999999996,
    "throughput" : 0.4646551654537097,
    "receivedKBytesPerSec" : 80.48862446367337,
    "sentKBytesPerSec" : 3.8967606332151603
  },
  "2.4 Patient attending session" : {
    "transaction" : "2.4 Patient attending session",
    "sampleCount" : 712,
    "errorCount" : 14,
    "errorPct" : 1.9662921,
    "meanResTime" : 1329.5800561797764,
    "medianResTime" : 758.5,
    "minResTime" : 182.0,
    "maxResTime" : 13664.0,
    "pct1ResTime" : 2880.1000000000013,
    "pct2ResTime" : 4336.300000000005,
    "pct3ResTime" : 8867.800000000003,
    "throughput" : 0.21545984942019514,
    "receivedKBytesPerSec" : 22.09520914613065,
    "sentKBytesPerSec" : 1.8638810130925145
  },
  "Check STS status" : {
    "transaction" : "Check STS status",
    "sampleCount" : 1,
    "errorCount" : 0,
    "errorPct" : 0.0,
    "meanResTime" : 29.0,
    "medianResTime" : 29.0,
    "minResTime" : 29.0,
    "maxResTime" : 29.0,
    "pct1ResTime" : 29.0,
    "pct2ResTime" : 29.0,
    "pct3ResTime" : 29.0,
    "throughput" : 34.48275862068965,
    "receivedKBytesPerSec" : 10.809536637931034,
    "sentKBytesPerSec" : 20.339439655172413
  },
  "1.1 Homepage" : {
    "transaction" : "1.1 Homepage",
    "sampleCount" : 1671,
    "errorCount" : 0,
    "errorPct" : 0.0,
    "meanResTime" : 413.55834829443444,
    "medianResTime" : 157.0,
    "minResTime" : 36.0,
    "maxResTime" : 8196.0,
    "pct1ResTime" : 950.9999999999995,
    "pct2ResTime" : 1883.7999999999997,
    "pct3ResTime" : 3776.9599999999955,
    "throughput" : 0.46433085921771783,
    "receivedKBytesPerSec" : 81.24959094693415,
    "sentKBytesPerSec" : 3.8856413127996374
  },
  "1.3 Sign-in" : {
    "transaction" : "1.3 Sign-in",
    "sampleCount" : 1669,
    "errorCount" : 0,
    "errorPct" : 0.0,
    "meanResTime" : 522.7950868783696,
    "medianResTime" : 175.0,
    "minResTime" : 68.0,
    "maxResTime" : 9777.0,
    "pct1ResTime" : 1257.0,
    "pct2ResTime" : 2144.0,
    "pct3ResTime" : 4589.299999999995,
    "throughput" : 0.4646378316529999,
    "receivedKBytesPerSec" : 81.69139800152142,
    "sentKBytesPerSec" : 4.05529870301945
  },
  "Run some searches" : {
    "transaction" : "Run some searches",
    "sampleCount" : 26,
    "errorCount" : 0,
    "errorPct" : 0.0,
    "meanResTime" : 12907.461538461539,
    "medianResTime" : 11663.0,
    "minResTime" : 5042.0,
    "maxResTime" : 30832.0,
    "pct1ResTime" : 23653.300000000003,
    "pct2ResTime" : 29027.749999999993,
    "pct3ResTime" : 30832.0,
    "throughput" : 0.007549602339215248,
    "receivedKBytesPerSec" : 14.900989619478265,
    "sentKBytesPerSec" : 0.4424774745999437
  },
  "4.0 Vaccination for td_ipv" : {
    "transaction" : "4.0 Vaccination for td_ipv",
    "sampleCount" : 385,
    "errorCount" : 0,
    "errorPct" : 0.0,
    "meanResTime" : 2829.7610389610395,
    "medianResTime" : 1826.0,
    "minResTime" : 465.0,
    "maxResTime" : 17065.0,
    "pct1ResTime" : 6063.4000000000015,
    "pct2ResTime" : 7980.099999999999,
    "pct3ResTime" : 13454.81999999999,
    "throughput" : 0.11084760412260954,
    "receivedKBytesPerSec" : 55.42009851868732,
    "sentKBytesPerSec" : 3.1225908415909998
  },
  "2.1 Open session" : {
    "transaction" : "2.1 Open session",
    "sampleCount" : 1640,
    "errorCount" : 0,
    "errorPct" : 0.0,
    "meanResTime" : 1563.5225609756121,
    "medianResTime" : 1066.0,
    "minResTime" : 134.0,
    "maxResTime" : 11005.0,
    "pct1ResTime" : 3377.5000000000014,
    "pct2ResTime" : 4625.549999999998,
    "pct3ResTime" : 7409.31999999998,