{
  "4.3 Vaccination confirm" : {
    "transaction" : "4.3 Vaccination confirm",
    "sampleCount" : 1710,
    "errorCount" : 11,
    "errorPct" : 0.64327484,
    "meanResTime" : 1074.2245614035064,
    "medianResTime" : 860.0,
    "minResTime" : 19.0,
    "maxResTime" : 5264.0,
    "pct1ResTime" : 1904.8000000000002,
    "pct2ResTime" : 2400.499999999998,
    "pct3ResTime" : 3581.89,
    "throughput" : 0.5602965967715775,
    "receivedKBytesPerSec" : 234.44648978073073,
    "sentKBytesPerSec" : 5.7223649728207
  },
  "4.1 Vaccination questions" : {
    "transaction" : "4.1 Vaccination questions",
    "sampleCount" : 1710,
    "errorCount" : 11,
    "errorPct" : 0.64327484,
    "meanResTime" : 234.1280701754383,
    "medianResTime" : 147.0,
    "minResTime" : 21.0,
    "maxResTime" : 2757.0,
    "pct1ResTime" : 483.7000000000003,
    "pct2ResTime" : 669.4499999999998,
    "pct3ResTime" : 1129.5799999999972,
    "throughput" : 0.5597357523519539,
    "receivedKBytesPerSec" : 229.27683800465826,
    "sentKBytesPerSec" : 5.205288048283264
  },
  "2.0 Register attendance" : {
    "transaction" : "2.0 Register attendance",
    "sampleCount" : 1710,
    "errorCount" : 25,
    "errorPct" : 1.4619883,
    "meanResTime" : 1533.6128654970776,
    "medianResTime" : 1396.5,
    "minResTime" : 410.0,
    "maxResTime" : 5551.0,
    "pct1ResTime" : 2601.7000000000003,
    "pct2ResTime" : 2998.5999999999985,
    "pct3ResTime" : 4080.7899999999986,
    "throughput" : 0.5576119079816438,
    "receivedKBytesPerSec" : 1098.5096410405952,
    "sentKBytesPerSec" : 19.13119472743294
  },
  "Reset counters" : {
    "transaction" : "Reset counters",
    "sampleCount" : 1,
    "errorCount" : 0,
    "errorPct" : 0.0,
    "meanResTime" : 38.0,
    "medianResTime" : 38.0,
    "minResTime" : 38.0,
    "maxResTime" : 38.0,
    "pct1ResTime" : 38.0,
    "pct2ResTime" : 38.0,
    "pct3ResTime" : 38.0,
    "throughput" : 26.31578947368421,
    "receivedKBytesPerSec" : 0.0,
    "sentKBytesPerSec" : 0.0
  },
  "1.0 Login" : {
    "transaction" : "1.0 Login",
    "sampleCount" : 1815,
    "errorCount" : 0,
    "errorPct" : 0.0,
    "meanResTime" : 1117.849035812672,
    "medianResTime" : 984.0,
    "minResTime" : 476.0,
    "maxResTime" : 4281.0,
    "pct1ResTime" : 1820.8000000000002,
    "pct2ResTime" : 2116.999999999998,
    "pct3ResTime" : 2745.5999999999926,
    "throughput" : 0.5687353487977123,
    "receivedKBytesPerSec" : 983.3272990680927,
    "sentKBytesPerSec" : 18.514814273048117
  },
  "4.0 Vaccination for menacwy" : {
    "transaction" : "4.0 Vaccination for menacwy",
    "sampleCount" : 325,
    "errorCount" : 0,
    "errorPct" : 0.0,
    "meanResTime" : 1673.9046153846157,
    "medianResTime" : 1513.0,
    "minResTime" : 726.0,
    "maxResTime" : 5331.0,
    "pct1ResTime" : 2617.8,
    "pct2ResTime" : 3001.3999999999996,
    "pct3ResTime" : 4789.820000000001,
    "throughput" : 0.15410073920939207,
    "receivedKBytesPerSec" : 191.33981767141336,
    "sentKBytesPerSec" : 4.368976828138558
  },
  "2.5 Select patient" : {
    "transaction" : "2.5 Select patient",
    "sampleCount" : 1710,
    "errorCount" : 0,
    "errorPct" : 0.0,
    "meanResTime" : 180.84035087719323,
    "medianResTime" : 111.0,
    "minResTime" : 54.0,
    "maxResTime" : 3227.0,
    "pct1ResTime" : 390.8000000000002,
    "pct2ResTime" : 582.4999999999982,
    "pct3ResTime" : 1069.119999999999,
    "throughput" : 0.5588081895791096,
    "receivedKBytesPerSec" : 235.4615366946422,
    "sentKBytesPerSec" : 3.999697125859127
  },
  "Initialise vaccination list" : {
    "transaction" : "Initialise vaccination list",
    "sampleCount" : 1,
    "errorCount" : 0,
    "errorPct" : 0.0,
    "meanResTime" : 43.0,
    "medianResTime" : 43.0,
    "minResTime" : 43.0,
    "maxResTime" : 43.0,
    "pct1ResTime" : 43.0,
    "pct2ResTime" : 43.0,
    "pct3ResTime" : 43.0,
    "throughput" : 23.25581395348837,
    "receivedKBytesPerSec" : 6.676962209302326,
    "sentKBytesPerSec" : 14.353197674418606
  },
  "2.3 Search by first/last name" : {
    "transaction" : "2.3 Search by first/last name",
    "sampleCount" : 1710,
    "errorCount" : 0,
    "errorPct" : 0.0,
    "meanResTime" : 156.99999999999994,
    "medianResTime" : 105.0,
    "minResTime" : 58.0,
    "maxResTime" : 1494.0,
    "pct1ResTime" : 312.0,
    "pct2ResTime" : 478.34999999999945,
    "pct3ResTime" : 798.2299999999991,
    "throughput" : 0.5577495880481113,
    "receivedKBytesPerSec" : 237.1869827285379,
    "sentKBytesPerSec" : 4.140846349223163
  },
  "4.0 Vaccination for flu" : {
    "transaction" : "4.0 Vaccination for flu",
    "sampleCount" : 527,
    "errorCount" : 0,
    "errorPct" : 0.0,
    "meanResTime" : 1435.2182163187854,
    "medianResTime" : 1207.0,
    "minResTime" : 689.0,
    "maxResTime" : 5520.0,
    "pct1ResTime" : 2303.6,
    "pct2ResTime" : 2957.599999999995,
    "pct3ResTime" : 4267.1600000000035,
    "throughput" : 0.176477817542029,
    "receivedKBytesPerSec" : 218.8374046706889,
    "sentKBytesPerSec" : 4.998498528423645
  },
  "4.0 Vaccination for hpv" : {
    "transaction" : "4.0 Vaccination for hpv",
    "sampleCount" : 533,
    "errorCount" : 11,
    "errorPct" : 2.0637898,
    "meanResTime" : 1410.416510318948,
    "medianResTime" : 1187.0,
    "minResTime" : 64.0,
    "maxResTime" : 5637.0,
    "pct1ResTime" : 2400.0,
    "pct2ResTime" : 2967.2999999999965,
    "pct3ResTime" : 4250.299999999994,
    "throughput" : 0.17414083713715078,
    "receivedKBytesPerSec" : 215.48231351748237,
    "sentKBytesPerSec" : 4.915417324085083
  },
  "1.2 Sign-in page" : {
    "transaction" : "1.2 Sign-in page",
    "sampleCount" : 1815,
    "errorCount" : 0,
    "errorPct" : 0.0,
    "meanResTime" : 218.9349862258952,
    "medianResTime" : 129.0,
    "minResTime" : 13.0,
    "maxResTime" : 1917.0,
    "pct1ResTime" : 516.0,
    "pct2ResTime" : 694.3999999999996,
    "pct3ResTime" : 1231.5599999999993,
    "throughput" : 0.5687989786062638,
    "receivedKBytesPerSec" : 237.10779575774285,
    "sentKBytesPerSec" : 4.7423008876476285
  },
  "Debug Sampler" : {
    "transaction" : "Debug Sampler",
    "sampleCount" : 1710,
    "errorCount" : 0,
    "errorPct" : 0.0,
    "meanResTime" : 0.33801169590643254,
    "medianResTime" : 0.0,
    "minResTime" : 0.0,
    "maxResTime" : 22.0,
    "pct1ResTime" : 1.0,
    "pct2ResTime" : 1.0,
    "pct3ResTime" : 1.0,
    "throughput" : 0.5577650517465711,
    "receivedKBytesPerSec" : 3.1308822323331182,
    "sentKBytesPerSec" : 0.0
  },
  "2.4 Patient attending session" : {
    "transaction" : "2.4 Patient attending session",
    "sampleCount" : 1062,
    "errorCount" : 25,
    "errorPct" : 2.354049,
    "meanResTime" : 868.9971751412432,
    "medianResTime" : 720.5,
    "minResTime" : 19.0,
    "maxResTime" : 3703.0,
    "pct1ResTime" : 1457.0,
    "pct2ResTime" : 1806.85,
    "pct3ResTime" : 2784.8599999999915,
    "throughput" : 0.34813325833061254,
    "receivedKBytesPerSec" : 148.41660120984912,
    "sentKBytesPerSec" : 3.0212656443817125
  },
  "Check STS status" : {
    "transaction" : "Check STS status",
    "sampleCount" : 1,
    "errorCount" : 0,
    "errorPct" : 0.0,
    "meanResTime" : 31.0,
    "medianResTime" : 31.0,
    "minResTime" : 31.0,
    "maxResTime" : 31.0,
    "pct1ResTime" : 31.0,
    "pct2ResTime" : 31.0,
    "pct3ResTime" : 31.0,
    "throughput" : 32.25806451612903,
    "receivedKBytesPerSec" : 10.112147177419354,
    "sentKBytesPerSec" : 19.027217741935484
  },
  "Total" : {
    "transaction" : "Total",
    "sampleCount" : 22006,
    "errorCount" : 58,
    "errorPct" : 0.2635645,
    "meanResTime" : 330.14064346087633,
    "medianResTime" : 171.0,
    "minResTime" : 0.0,
    "maxResTime" : 5264.0,
    "pct1ResTime" : 809.0,
    "pct2ResTime" : 1106.0,
    "pct3ResTime" : 2007.9700000000048,
    "throughput" : 6.6533092549206705,
    "receivedKBytesPerSec" : 2608.580229879359,
    "sentKBytesPerSec" : 50.23566382167855
  },