{
  "5.0 Consent for menacwy" : {
    "transaction" : "5.0 Consent for menacwy",
    "sampleCount" : 6,
    "errorCount" : 0,
    "errorPct" : 0.0,
    "meanResTime" : 6698.0,
    "medianResTime" : 6836.5,
    "minResTime" : 5842.0,
    "maxResTime" : 7138.0,
    "pct1ResTime" : 7138.0,
    "pct2ResTime" : 7138.0,
    "pct3ResTime" : 7138.0,
    "throughput" : 0.002729524585055398,
    "receivedKBytesPerSec" : 0.6132478506415521,
    "sentKBytesPerSec" : 0.043779015414990095
  },
  "2.0 Register attendance" : {
    "transaction" : "2.0 Register attendance",
    "sampleCount" : 998,
    "errorCount" : 593,
    "errorPct" : 59.41884,
    "meanResTime" : 4637.59619238477,
    "medianResTime" : 5006.0,
    "minResTime" : 492.0,
    "maxResTime" : 15824.0,
    "pct1ResTime" : 8589.7,
    "pct2ResTime" : 9759.449999999997,
    "pct3ResTime" : 12985.14,
    "throughput" : 0.4161990682645708,
    "receivedKBytesPerSec" : 48.00558130756882,
    "sentKBytesPerSec" : 1.1696679824583351
  },
  "2.5 Select patient" : {
    "transaction" : "2.5 Select patient",
    "sampleCount" : 439,
    "errorCount" : 34,
    "errorPct" : 7.7448745,
    "meanResTime" : 699.4988610478365,
    "medianResTime" : 500.0,
    "minResTime" : 396.0,
    "maxResTime" : 4260.0,
    "pct1ResTime" : 1194.0,
    "pct2ResTime" : 1503.0,
    "pct3ResTime" : 3978.4,
    "throughput" : 0.18287117746127315,
    "receivedKBytesPerSec" : 4.376074944196173,
    "sentKBytesPerSec" : 0.12679544531006245
  },
  "1.4 Select Organisations" : {
    "transaction" : "1.4 Select Organisations",
    "sampleCount" : 71,
    "errorCount" : 0,
    "errorPct" : 0.0,
    "meanResTime" : 585.7605633802817,
    "medianResTime" : 559.0,
    "minResTime" : 529.0,
    "maxResTime" : 1403.0,
    "pct1ResTime" : 642.6,
    "pct2ResTime" : 730.1999999999992,
    "pct3ResTime" : 1403.0,
    "throughput" : 0.03472468460449318,
    "receivedKBytesPerSec" : 0.498963876240735,
    "sentKBytesPerSec" : 0.05023864814601974
  },
  "2.5 Select menacwy" : {
    "transaction" : "2.5 Select menacwy",
    "sampleCount" : 214,
    "errorCount" : 4,
    "errorPct" : 1.8691589,
    "meanResTime" : 571.1448598130845,
    "medianResTime" : 449.0,
    "minResTime" : 398.0,
    "maxResTime" : 1405.0,
    "pct1ResTime" : 893.5,
    "pct2ResTime" : 969.75,
    "pct3ResTime" : 1256.3499999999995,
    "throughput" : 0.08840929371715636,
    "receivedKBytesPerSec" : 1.9855777014151685,
    "sentKBytesPerSec" : 0.0616447614395016
  },
  "2.3 Search by first/last name" : {
    "transaction" : "2.3 Search by first/last name",
    "sampleCount" : 640,
    "errorCount" : 80,
    "errorPct" : 12.5,
    "meanResTime" : 1613.3718750000007,
    "medianResTime" : 1355.5,
    "minResTime" : 346.0,
    "maxResTime" : 10238.0,
    "pct1ResTime" : 2493.3999999999996,
    "pct2ResTime" : 3159.4499999999994,
    "pct3ResTime" : 5444.040000000002,
    "throughput" : 0.267028935923069,
    "receivedKBytesPerSec" : 13.167185584641079,
    "sentKBytesPerSec" : 0.23092037833410659
  },
  "2.5 Select td_ipv" : {
    "transaction" : "2.5 Select td_ipv",
    "sampleCount" : 200,
    "errorCount" : 1,
    "errorPct" : 0.5,
    "meanResTime" : 526.4750000000001,
    "medianResTime" : 438.0,
    "minResTime" : 398.0,
    "maxResTime" : 1283.0,
    "pct1ResTime" : 866.0,
    "pct2ResTime" : 887.95,
    "pct3ResTime" : 1216.760000000002,
    "throughput" : 0.0793151926268597,
    "receivedKBytesPerSec" : 1.8366226779238057,
    "sentKBytesPerSec" : 0.05522630111616305
  },
  "4.0 Vaccination for flu" : {
    "transaction" : "4.0 Vaccination for flu",
    "sampleCount" : 371,
    "errorCount" : 68,
    "errorPct" : 18.32884,
    "meanResTime" : 2769.323450134772,
    "medianResTime" : 2681.0,
    "minResTime" : 692.0,
    "maxResTime" : 10074.0,
    "pct1ResTime" : 3523.2,
    "pct2ResTime" : 4035.799999999995,
    "pct3ResTime" : 7047.799999999992,
    "throughput" : 0.1541406926442898,
    "receivedKBytesPerSec" : 6.926324504407551,
    "sentKBytesPerSec" : 0.8176158655799679
  },
  "5.8 Consent confirm" : {
    "transaction" : "5.8 Consent confirm",
    "sampleCount" : 26,
    "errorCount" : 0,
    "errorPct" : 0.0,
    "meanResTime" : 1382.9615384615386,
    "medianResTime" : 1323.0,
    "minResTime" : 1078.0,
    "maxResTime" : 2003.0,
    "pct1ResTime" : 1674.7,
    "pct2ResTime" : 1907.4499999999996,
    "pct3ResTime" : 2003.0,
    "throughput" : 0.009236575702974462,
    "receivedKBytesPerSec" : 0.9079070994097117,
    "sentKBytesPerSec" : 0.020382288879411528
  },
  "4.0 Vaccination for hpv" : {
    "transaction" : "4.0 Vaccination for hpv",
    "sampleCount" : 299,
    "errorCount" : 20,
    "errorPct" : 6.6889634,
    "meanResTime" : 2764.13043478261,
    "medianResTime" : 2685.0,
    "minResTime" : 588.0,
    "maxResTime" : 5369.0,
    "pct1ResTime" : 3177.0,
    "pct2ResTime" : 3470.0,
    "pct3ResTime" : 4139.0,
    "throughput" : 0.1235376386957896,
    "receivedKBytesPerSec" : 6.081568121040029,
    "sentKBytesPerSec" : 0.7123745869597552
  },
  "1.2 Sign-in page" : {
    "transaction" : "1.2 Sign-in page",
    "sampleCount" : 72,
    "errorCount" : 0,
    "errorPct" : 0.0,
    "meanResTime" : 159.48611111111114,
    "medianResTime" : 157.0,
    "minResTime" : 154.0,
    "maxResTime" : 180.0,
    "pct1ResTime" : 169.7,
    "pct2ResTime" : 173.35,
    "pct3ResTime" : 180.0,
    "throughput" : 0.03523271945213121,
    "receivedKBytesPerSec" : 0.21232530443271652,
    "sentKBytesPerSec" : 0.021279744428214557
  },
  "5.9 Patient home page" : {
    "transaction" : "5.9 Patient home page",
    "sampleCount" : 26,
    "errorCount" : 0,
    "errorPct" : 0.0,
    "meanResTime" : 487.2692307692307,
    "medianResTime" : 435.5,
    "minResTime" : 407.0,
    "maxResTime" : 1009.0,
    "pct1ResTime" : 663.3000000000004,
    "pct2ResTime" : 1005.85,
    "pct3ResTime" : 1009.0,
    "throughput" : 0.009250874830326501,
    "receivedKBytesPerSec" : 0.22700293114858505,
    "sentKBytesPerSec" : 0.006906536921664659
  },
  "2.4 Patient attending session" : {
    "transaction" : "2.4 Patient attending session",
    "sampleCount" : 553,
    "errorCount" : 119,
    "errorPct" : 21.518988,
    "meanResTime" : 1742.802893309224,
    "medianResTime" : 1492.0,
    "minResTime" : 489.0,
    "maxResTime" : 10423.0,
    "pct1ResTime" : 2640.8,
    "pct2ResTime" : 3267.199999999998,
    "pct3ResTime" : 5477.940000000009,
    "throughput" : 0.23040236251999355,
    "receivedKBytesPerSec" : 9.241339108660545,
    "sentKBytesPerSec" : 0.3235289051325564
  },
  "6.1 Logout" : {
    "transaction" : "6.1 Logout",
    "sampleCount" : 2,
    "errorCount" : 0,
    "errorPct" : 0.0,
    "meanResTime" : 474.5,
    "medianResTime" : 474.5,
    "minResTime" : 471.0,
    "maxResTime" : 478.0,
    "pct1ResTime" : 478.0,
    "pct2ResTime" : 478.0,
    "pct3ResTime" : 478.0,
    "throughput" : 0.00791875358818522,
    "receivedKBytesPerSec" : 0.04966233939777879,
    "sentKBytesPerSec" : 0.016742286639083007
  },
  "5.4 Consent route" : {
    "transaction" : "5.4 Consent route",
    "sampleCount" : 26,
    "errorCount" : 0,
    "errorPct" : 0.0,
    "meanResTime" : 623.5769230769229,
    "medianResTime" : 564.5,
    "minResTime" : 535.0,
    "maxResTime" : 1511.0,
    "pct1ResTime" : 792.9000000000001,
    "pct2ResTime" : 1282.4499999999991,
    "pct3ResTime" : 1511.0,
    "throughput" : 0.00921713223819622,
    "receivedKBytesPerSec" : 0.1048209916597361,
    "sentKBytesPerSec" : 0.01465068431446161
  },
  "1.1 Homepage" : {
    "transaction" : "1.1 Homepage",
    "sampleCount" : 72,
    "errorCount" : 0,
    "errorPct" : 0.0,
    "meanResTime" : 467.7499999999999,
    "medianResTime" : 467.5,
    "minResTime" : 153.0,
    "maxResTime" : 716.0,
    "pct1ResTime" : 505.4,
    "pct2ResTime" : 531.8,
    "pct3ResTime" : 716.0,
    "throughput" : 0.03523121955802435,
    "receivedKBytesPerSec" : 0.1818330032853112,
    "sentKBytesPerSec" : 0.019197306512099478
  },