{
  "7.3 Safe to vaccinate" : {
    "transaction" : "7.3 Safe to vaccinate",
    "sampleCount" : 26,
    "errorCount" : 0,
    "errorPct" : 0.0,
    "meanResTime" : 128.1153846153846,
    "medianResTime" : 105.5,
    "minResTime" : 83.0,
    "maxResTime" : 286.0,
    "pct1ResTime" : 209.80000000000007,
    "pct2ResTime" : 277.95,
    "pct3ResTime" : 286.0,
    "throughput" : 0.007736004674927133,
    "receivedKBytesPerSec" : 3.3133141819487473,
    "sentKBytesPerSec" : 0.0570829626807696
  },
  "2.0 Register attendance" : {
    "transaction" : "2.0 Register attendance",
    "sampleCount" : 1621,
    "errorCount" : 13,
    "errorPct" : 0.8019741,
    "meanResTime" : 1313.374460209749,
    "medianResTime" : 1168.0,
    "minResTime" : 391.0,
    "maxResTime" : 8213.0,
    "pct1ResTime" : 1935.6,
    "pct2ResTime" : 2288.799999999997,
    "pct3ResTime" : 3892.039999999994,
    "throughput" : 0.45384156869596287,
    "receivedKBytesPerSec" : 942.1278216316891,
    "sentKBytesPerSec" : 16.550048776244626
  },
  "2.5 Select patient" : {
    "transaction" : "2.5 Select patient",
    "sampleCount" : 1615,
    "errorCount" : 0,
    "errorPct" : 0.0,
    "meanResTime" : 125.11145510835912,
    "medianResTime" : 87.0,
    "minResTime" : 54.0,
    "maxResTime" : 5286.0,
    "pct1ResTime" : 180.4000000000001,
    "pct2ResTime" : 284.39999999999964,
    "pct3ResTime" : 622.5599999999993,
    "throughput" : 0.4540868945180043,
    "receivedKBytesPerSec" : 191.4053257688619,
    "sentKBytesPerSec" : 3.2503078398102336
  },
  "7.1 Full name search" : {
    "transaction" : "7.1 Full name search",
    "sampleCount" : 26,
    "errorCount" : 0,
    "errorPct" : 0.0,
    "meanResTime" : 1214.6153846153845,
    "medianResTime" : 669.0,
    "minResTime" : 445.0,
    "maxResTime" : 4791.0,
    "pct1ResTime" : 4539.400000000001,
    "pct2ResTime" : 4788.2,
    "pct3ResTime" : 4791.0,
    "throughput" : 0.007609258711869566,
    "receivedKBytesPerSec" : 3.2721461552939957,
    "sentKBytesPerSec" : 0.05574359331511989
  },
  "2.3 Search by first/last name" : {
    "transaction" : "2.3 Search by first/last name",
    "sampleCount" : 1627,
    "errorCount" : 0,
    "errorPct" : 0.0,
    "meanResTime" : 123.76152427781186,
    "medianResTime" : 87.0,
    "minResTime" : 57.0,
    "maxResTime" : 4119.0,
    "pct1ResTime" : 170.20000000000005,
    "pct2ResTime" : 263.5999999999999,
    "pct3ResTime" : 693.44,
    "throughput" : 0.45521809479336256,
    "receivedKBytesPerSec" : 193.6693909032554,
    "sentKBytesPerSec" : 3.379664999649563
  },
  "4.0 Vaccination for flu" : {
    "transaction" : "4.0 Vaccination for flu",
    "sampleCount" : 418,
    "errorCount" : 0,
    "errorPct" : 0.0,
    "meanResTime" : 1117.4904306220092,
    "medianResTime" : 973.0,
    "minResTime" : 204.0,
    "maxResTime" : 8270.0,
    "pct1ResTime" : 1601.5,
    "pct2ResTime" : 1968.3499999999997,
    "pct3ResTime" : 4170.620000000003,
    "throughput" : 0.11902931310404528,
    "receivedKBytesPerSec" : 146.52697346303046,
    "sentKBytesPerSec" : 3.3452406027709913
  },
  "4.0 Vaccination for hpv" : {
    "transaction" : "4.0 Vaccination for hpv",
    "sampleCount" : 403,
    "errorCount" : 0,
    "errorPct" : 0.0,
    "meanResTime" : 1123.7866004962777,
    "medianResTime" : 950.0,
    "minResTime" : 212.0,
    "maxResTime" : 5135.0,
    "pct1ResTime" : 1757.2000000000003,
    "pct2ResTime" : 2126.999999999999,
    "pct3ResTime" : 3643.8399999999965,
    "throughput" : 0.11592945505676804,
    "receivedKBytesPerSec" : 142.92069941635415,
    "sentKBytesPerSec" : 3.27160146410919
  },
  "7.6 First name search" : {
    "transaction" : "7.6 First name search",
    "sampleCount" : 26,
    "errorCount" : 0,
    "errorPct" : 0.0,
    "meanResTime" : 2771.2307692307686,
    "medianResTime" : 1659.0,
    "minResTime" : 726.0,
    "maxResTime" : 16320.0,
    "pct1ResTime" : 6111.400000000001,
    "pct2ResTime" : 12903.299999999987,
    "pct3ResTime" : 16320.0,
    "throughput" : 0.0077365249077419405,
    "receivedKBytesPerSec" : 3.997360192161145,
    "sentKBytesPerSec" : 0.0566201225115914
  },
  "1.2 Sign-in page" : {
    "transaction" : "1.2 Sign-in page",
    "sampleCount" : 1660,
    "errorCount" : 0,
    "errorPct" : 0.0,
    "meanResTime" : 172.3246987951807,
    "medianResTime" : 103.5,
    "minResTime" : 13.0,
    "maxResTime" : 5615.0,
    "pct1ResTime" : 271.9000000000001,
    "pct2ResTime" : 421.6499999999987,
    "pct3ResTime" : 1205.3399999999865,
    "throughput" : 0.46201756390384807,
    "receivedKBytesPerSec" : 193.54497731417223,
    "sentKBytesPerSec" : 3.8887226652944373
  },
  "2.4 Patient attending session" : {
    "transaction" : "2.4 Patient attending session",
    "sampleCount" : 1411,
    "errorCount" : 13,
    "errorPct" : 0.92133236,
    "meanResTime" : 629.4216867469886,
    "medianResTime" : 532.0,
    "minResTime" : 102.0,
    "maxResTime" : 6502.0,
    "pct1ResTime" : 951.1999999999998,
    "pct2ResTime" : 1138.1999999999996,
    "pct3ResTime" : 1698.5599999999986,
    "throughput" : 0.39576733704960076,
    "receivedKBytesPerSec" : 168.79139464090073,
    "sentKBytesPerSec" : 3.443035917463577
  },
  "Check STS status" : {
    "transaction" : "Check STS status",
    "sampleCount" : 1,
    "errorCount" : 0,
    "errorPct" : 0.0,
    "meanResTime" : 22.0,
    "medianResTime" : 22.0,
    "minResTime" : 22.0,
    "maxResTime" : 22.0,
    "pct1ResTime" : 22.0,
    "pct2ResTime" : 22.0,
    "pct3ResTime" : 22.0,
    "throughput" : 45.45454545454545,
    "receivedKBytesPerSec" : 14.24893465909091,
    "sentKBytesPerSec" : 26.811079545454547
  },
  "1.1 Homepage" : {
    "transaction" : "1.1 Homepage",
    "sampleCount" : 1663,
    "errorCount" : 0,
    "errorPct" : 0.0,
    "meanResTime" : 159.5634395670474,
    "medianResTime" : 107.0,
    "minResTime" : 27.0,
    "maxResTime" : 4600.0,
    "pct1ResTime" : 253.0,
    "pct2ResTime" : 408.7999999999997,
    "pct3ResTime" : 836.3999999999985,
    "throughput" : 0.4620971932388762,
    "receivedKBytesPerSec" : 193.3809212932539,
    "sentKBytesPerSec" : 3.8810694216456274
  },
  "1.3 Sign-in" : {
    "transaction" : "1.3 Sign-in",
    "sampleCount" : 1659,
    "errorCount" : 0,
    "errorPct" : 0.0,
    "meanResTime" : 182.12778782399067,
    "medianResTime" : 109.0,
    "minResTime" : 63.0,
    "maxResTime" : 5055.0,
    "pct1ResTime" : 316.0,
    "pct2ResTime" : 455.0,
    "pct3ResTime" : 1149.6000000000022,
    "throughput" : 0.4620256161037789,
    "receivedKBytesPerSec" : 193.7578705164682,
    "sentKBytesPerSec" : 4.047373454257654
  },
  "Run some searches" : {
    "transaction" : "Run some searches",
    "sampleCount" : 26,
    "errorCount" : 1,
    "errorPct" : 3.8461537,
    "meanResTime" : 14471.615384615388,
    "medianResTime" : 10255.0,
    "minResTime" : 7456.0,
    "maxResTime" : 69861.0,
    "pct1ResTime" : 23541.200000000004,
    "pct2ResTime" : 54950.99999999994,
    "pct3ResTime" : 69861.0,
    "throughput" : 0.007573883966349816,
    "receivedKBytesPerSec" : 29.81184221454978,
    "sentKBytesPerSec" : 0.44384171909760667
  },
  "4.0 Vaccination for td_ipv" : {
    "transaction" : "4.0 Vaccination for td_ipv",
    "sampleCount" : 385,
    "errorCount" : 0,
    "errorPct" : 0.0,
    "meanResTime" : 1173.4805194805192,
    "medianResTime" : 994.0,
    "minResTime" : 202.0,
    "maxResTime" : 5874.0,
    "pct1ResTime" : 1730.6000000000004,
    "pct2ResTime" : 2192.5999999999995,
    "pct3ResTime" : 4674.119999999995,
    "throughput" : 0.11162500492889632,
    "receivedKBytesPerSec" : 138.32599377784828,
    "sentKBytesPerSec" : 3.1501485835729164
  },
  "2.1 Open session" : {
    "transaction" : "2.1 Open session",
    "sampleCount" : 1630,
    "errorCount" : 0,
    "errorPct" : 0.0,
    "meanResTime" : 374.7552147239265,
    "medianResTime" : 284.5,
    "minResTime" : 102.0,
    "maxResTime" : 3959.0,
    "pct1ResTime" : 688.7000000000003,
    "pct2ResTime" : 864.8999999999996,
    "pct3ResTime" : 1413.2900000000022,