{
  "7.3 Safe to vaccinate" : {
    "transaction" : "7.3 Safe to vaccinate",
    "sampleCount" : 27,
    "errorCount" : 0,
    "errorPct" : 0.0,
    "meanResTime" : 201.66666666666666,
    "medianResTime" : 104.0,
    "minResTime" : 88.0,
    "maxResTime" : 2466.0,
    "pct1ResTime" : 238.6,
    "pct2ResTime" : 1582.3999999999953,
    "pct3ResTime" : 2466.0,
    "throughput" : 0.007837745887505704,
    "receivedKBytesPerSec" : 3.368110560132493,
    "sentKBytesPerSec" : 0.03445115676420693
  },
  "2.0 Register attendance" : {
    "transaction" : "2.0 Register attendance",
    "sampleCount" : 1615,
    "errorCount" : 18,
    "errorPct" : 1.1145511,
    "meanResTime" : 1354.0241486068112,
    "medianResTime" : 1254.0,
    "minResTime" : 346.0,
    "maxResTime" : 4685.0,
    "pct1ResTime" : 1958.4000000000005,
    "pct2ResTime" : 2304.7999999999993,
    "pct3ResTime" : 2925.5199999999995,
    "throughput" : 0.4535248003648418,
    "receivedKBytesPerSec" : 985.9033779739046,
    "sentKBytesPerSec" : 9.800943912970556
  },
  "2.5 Select patient" : {
    "transaction" : "2.5 Select patient",
    "sampleCount" : 1612,
    "errorCount" : 0,
    "errorPct" : 0.0,
    "meanResTime" : 107.91811414392086,
    "medianResTime" : 85.0,
    "minResTime" : 58.0,
    "maxResTime" : 1343.0,
    "pct1ResTime" : 162.70000000000005,
    "pct2ResTime" : 246.69999999999982,
    "pct3ResTime" : 504.8699999999999,
    "throughput" : 0.4540765766907733,
    "receivedKBytesPerSec" : 191.43465619403267,
    "sentKBytesPerSec" : 1.8955646606488845
  },
  "7.1 Full name search" : {
    "transaction" : "7.1 Full name search",
    "sampleCount" : 27,
    "errorCount" : 0,
    "errorPct" : 0.0,
    "meanResTime" : 732.9629629629628,
    "medianResTime" : 650.0,
    "minResTime" : 299.0,
    "maxResTime" : 1687.0,
    "pct1ResTime" : 1312.6,
    "pct2ResTime" : 1606.9999999999995,
    "pct3ResTime" : 1687.0,
    "throughput" : 0.007782818994690387,
    "receivedKBytesPerSec" : 3.342490493971198,
    "sentKBytesPerSec" : 0.03379958259228406
  },
  "2.3 Search by first/last name" : {
    "transaction" : "2.3 Search by first/last name",
    "sampleCount" : 1620,
    "errorCount" : 0,
    "errorPct" : 0.0,
    "meanResTime" : 104.53641975308658,
    "medianResTime" : 82.0,
    "minResTime" : 58.0,
    "maxResTime" : 1364.0,
    "pct1ResTime" : 153.0,
    "pct2ResTime" : 223.94999999999982,
    "pct3ResTime" : 516.3699999999999,
    "throughput" : 0.4535921982141907,
    "receivedKBytesPerSec" : 192.99740767115057,
    "sentKBytesPerSec" : 1.9678384188041966
  },
  "4.0 Vaccination for flu" : {
    "transaction" : "4.0 Vaccination for flu",
    "sampleCount" : 408,
    "errorCount" : 0,
    "errorPct" : 0.0,
    "meanResTime" : 996.4705882352946,
    "medianResTime" : 863.5,
    "minResTime" : 170.0,
    "maxResTime" : 4687.0,
    "pct1ResTime" : 1448.2000000000007,
    "pct2ResTime" : 1838.4999999999995,
    "pct3ResTime" : 3022.3599999999874,
    "throughput" : 0.11667546975460118,
    "receivedKBytesPerSec" : 143.71283577754264,
    "sentKBytesPerSec" : 1.968121073105475
  },
  "4.0 Vaccination for hpv" : {
    "transaction" : "4.0 Vaccination for hpv",
    "sampleCount" : 406,
    "errorCount" : 0,
    "errorPct" : 0.0,
    "meanResTime" : 964.583743842364,
    "medianResTime" : 862.0,
    "minResTime" : 194.0,
    "maxResTime" : 4691.0,
    "pct1ResTime" : 1325.0,
    "pct2ResTime" : 1571.1999999999998,
    "pct3ResTime" : 2432.0,
    "throughput" : 0.11611555156173986,
    "receivedKBytesPerSec" : 142.90326859781106,
    "sentKBytesPerSec" : 1.9631056352829117
  },
  "7.6 First name search" : {
    "transaction" : "7.6 First name search",
    "sampleCount" : 27,
    "errorCount" : 0,
    "errorPct" : 0.0,
    "meanResTime" : 1739.7037037037035,
    "medianResTime" : 1002.0,
    "minResTime" : 600.0,
    "maxResTime" : 9408.0,
    "pct1ResTime" : 3594.1999999999985,
    "pct2ResTime" : 7749.999999999991,
    "pct3ResTime" : 9408.0,
    "throughput" : 0.00784425151459423,
    "receivedKBytesPerSec" : 4.053112671179,
    "sentKBytesPerSec" : 0.03400565877404227
  },
  "1.2 Sign-in page" : {
    "transaction" : "1.2 Sign-in page",
    "sampleCount" : 1652,
    "errorCount" : 0,
    "errorPct" : 0.0,
    "meanResTime" : 145.49757869249405,
    "medianResTime" : 99.0,
    "minResTime" : 12.0,
    "maxResTime" : 4930.0,
    "pct1ResTime" : 228.70000000000005,
    "pct2ResTime" : 361.0,
    "pct3ResTime" : 881.9400000000028,
    "throughput" : 0.4597679396468303,
    "receivedKBytesPerSec" : 192.6119563938149,
    "sentKBytesPerSec" : 2.2940956561009562
  },
  "2.4 Patient attending session" : {
    "transaction" : "2.4 Patient attending session",
    "sampleCount" : 1496,
    "errorCount" : 18,
    "errorPct" : 1.2032086,
    "meanResTime" : 798.4525401069513,
    "medianResTime" : 688.0,
    "minResTime" : 30.0,
    "maxResTime" : 4045.0,
    "pct1ResTime" : 1203.0,
    "pct2ResTime" : 1452.9999999999973,
    "pct3ResTime" : 2011.6699999999976,
    "throughput" : 0.42055395614488084,
    "receivedKBytesPerSec" : 215.55945113096615,
    "sentKBytesPerSec" : 2.1486366442282203
  },
  "Check STS status" : {
    "transaction" : "Check STS status",
    "sampleCount" : 1,
    "errorCount" : 0,
    "errorPct" : 0.0,
    "meanResTime" : 28.0,
    "medianResTime" : 28.0,
    "minResTime" : 28.0,
    "maxResTime" : 28.0,
    "pct1ResTime" : 28.0,
    "pct2ResTime" : 28.0,
    "pct3ResTime" : 28.0,
    "throughput" : 35.714285714285715,
    "receivedKBytesPerSec" : 11.160714285714285,
    "sentKBytesPerSec" : 21.065848214285715
  },
  "1.1 Homepage" : {
    "transaction" : "1.1 Homepage",
    "sampleCount" : 1655,
    "errorCount" : 0,
    "errorPct" : 0.0,
    "meanResTime" : 147.17583081570984,
    "medianResTime" : 104.0,
    "minResTime" : 23.0,
    "maxResTime" : 4977.0,
    "pct1ResTime" : 218.0,
    "pct2ResTime" : 328.1999999999989,
    "pct3ResTime" : 871.7200000000007,
    "throughput" : 0.4597438046397178,
    "receivedKBytesPerSec" : 192.40131407384123,
    "sentKBytesPerSec" : 2.2855424063657432
  },
  "1.3 Sign-in" : {
    "transaction" : "1.3 Sign-in",
    "sampleCount" : 1650,
    "errorCount" : 0,
    "errorPct" : 0.0,
    "meanResTime" : 167.04969696969687,
    "medianResTime" : 105.0,
    "minResTime" : 65.0,
    "maxResTime" : 5305.0,
    "pct1ResTime" : 320.9000000000001,
    "pct2ResTime" : 451.34999999999945,
    "pct3ResTime" : 899.3100000000002,
    "throughput" : 0.45926487558932033,
    "receivedKBytesPerSec" : 192.59859523139016,
    "sentKBytesPerSec" : 2.4041428962300757
  },
  "Run some searches" : {
    "transaction" : "Run some searches",
    "sampleCount" : 27,
    "errorCount" : 0,
    "errorPct" : 0.0,
    "meanResTime" : 10913.592592592593,
    "medianResTime" : 8303.0,
    "minResTime" : 6587.0,
    "maxResTime" : 52492.0,
    "pct1ResTime" : 15174.0,
    "pct2ResTime" : 37612.799999999916,
    "pct3ResTime" : 52492.0,
    "throughput" : 0.007762961702147235,
    "receivedKBytesPerSec" : 30.966145654383887,
    "sentKBytesPerSec" : 0.2714108076851308
  },
  "4.0 Vaccination for td_ipv" : {
    "transaction" : "4.0 Vaccination for td_ipv",
    "sampleCount" : 388,
    "errorCount" : 0,
    "errorPct" : 0.0,
    "meanResTime" : 982.7268041237114,
    "medianResTime" : 876.0,
    "minResTime" : 167.0,
    "maxResTime" : 3659.0,
    "pct1ResTime" : 1420.2,
    "pct2ResTime" : 1779.8999999999992,
    "pct3ResTime" : 2704.6500000000015,
    "throughput" : 0.11190908828704103,
    "receivedKBytesPerSec" : 138.05842328603157,
    "sentKBytesPerSec" : 1.8868688213853078
  },
  "2.1 Open session" : {
    "transaction" : "2.1 Open session",
    "sampleCount" : 1620,
    "errorCount" : 0,
    "errorPct" : 0.0,
    "meanResTime" : 282.9308641975309,
    "medianResTime" : 221.0,
    "minResTime" : 78.0,
    "maxResTime" : 1853.0,
    "pct1ResTime" : 492.60000000000036,
    "pct2ResTime" : 651.8499999999995,
    "pct3ResTime" : 1249.79,
    "throughput" : 0.4534137013783776,