{
  "2.0 Register attendance" : {
    "transaction" : "2.0 Register attendance",
    "sampleCount" : 1619,
    "errorCount" : 11,
    "errorPct" : 0.67943174,
    "meanResTime" : 962.2532427424337,
    "medianResTime" : 926.0,
    "minResTime" : 302.0,
    "maxResTime" : 2078.0,
    "pct1ResTime" : 1250.0,
    "pct2ResTime" : 1376.0,
    "pct3ResTime" : 1647.0,
    "throughput" : 0.45303884409335565,
    "receivedKBytesPerSec" : 71.4809064104192,
    "sentKBytesPerSec" : 16.988632011223835
  },
  "2.5 Select patient" : {
    "transaction" : "2.5 Select patient",
    "sampleCount" : 1610,
    "errorCount" : 0,
    "errorPct" : 0.0,
    "meanResTime" : 112.73105590062103,
    "medianResTime" : 90.0,
    "minResTime" : 58.0,
    "maxResTime" : 913.0,
    "pct1ResTime" : 177.9000000000001,
    "pct2ResTime" : 236.89999999999964,
    "pct3ResTime" : 463.3699999999958,
    "throughput" : 0.4536886720701645,
    "receivedKBytesPerSec" : 11.835333821958617,
    "sentKBytesPerSec" : 3.2718335493931705
  },
  "7.1 Full name search" : {
    "transaction" : "7.1 Full name search",
    "sampleCount" : 159,
    "errorCount" : 0,
    "errorPct" : 0.0,
    "meanResTime" : 1780.5094339622642,
    "medianResTime" : 566.0,
    "minResTime" : 182.0,
    "maxResTime" : 12882.0,
    "pct1ResTime" : 5465.0,
    "pct2ResTime" : 8752.0,
    "pct3ResTime" : 12083.400000000007,
    "throughput" : 0.04876558658559924,
    "receivedKBytesPerSec" : 1.8906899177494774,
    "sentKBytesPerSec" : 0.3598792225554026
  },
  "2.3 Search by first/last name" : {
    "transaction" : "2.3 Search by first/last name",
    "sampleCount" : 1624,
    "errorCount" : 1,
    "errorPct" : 0.061576355,
    "meanResTime" : 100.93596059113325,
    "medianResTime" : 86.0,
    "minResTime" : 0.0,
    "maxResTime" : 1095.0,
    "pct1ResTime" : 144.5,
    "pct2ResTime" : 183.75,
    "pct3ResTime" : 297.75,
    "throughput" : 0.4547645123504689,
    "receivedKBytesPerSec" : 14.280416126505461,
    "sentKBytesPerSec" : 3.3986078901152843
  },
  "4.0 Vaccination for flu" : {
    "transaction" : "4.0 Vaccination for flu",
    "sampleCount" : 408,
    "errorCount" : 0,
    "errorPct" : 0.0,
    "meanResTime" : 776.7058823529406,
    "medianResTime" : 718.5,
    "minResTime" : 190.0,
    "maxResTime" : 2274.0,
    "pct1ResTime" : 1035.4,
    "pct2ResTime" : 1152.3999999999996,
    "pct3ResTime" : 1603.0099999999966,
    "throughput" : 0.11690226197281163,
    "receivedKBytesPerSec" : 6.123999725025394,
    "sentKBytesPerSec" : 3.3113818132099557
  },
  "4.0 Vaccination for hpv" : {
    "transaction" : "4.0 Vaccination for hpv",
    "sampleCount" : 405,
    "errorCount" : 0,
    "errorPct" : 0.0,
    "meanResTime" : 763.2246913580248,
    "medianResTime" : 718.0,
    "minResTime" : 164.0,
    "maxResTime" : 1469.0,
    "pct1ResTime" : 1013.0000000000002,
    "pct2ResTime" : 1112.8999999999999,
    "pct3ResTime" : 1313.82,
    "throughput" : 0.11612943184320634,
    "receivedKBytesPerSec" : 5.667556743654028,
    "sentKBytesPerSec" : 3.2979840181528943
  },
  "1.2 Sign-in page" : {
    "transaction" : "1.2 Sign-in page",
    "sampleCount" : 3221,
    "errorCount" : 0,
    "errorPct" : 0.0,
    "meanResTime" : 943.3511331884506,
    "medianResTime" : 202.0,
    "minResTime" : 13.0,
    "maxResTime" : 12150.0,
    "pct1ResTime" : 2748.6000000000004,
    "pct2ResTime" : 5554.799999999999,
    "pct3ResTime" : 6389.0,
    "throughput" : 0.896162803929539,
    "receivedKBytesPerSec" : 61.58068420072071,
    "sentKBytesPerSec" : 7.77658886573361
  },
  "7.2 First name search" : {
    "transaction" : "7.2 First name search",
    "sampleCount" : 170,
    "errorCount" : 0,
    "errorPct" : 0.0,
    "meanResTime" : 1468.411764705882,
    "medianResTime" : 760.0,
    "minResTime" : 297.0,
    "maxResTime" : 7613.0,
    "pct1ResTime" : 3441.4,
    "pct2ResTime" : 4331.599999999999,
    "pct3ResTime" : 6748.92999999999,
    "throughput" : 0.050116210648456595,
    "receivedKBytesPerSec" : 6.756551902263956,
    "sentKBytesPerSec" : 0.369463395506669
  },
  "7.7 Due vaccination search" : {
    "transaction" : "7.7 Due vaccination search",
    "sampleCount" : 164,
    "errorCount" : 0,
    "errorPct" : 0.0,
    "meanResTime" : 695.3048780487804,
    "medianResTime" : 657.5,
    "minResTime" : 570.0,
    "maxResTime" : 2481.0,
    "pct1ResTime" : 817.5,
    "pct2ResTime" : 923.25,
    "pct3ResTime" : 1580.7499999999923,
    "throughput" : 0.04937184859339905,
    "receivedKBytesPerSec" : 6.612496193626154,
    "sentKBytesPerSec" : 0.3739790526385189
  },
  "2.4 Patient attending session" : {
    "transaction" : "2.4 Patient attending session",
    "sampleCount" : 1555,
    "errorCount" : 11,
    "errorPct" : 0.7073955,
    "meanResTime" : 387.96720257234693,
    "medianResTime" : 349.0,
    "minResTime" : 21.0,
    "maxResTime" : 1119.0,
    "pct1ResTime" : 533.4000000000001,
    "pct2ResTime" : 645.9999999999991,
    "pct3ResTime" : 910.7600000000002,
    "throughput" : 0.436709552199991,
    "receivedKBytesPerSec" : 14.17848408039219,
    "sentKBytesPerSec" : 3.828675856529959
  },
  "Check STS status" : {
    "transaction" : "Check STS status",
    "sampleCount" : 1,
    "errorCount" : 0,
    "errorPct" : 0.0,
    "meanResTime" : 30.0,
    "medianResTime" : 30.0,
    "minResTime" : 30.0,
    "maxResTime" : 30.0,
    "pct1ResTime" : 30.0,
    "pct2ResTime" : 30.0,
    "pct3ResTime" : 30.0,
    "throughput" : 33.333333333333336,
    "receivedKBytesPerSec" : 10.44921875,
    "sentKBytesPerSec" : 19.661458333333336
  },
  "1.1 Homepage" : {
    "transaction" : "1.1 Homepage",
    "sampleCount" : 3224,
    "errorCount" : 0,
    "errorPct" : 0.0,
    "meanResTime" : 944.6408188585611,
    "medianResTime" : 208.5,
    "minResTime" : 30.0,
    "maxResTime" : 9447.0,
    "pct1ResTime" : 2717.5,
    "pct2ResTime" : 5592.75,
    "pct3ResTime" : 6356.5,
    "throughput" : 0.89577352711382,
    "receivedKBytesPerSec" : 71.96761655796314,
    "sentKBytesPerSec" : 7.7601188185826615
  },
  "1.3 Sign-in" : {
    "transaction" : "1.3 Sign-in",
    "sampleCount" : 3218,
    "errorCount" : 0,
    "errorPct" : 0.0,
    "meanResTime" : 950.9711000621501,
    "medianResTime" : 239.0,
    "minResTime" : 61.0,
    "maxResTime" : 13764.0,
    "pct1ResTime" : 2701.2,
    "pct2ResTime" : 5528.049999999999,
    "pct3ResTime" : 6335.049999999999,
    "throughput" : 0.8960421279023565,
    "receivedKBytesPerSec" : 61.80353033776444,
    "sentKBytesPerSec" : 8.026897859707452
  },
  "Run some searches" : {
    "transaction" : "Run some searches",
    "sampleCount" : 1575,
    "errorCount" : 1,
    "errorPct" : 0.06349207,
    "meanResTime" : 1931.1161904761886,
    "medianResTime" : 917.0,
    "minResTime" : 0.0,
    "maxResTime" : 60000.0,
    "pct1ResTime" : 5603.000000000001,
    "pct2ResTime" : 5985.199999999998,
    "pct3ResTime" : 8142.560000000003,
    "throughput" : 0.4410440338363382,
    "receivedKBytesPerSec" : 52.22526967873722,
    "sentKBytesPerSec" : 3.2970073372750535
  },
  "4.0 Vaccination for td_ipv" : {
    "transaction" : "4.0 Vaccination for td_ipv",
    "sampleCount" : 388,
    "errorCount" : 1,
    "errorPct" : 0.25773194,
    "meanResTime" : 773.0824742268037,
    "medianResTime" : 724.0,
    "minResTime" : 67.0,
    "maxResTime" : 1664.0,
    "pct1ResTime" : 1037.1,
    "pct2ResTime" : 1110.6499999999999,
    "pct3ResTime" : 1436.4300000000003,
    "throughput" : 0.112474787384967,
    "receivedKBytesPerSec" : 5.574700371007363,
    "sentKBytesPerSec" : 3.1924201582104277
  },
  "2.1 Open session" : {
    "transaction" : "2.1 Open session",
    "sampleCount" : 1628,
    "errorCount" : 0,
    "errorPct" : 0.0,
    "meanResTime" : 255.4717444717444,
    "medianResTime" : 225.0,
    "minResTime" : 91.0,
    "maxResTime" : 1018.0,
    "pct1ResTime" : 395.10000000000014,
    "pct2ResTime" : 476.54999999999995,
    "pct3ResTime" : 670.9700000000003,
    "throughput" : 0.4547760423533934,
    "receivedKBytesPerSec" : 10.15366888232642,