{
  "1.4 Select Organisations-0" : {
    "transaction" : "1.4 Select Organisations-0",
    "sampleCount" : 70,
    "errorCount" : 0,
    "errorPct" : 0.0,
    "meanResTime" : 291.8285714285714,
    "medianResTime" : 108.0,
    "minResTime" : 102.0,
    "maxResTime" : 4853.0,
    "pct1ResTime" : 129.9,
    "pct2ResTime" : 2675.4500000000007,
    "pct3ResTime" : 4853.0,
    "throughput" : 0.07902461052156243,
    "receivedKBytesPerSec" : 0.057339146110860245,
    "sentKBytesPerSec" : 0.06312708145179499
  },
  "1.4 Select Organisations-1" : {
    "transaction" : "1.4 Select Organisations-1",
    "sampleCount" : 70,
    "errorCount" : 0,
    "errorPct" : 0.0,
    "meanResTime" : 327.0142857142858,
    "medianResTime" : 122.0,
    "minResTime" : 115.0,
    "maxResTime" : 4681.0,
    "pct1ResTime" : 183.7,
    "pct2ResTime" : 2295.2000000000025,
    "pct3ResTime" : 4681.0,
    "throughput" : 0.07902398603759059,
    "receivedKBytesPerSec" : 1.077936559544009,
    "sentKBytesPerSec" : 0.05108777222352047
  },
  "2.0 Register attendance" : {
    "transaction" : "2.0 Register attendance",
    "sampleCount" : 1000,
    "errorCount" : 0,
    "errorPct" : 0.0,
    "meanResTime" : 9443.749999999995,
    "medianResTime" : 7637.5,
    "minResTime" : 3624.0,
    "maxResTime" : 41665.0,
    "pct1ResTime" : 17287.899999999998,
    "pct2ResTime" : 21072.55,
    "pct3ResTime" : 30494.97,
    "throughput" : 0.30397077017074037,
    "receivedKBytesPerSec" : 59.58275333493931,
    "sentKBytesPerSec" : 1.3203721423897878
  },
  "1.3 Sign-in-1" : {
    "transaction" : "1.3 Sign-in-1",
    "sampleCount" : 70,
    "errorCount" : 0,
    "errorPct" : 0.0,
    "meanResTime" : 187.08571428571426,
    "medianResTime" : 114.0,
    "minResTime" : 109.0,
    "maxResTime" : 4033.0,
    "pct1ResTime" : 143.39999999999998,
    "pct2ResTime" : 360.35000000000093,
    "pct3ResTime" : 4033.0,
    "throughput" : 0.07895000998153698,
    "receivedKBytesPerSec" : 0.7100874921190973,
    "sentKBytesPerSec" : 0.05211934252687402
  },
  "1.3 Sign-in-0" : {
    "transaction" : "1.3 Sign-in-0",
    "sampleCount" : 70,
    "errorCount" : 0,
    "errorPct" : 0.0,
    "meanResTime" : 489.68571428571425,
    "medianResTime" : 361.0,
    "minResTime" : 328.0,
    "maxResTime" : 6451.0,
    "pct1ResTime" : 520.5,
    "pct2ResTime" : 614.4000000000001,
    "pct3ResTime" : 6451.0,
    "throughput" : 0.07892837813458417,
    "receivedKBytesPerSec" : 0.05603606533578387,
    "sentKBytesPerSec" : 0.07206839214437127
  },
  "1.4 Select Organisations" : {
    "transaction" : "1.4 Select Organisations",
    "sampleCount" : 70,
    "errorCount" : 0,
    "errorPct" : 0.0,
    "meanResTime" : 619.0571428571429,
    "medianResTime" : 233.0,
    "minResTime" : 221.0,
    "maxResTime" : 6656.0,
    "pct1ResTime" : 1915.9999999999993,
    "pct2ResTime" : 3848.600000000005,
    "pct3ResTime" : 6656.0,
    "throughput" : 0.07901426320328339,
    "receivedKBytesPerSec" : 1.1351355722495133,
    "sentKBytesPerSec" : 0.11420030228599551
  },
  "2.4 Patient attending session-1" : {
    "transaction" : "2.4 Patient attending session-1",
    "sampleCount" : 988,
    "errorCount" : 0,
    "errorPct" : 0.0,
    "meanResTime" : 1125.465587044534,
    "medianResTime" : 403.0,
    "minResTime" : 306.0,
    "maxResTime" : 23517.0,
    "pct1ResTime" : 2977.5000000000005,
    "pct2ResTime" : 5874.149999999999,
    "pct3ResTime" : 10895.060000000003,
    "throughput" : 0.3005581925379432,
    "receivedKBytesPerSec" : 14.624647132171377,
    "sentKBytesPerSec" : 0.20076348017182924
  },
  "2.4 Patient attending session-0" : {
    "transaction" : "2.4 Patient attending session-0",
    "sampleCount" : 988,
    "errorCount" : 0,
    "errorPct" : 0.0,
    "meanResTime" : 845.3815789473687,
    "medianResTime" : 223.0,
    "minResTime" : 175.0,
    "maxResTime" : 21167.0,
    "pct1ResTime" : 2130.1000000000017,
    "pct2ResTime" : 5058.749999999995,
    "pct3ResTime" : 9643.820000000012,
    "throughput" : 0.30057739457202254,
    "receivedKBytesPerSec" : 0.22337980313473624,
    "sentKBytesPerSec" : 0.24598032876108872
  },
  "2.3 Search by first/last name" : {
    "transaction" : "2.3 Search by first/last name",
    "sampleCount" : 1000,
    "errorCount" : 0,
    "errorPct" : 0.0,
    "meanResTime" : 866.8430000000006,
    "medianResTime" : 409.0,
    "minResTime" : 302.0,
    "maxResTime" : 14272.0,
    "pct1ResTime" : 1277.299999999998,
    "pct2ResTime" : 3791.349999999999,
    "pct3ResTime" : 9361.480000000007,
    "throughput" : 0.30388865033629836,
    "receivedKBytesPerSec" : 16.86790754753806,
    "sentKBytesPerSec" : 0.26211019300651933
  },
  "1.2 Sign-in page" : {
    "transaction" : "1.2 Sign-in page",
    "sampleCount" : 70,
    "errorCount" : 0,
    "errorPct" : 0.0,
    "meanResTime" : 174.4,
    "medianResTime" : 103.0,
    "minResTime" : 98.0,
    "maxResTime" : 3348.0,
    "pct1ResTime" : 111.9,
    "pct2ResTime" : 126.25000000000001,
    "pct3ResTime" : 3348.0,
    "throughput" : 0.0788243017574441,
    "receivedKBytesPerSec" : 0.47502418568865973,
    "sentKBytesPerSec" : 0.047494720883147476
  },
  "3.0 Nurse triage" : {
    "transaction" : "3.0 Nurse triage",
    "sampleCount" : 987,
    "errorCount" : 0,
    "errorPct" : 0.0,
    "meanResTime" : 2636.2380952381013,
    "medianResTime" : 1242.0,
    "minResTime" : 764.0,
    "maxResTime" : 21496.0,
    "pct1ResTime" : 6672.200000000001,
    "pct2ResTime" : 9175.0,
    "pct3ResTime" : 17034.68,
    "throughput" : 0.3011828521680435,
    "receivedKBytesPerSec" : 33.906138286565564,
    "sentKBytesPerSec" : 0.9045453593161775
  },
  "4.2 Vaccination batch-2" : {
    "transaction" : "4.2 Vaccination batch-2",
    "sampleCount" : 987,
    "errorCount" : 0,
    "errorPct" : 0.0,
    "meanResTime" : 0.32624113475177346,
    "medianResTime" : 0.0,
    "minResTime" : 0.0,
    "maxResTime" : 6.0,
    "pct1ResTime" : 1.0,
    "pct2ResTime" : 1.0,
    "pct3ResTime" : 1.0,
    "throughput" : 0.3019129719799067,
    "receivedKBytesPerSec" : 1.5071954108769425,
    "sentKBytesPerSec" : 0.0
  },
  "2.4 Patient attending session" : {
    "transaction" : "2.4 Patient attending session",
    "sampleCount" : 988,
    "errorCount" : 0,
    "errorPct" : 0.0,
    "meanResTime" : 1970.939271255063,
    "medianResTime" : 669.0,
    "minResTime" : 503.0,
    "maxResTime" : 23771.0,
    "pct1ResTime" : 6065.100000000001,
    "pct2ResTime" : 8346.2,
    "pct3ResTime" : 15087.440000000002,
    "throughput" : 0.3005387186951509,
    "receivedKBytesPerSec" : 14.847050628739623,
    "sentKBytesPerSec" : 0.44669915024806617
  },
  "4.2 Vaccination batch-0" : {
    "transaction" : "4.2 Vaccination batch-0",
    "sampleCount" : 987,
    "errorCount" : 0,
    "errorPct" : 0.0,
    "meanResTime" : 336.9311043566364,
    "medianResTime" : 123.0,
    "minResTime" : 112.0,
    "maxResTime" : 6518.0,
    "pct1ResTime" : 316.20000000000005,
    "pct2ResTime" : 1810.5999999999963,
    "pct3ResTime" : 4827.08,
    "throughput" : 0.30190133607399794,
    "receivedKBytesPerSec" : 0.22583635100847893,
    "sentKBytesPerSec" : 0.27123948162898254
  },
  "4.2 Vaccination batch-1" : {
    "transaction" : "4.2 Vaccination batch-1",
    "sampleCount" : 987,
    "errorCount" : 0,
    "errorPct" : 0.0,
    "meanResTime" : 483.634245187437,
    "medianResTime" : 148.0,
    "minResTime" : 134.0,
    "maxResTime" : 14679.0,
    "pct1ResTime" : 431.2000000000005,
    "pct2ResTime" : 2752.7999999999975,
    "pct3ResTime" : 7122.24,
    "throughput" : 0.301899027469141,
    "receivedKBytesPerSec" : 4.107074828881827,
    "sentKBytesPerSec" : 0.21647137159120977
  },
  "1.1 Homepage" : {
    "transaction" : "1.1 Homepage",
    "sampleCount" : 70,
    "errorCount" : 0,
    "errorPct" : 0.0,
    "meanResTime" : 393.7857142857141,
    "medianResTime" : 301.0,
    "minResTime" : 290.0,
    "maxResTime" : 6085.0,
    "pct1ResTime" : 343.3,
    "pct2ResTime" : 420.3500000000002,
    "pct3ResTime" : 6085.0,