{
  "2.0 Register attendance" : {
    "transaction" : "2.0 Register attendance",
    "sampleCount" : 891,
    "errorCount" : 0,
    "errorPct" : 0.0,
    "meanResTime" : 3416.372615039282,
    "medianResTime" : 3389.0,
    "minResTime" : 2075.0,
    "maxResTime" : 5231.0,
    "pct1ResTime" : 3829.8,
    "pct2ResTime" : 4001.4,
    "pct3ResTime" : 4469.040000000001,
    "throughput" : 0.25379756354339,
    "receivedKBytesPerSec" : 36.311769346171474,
    "sentKBytesPerSec" : 1.1026187058168635
  },
  "1.4 Select Organisations" : {
    "transaction" : "1.4 Select Organisations",
    "sampleCount" : 70,
    "errorCount" : 0,
    "errorPct" : 0.0,
    "meanResTime" : 329.3,
    "medianResTime" : 304.5,
    "minResTime" : 285.0,
    "maxResTime" : 906.0,
    "pct1ResTime" : 383.49999999999994,
    "pct2ResTime" : 488.60000000000014,
    "pct3ResTime" : 906.0,
    "throughput" : 0.07864028696964148,
    "receivedKBytesPerSec" : 1.129839747946646,
    "sentKBytesPerSec" : 0.11365978976080995
  },
  "2.3 Search by first/last name" : {
    "transaction" : "2.3 Search by first/last name",
    "sampleCount" : 895,
    "errorCount" : 0,
    "errorPct" : 0.0,
    "meanResTime" : 715.0424581005578,
    "medianResTime" : 687.0,
    "minResTime" : 588.0,
    "maxResTime" : 2004.0,
    "pct1ResTime" : 834.4,
    "pct2ResTime" : 910.3999999999995,
    "pct3ResTime" : 1217.1599999999999,
    "throughput" : 0.25444272636376325,
    "receivedKBytesPerSec" : 8.61564260221277,
    "sentKBytesPerSec" : 0.21949100003027727
  },
  "5.8 Consent confirm" : {
    "transaction" : "5.8 Consent confirm",
    "sampleCount" : 1,
    "errorCount" : 0,
    "errorPct" : 0.0,
    "meanResTime" : 723.0,
    "medianResTime" : 723.0,
    "minResTime" : 723.0,
    "maxResTime" : 723.0,
    "pct1ResTime" : 723.0,
    "pct2ResTime" : 723.0,
    "pct3ResTime" : 723.0,
    "throughput" : 1.3831258644536653,
    "receivedKBytesPerSec" : 117.43197830221301,
    "sentKBytesPerSec" : 3.0053271957123098
  },
  "1.2 Sign-in page" : {
    "transaction" : "1.2 Sign-in page",
    "sampleCount" : 70,
    "errorCount" : 0,
    "errorPct" : 0.0,
    "meanResTime" : 95.2142857142857,
    "medianResTime" : 93.0,
    "minResTime" : 89.0,
    "maxResTime" : 144.0,
    "pct1ResTime" : 100.0,
    "pct2ResTime" : 111.80000000000001,
    "pct3ResTime" : 144.0,
    "throughput" : 0.07881675779385139,
    "receivedKBytesPerSec" : 0.47497872299400096,
    "sentKBytesPerSec" : 0.04749017535039679
  },
  "3.0 Nurse triage" : {
    "transaction" : "3.0 Nurse triage",
    "sampleCount" : 1492,
    "errorCount" : 0,
    "errorPct" : 0.0,
    "meanResTime" : 1340.9108579088515,
    "medianResTime" : 1340.0,
    "minResTime" : 823.0,
    "maxResTime" : 2849.0,
    "pct1ResTime" : 1563.0,
    "pct2ResTime" : 1681.0,
    "pct3ResTime" : 1947.4899999999996,
    "throughput" : 0.4329377408252455,
    "receivedKBytesPerSec" : 51.328588913681735,
    "sentKBytesPerSec" : 1.3021337735181386
  },
  "2.4 Patient attending session" : {
    "transaction" : "2.4 Patient attending session",
    "sampleCount" : 883,
    "errorCount" : 0,
    "errorPct" : 0.0,
    "meanResTime" : 956.9093997734992,
    "medianResTime" : 902.0,
    "minResTime" : 759.0,
    "maxResTime" : 2069.0,
    "pct1ResTime" : 1156.6,
    "pct2ResTime" : 1235.1999999999996,
    "pct3ResTime" : 1545.5599999999995,
    "throughput" : 0.25185324628281147,
    "receivedKBytesPerSec" : 8.180424303998704,
    "sentKBytesPerSec" : 0.37433656332269444
  },
  "5.4 Consent route" : {
    "transaction" : "5.4 Consent route",
    "sampleCount" : 1,
    "errorCount" : 0,
    "errorPct" : 0.0,
    "meanResTime" : 376.0,
    "medianResTime" : 376.0,
    "minResTime" : 376.0,
    "maxResTime" : 376.0,
    "pct1ResTime" : 376.0,
    "pct2ResTime" : 376.0,
    "pct3ResTime" : 376.0,
    "throughput" : 2.6595744680851063,
    "receivedKBytesPerSec" : 30.374729886968083,
    "sentKBytesPerSec" : 4.137404421542553
  },
  "1.1 Homepage" : {
    "transaction" : "1.1 Homepage",
    "sampleCount" : 70,
    "errorCount" : 0,
    "errorPct" : 0.0,
    "meanResTime" : 281.08571428571423,
    "medianResTime" : 269.0,
    "minResTime" : 259.0,
    "maxResTime" : 510.0,
    "pct1ResTime" : 304.9,
    "pct2ResTime" : 327.65000000000003,
    "pct3ResTime" : 510.0,
    "throughput" : 0.07892713221647683,
    "receivedKBytesPerSec" : 0.4073534118789844,
    "sentKBytesPerSec" : 0.04277788904311
  },
  "1.3 Sign-in" : {
    "transaction" : "1.3 Sign-in",
    "sampleCount" : 70,
    "errorCount" : 0,
    "errorPct" : 0.0,
    "meanResTime" : 500.2142857142857,
    "medianResTime" : 476.0,
    "minResTime" : 445.0,
    "maxResTime" : 728.0,
    "pct1ResTime" : 573.8,
    "pct2ResTime" : 666.0500000000002,
    "pct3ResTime" : 728.0,
    "throughput" : 0.07868731571711685,
    "receivedKBytesPerSec" : 0.7635897033994045,
    "sentKBytesPerSec" : 0.12379420470730006
  },
  "2.1 Open session" : {
    "transaction" : "2.1 Open session",
    "sampleCount" : 899,
    "errorCount" : 0,
    "errorPct" : 0.0,
    "meanResTime" : 664.5850945495004,
    "medianResTime" : 628.0,
    "minResTime" : 307.0,
    "maxResTime" : 2099.0,
    "pct1ResTime" : 939.0,
    "pct2ResTime" : 1038.0,
    "pct3ResTime" : 1344.0,
    "throughput" : 0.2539720207019685,
    "receivedKBytesPerSec" : 4.288844849739107,
    "sentKBytesPerSec" : 0.1663896682790641
  },
  "3.3 Nurse triage complete" : {
    "transaction" : "3.3 Nurse triage complete",
    "sampleCount" : 1488,
    "errorCount" : 0,
    "errorPct" : 0.0,
    "meanResTime" : 311.36223118279594,
    "medianResTime" : 291.0,
    "minResTime" : 233.0,
    "maxResTime" : 1211.0,
    "pct1ResTime" : 392.10000000000014,
    "pct2ResTime" : 497.54999999999995,
    "pct3ResTime" : 670.0899999999981,
    "throughput" : 0.4322889642553968,
    "receivedKBytesPerSec" : 10.477686159882422,
    "sentKBytesPerSec" : 0.292844315763266
  },
  "4.3 Vaccination confirm" : {
    "transaction" : "4.3 Vaccination confirm",
    "sampleCount" : 1462,
    "errorCount" : 0,
    "errorPct" : 0.0,
    "meanResTime" : 871.9131326949378,
    "medianResTime" : 821.0,
    "minResTime" : 633.0,
    "maxResTime" : 1934.0,
    "pct1ResTime" : 1084.0,
    "pct2ResTime" : 1179.0,
    "pct3ResTime" : 1537.2199999999993,
    "throughput" : 0.4359587872831239,
    "receivedKBytesPerSec" : 10.959916166552807,
    "sentKBytesPerSec" : 1.014792993751655
  },
  "5.6 Consent questions" : {
    "transaction" : "5.6 Consent questions",
    "sampleCount" : 1,
    "errorCount" : 0,
    "errorPct" : 0.0,
    "meanResTime" : 342.0,
    "medianResTime" : 342.0,
    "minResTime" : 342.0,
    "maxResTime" : 342.0,
    "pct1ResTime" : 342.0,
    "pct2ResTime" : 342.0,
    "pct3ResTime" : 342.0,
    "throughput" : 2.923976608187134,
    "receivedKBytesPerSec" : 35.24762426900585,
    "sentKBytesPerSec" : 5.670915570175438
  },
  "4.1 Vaccination questions" : {
    "transaction" : "4.1 Vaccination questions",
    "sampleCount" : 1476,
    "errorCount" : 1,
    "errorPct" : 0.06775068,
    "meanResTime" : 452.33739837398434,
    "medianResTime" : 469.5,
    "minResTime" : 276.0,
    "maxResTime" : 1388.0,
    "pct1ResTime" : 559.0,
    "pct2ResTime" : 608.4499999999996,
    "pct3ResTime" : 810.4500000000003,
    "throughput" : 0.42702822494550763,
    "receivedKBytesPerSec" : 4.9669790086587495,
    "sentKBytesPerSec" : 0.8736083474542927
  },
  "5.3 Consent parent details" : {
    "transaction" : "5.3 Consent parent details",
    "sampleCount" : 2,
    "errorCount" : 1,
    "errorPct" : 50.0,
    "meanResTime" : 281.5,
    "medianResTime" : 281.5,
    "minResTime" : 245.0,
    "maxResTime" : 318.0,
    "pct1ResTime" : 318.0,
    "pct2ResTime" : 318.0,
    "pct3ResTime" : 318.0,
    "throughput" : 0.0037663932265184215,
    "receivedKBytesPerSec" : 0.05144216373641274,
    "sentKBytesPerSec" : 0.005020631595896138
  },
  "3.1 Nurse triage new" : {
    "transaction" : "3.1 Nurse triage new",
    "sampleCount" : 1505,