{
  "2.0 Register attendance" : {
    "transaction" : "2.0 Register attendance",
    "sampleCount" : 1617,
    "errorCount" : 2,
    "errorPct" : 0.12368584,
    "meanResTime" : 1851.7699443413735,
    "medianResTime" : 944.0,
    "minResTime" : 341.0,
    "maxResTime" : 6668.0,
    "pct1ResTime" : 5364.8,
    "pct2ResTime" : 5739.1,
    "pct3ResTime" : 6258.5999999999985,
    "throughput" : 0.45333203249187953,
    "receivedKBytesPerSec" : 63.69298656910986,
    "sentKBytesPerSec" : 0.06048413379939343
  },
  "2.5 Select patient" : {
    "transaction" : "2.5 Select patient",
    "sampleCount" : 1611,
    "errorCount" : 0,
    "errorPct" : 0.0,
    "meanResTime" : 309.8696461824945,
    "medianResTime" : 117.0,
    "minResTime" : 49.0,
    "maxResTime" : 1656.0,
    "pct1ResTime" : 899.1999999999998,
    "pct2ResTime" : 1020.3999999999992,
    "pct3ResTime" : 1246.8799999999999,
    "throughput" : 0.4532144041721607,
    "receivedKBytesPerSec" : 11.326835850651928,
    "sentKBytesPerSec" : 0.0
  },
  "7.1 Full name search" : {
    "transaction" : "7.1 Full name search",
    "sampleCount" : 148,
    "errorCount" : 0,
    "errorPct" : 0.0,
    "meanResTime" : 682.4797297297299,
    "medianResTime" : 444.0,
    "minResTime" : 226.0,
    "maxResTime" : 2619.0,
    "pct1ResTime" : 1367.3999999999999,
    "pct2ResTime" : 1815.6499999999992,
    "pct3ResTime" : 2514.139999999998,
    "throughput" : 0.04373323436226602,
    "receivedKBytesPerSec" : 1.7179593089402847,
    "sentKBytesPerSec" : 0.0
  },
  "2.3 Search by first/last name" : {
    "transaction" : "2.3 Search by first/last name",
    "sampleCount" : 1622,
    "errorCount" : 0,
    "errorPct" : 0.0,
    "meanResTime" : 294.70776818742297,
    "medianResTime" : 110.0,
    "minResTime" : 53.0,
    "maxResTime" : 1869.0,
    "pct1ResTime" : 864.0,
    "pct2ResTime" : 973.0,
    "pct3ResTime" : 1231.2499999999995,
    "throughput" : 0.45430254196556713,
    "receivedKBytesPerSec" : 14.038587716031783,
    "sentKBytesPerSec" : 0.0
  },
  "4.0 Vaccination for flu" : {
    "transaction" : "4.0 Vaccination for flu",
    "sampleCount" : 417,
    "errorCount" : 0,
    "errorPct" : 0.0,
    "meanResTime" : 2064.496402877697,
    "medianResTime" : 918.0,
    "minResTime" : 366.0,
    "maxResTime" : 8090.0,
    "pct1ResTime" : 6127.2,
    "pct2ResTime" : 6544.4,
    "pct3ResTime" : 7159.0199999999995,
    "throughput" : 0.11936665256403578,
    "receivedKBytesPerSec" : 6.54225658890683,
    "sentKBytesPerSec" : 0.27781438907746464
  },
  "4.0 Vaccination for hpv" : {
    "transaction" : "4.0 Vaccination for hpv",
    "sampleCount" : 401,
    "errorCount" : 0,
    "errorPct" : 0.0,
    "meanResTime" : 2307.229426433915,
    "medianResTime" : 891.0,
    "minResTime" : 290.0,
    "maxResTime" : 8187.0,
    "pct1ResTime" : 6461.2,
    "pct2ResTime" : 6771.7,
    "pct3ResTime" : 7664.340000000009,
    "throughput" : 0.11460240396404285,
    "receivedKBytesPerSec" : 5.855039843894235,
    "sentKBytesPerSec" : 0.272066281164852
  },
  "1.2 Sign-in page" : {
    "transaction" : "1.2 Sign-in page",
    "sampleCount" : 2982,
    "errorCount" : 71,
    "errorPct" : 2.3809524,
    "meanResTime" : 1737.5224681421837,
    "medianResTime" : 594.0,
    "minResTime" : 10.0,
    "maxResTime" : 31216.0,
    "pct1ResTime" : 2638.100000000001,
    "pct2ResTime" : 3706.6999999999944,
    "pct3ResTime" : 30164.25,
    "throughput" : 0.8224124207993673,
    "receivedKBytesPerSec" : 49.94723060477374,
    "sentKBytesPerSec" : 0.0
  },
  "7.2 First name search" : {
    "transaction" : "7.2 First name search",
    "sampleCount" : 140,
    "errorCount" : 0,
    "errorPct" : 0.0,
    "meanResTime" : 2266.221428571428,
    "medianResTime" : 1847.0,
    "minResTime" : 1264.0,
    "maxResTime" : 8274.0,
    "pct1ResTime" : 3403.4,
    "pct2ResTime" : 5208.7,
    "pct3ResTime" : 7935.340000000003,
    "throughput" : 0.04025940862379538,
    "receivedKBytesPerSec" : 5.44994585693661,
    "sentKBytesPerSec" : 0.0
  },
  "7.7 Due vaccination search" : {
    "transaction" : "7.7 Due vaccination search",
    "sampleCount" : 141,
    "errorCount" : 0,
    "errorPct" : 0.0,
    "meanResTime" : 796.063829787234,
    "medianResTime" : 624.0,
    "minResTime" : 489.0,
    "maxResTime" : 4252.0,
    "pct1ResTime" : 1314.2,
    "pct2ResTime" : 1488.3000000000002,
    "pct3ResTime" : 3228.8800000000306,
    "throughput" : 0.042464136627305527,
    "receivedKBytesPerSec" : 5.6606049362601265,
    "sentKBytesPerSec" : 0.0
  },
  "2.4 Patient attending session" : {
    "transaction" : "2.4 Patient attending session",
    "sampleCount" : 1053,
    "errorCount" : 2,
    "errorPct" : 0.18993352,
    "meanResTime" : 752.009496676165,
    "medianResTime" : 381.0,
    "minResTime" : 138.0,
    "maxResTime" : 2855.0,
    "pct1ResTime" : 1924.0,
    "pct2ResTime" : 2100.7,
    "pct3ResTime" : 2479.9600000000028,
    "throughput" : 0.2957164088064515,
    "receivedKBytesPerSec" : 9.64084578025954,
    "sentKBytesPerSec" : 0.06058737408883961
  },
  "Check STS status" : {
    "transaction" : "Check STS status",
    "sampleCount" : 1,
    "errorCount" : 0,
    "errorPct" : 0.0,
    "meanResTime" : 30.0,
    "medianResTime" : 30.0,
    "minResTime" : 30.0,
    "maxResTime" : 30.0,
    "pct1ResTime" : 30.0,
    "pct2ResTime" : 30.0,
    "pct3ResTime" : 30.0,
    "throughput" : 33.333333333333336,
    "receivedKBytesPerSec" : 10.44921875,
    "sentKBytesPerSec" : 19.661458333333336
  },
  "1.1 Homepage" : {
    "transaction" : "1.1 Homepage",
    "sampleCount" : 2993,
    "errorCount" : 39,
    "errorPct" : 1.3030404,
    "meanResTime" : 1395.6014032743074,
    "medianResTime" : 559.0,
    "minResTime" : 24.0,
    "maxResTime" : 31356.0,
    "pct1ResTime" : 2429.5999999999985,
    "pct2ResTime" : 3251.6999999999975,
    "pct3ResTime" : 30060.12,
    "throughput" : 0.8280568800100484,
    "receivedKBytesPerSec" : 50.66110411342028,
    "sentKBytesPerSec" : 0.0
  },
  "1.3 Sign-in" : {
    "transaction" : "1.3 Sign-in",
    "sampleCount" : 2974,
    "errorCount" : 67,
    "errorPct" : 2.2528582,
    "meanResTime" : 1707.4045057162093,
    "medianResTime" : 602.5,
    "minResTime" : 34.0,
    "maxResTime" : 31226.0,
    "pct1ResTime" : 2638.0,
    "pct2ResTime" : 3593.75,
    "pct3ResTime" : 30153.25,
    "throughput" : 0.8281665745398649,
    "receivedKBytesPerSec" : 50.64519019340363,
    "sentKBytesPerSec" : 0.2358522993875076
  },
  "Run some searches" : {
    "transaction" : "Run some searches",
    "sampleCount" : 1336,
    "errorCount" : 125,
    "errorPct" : 9.356287,
    "meanResTime" : 4339.465568862272,
    "medianResTime" : 1433.5,
    "minResTime" : 0.0,
    "maxResTime" : 30150.0,
    "pct1ResTime" : 15447.49999999909,
    "pct2ResTime" : 30001.0,
    "pct3ResTime" : 30082.26,
    "throughput" : 0.37416963607801884,
    "receivedKBytesPerSec" : 38.856629079999905,
    "sentKBytesPerSec" : 0.0
  },
  "4.0 Vaccination for td_ipv" : {
    "transaction" : "4.0 Vaccination for td_ipv",
    "sampleCount" : 397,
    "errorCount" : 0,
    "errorPct" : 0.0,
    "meanResTime" : 2148.586901763226,
    "medianResTime" : 900.0,
    "minResTime" : 180.0,
    "maxResTime" : 8270.0,
    "pct1ResTime" : 6349.0,
    "pct2ResTime" : 6727.4,
    "pct3ResTime" : 7333.719999999999,
    "throughput" : 0.11390567347805379,
    "receivedKBytesPerSec" : 5.905919844799933,
    "sentKBytesPerSec" : 0.2702026335665961
  },
  "2.1 Open session" : {
    "transaction" : "2.1 Open session",
    "sampleCount" : 1624,
    "errorCount" : 0,
    "errorPct" : 0.0,
    "meanResTime" : 445.6496305418714,
    "medianResTime" : 287.5,
    "minResTime" : 108.0,
    "maxResTime" : 1714.0,
    "pct1ResTime" : 1010.5,
    "pct2ResTime" : 1133.75,
    "pct3ResTime" : 1348.5,
    "throughput" : 0.45413336867967435,
    "receivedKBytesPerSec" : 10.357996594943517,
    "sentKBytesPerSec" : 0.0
  },
  "4.3 Vaccination confirm" : {
    "transaction" : "4.3 Vaccination confirm",
    "sampleCount" : 1569,