{
  "4.3 Vaccination confirm" : {
    "transaction" : "4.3 Vaccination confirm",
    "sampleCount" : 131,
    "errorCount" : 0,
    "errorPct" : 0.0,
    "meanResTime" : 1487.1603053435122,
    "medianResTime" : 1314.0,
    "minResTime" : 1151.0,
    "maxResTime" : 2979.0,
    "pct1ResTime" : 1882.8,
    "pct2ResTime" : 2357.7999999999997,
    "pct3ResTime" : 2869.2400000000025,
    "throughput" : 0.3369315565980715,
    "receivedKBytesPerSec" : 7.043970331697544,
    "sentKBytesPerSec" : 0.7841048157743125
  },
  "4.1 Vaccination questions" : {
    "transaction" : "4.1 Vaccination questions",
    "sampleCount" : 140,
    "errorCount" : 0,
    "errorPct" : 0.0,
    "meanResTime" : 797.5428571428573,
    "medianResTime" : 890.0,
    "minResTime" : 591.0,
    "maxResTime" : 1413.0,
    "pct1ResTime" : 959.9,
    "pct2ResTime" : 1061.2499999999993,
    "pct3ResTime" : 1380.2000000000003,
    "throughput" : 0.32807630117404446,
    "receivedKBytesPerSec" : 3.808921002448855,
    "sentKBytesPerSec" : 0.6441815704602442
  },
  "2.0 Register attendance" : {
    "transaction" : "2.0 Register attendance",
    "sampleCount" : 61,
    "errorCount" : 0,
    "errorPct" : 0.0,
    "meanResTime" : 8930.000000000002,
    "medianResTime" : 8825.0,
    "minResTime" : 4675.0,
    "maxResTime" : 14849.0,
    "pct1ResTime" : 12045.800000000001,
    "pct2ResTime" : 13272.099999999999,
    "pct3ResTime" : 14849.0,
    "throughput" : 0.12028568836935988,
    "receivedKBytesPerSec" : 34.14943891532874,
    "sentKBytesPerSec" : 0.5115742777682469
  },
  "1.0 Login" : {
    "transaction" : "1.0 Login",
    "sampleCount" : 35,
    "errorCount" : 0,
    "errorPct" : 0.0,
    "meanResTime" : 3000.4000000000005,
    "medianResTime" : 2480.0,
    "minResTime" : 2185.0,
    "maxResTime" : 6195.0,
    "pct1ResTime" : 4665.799999999998,
    "pct2ResTime" : 6085.4,
    "pct3ResTime" : 6195.0,
    "throughput" : 0.5679236710586097,
    "receivedKBytesPerSec" : 26.762848385676964,
    "sentKBytesPerSec" : 2.703738180088596
  },
  "4.0 Vaccination for menacwy" : {
    "transaction" : "4.0 Vaccination for menacwy",
    "sampleCount" : 24,
    "errorCount" : 0,
    "errorPct" : 0.0,
    "meanResTime" : 2946.208333333333,
    "medianResTime" : 2876.5,
    "minResTime" : 2681.0,
    "maxResTime" : 3741.0,
    "pct1ResTime" : 3372.0,
    "pct2ResTime" : 3659.5,
    "pct3ResTime" : 3741.0,
    "throughput" : 0.3002589733645269,
    "receivedKBytesPerSec" : 15.844048792865097,
    "sentKBytesPerSec" : 1.7799043080907284
  },
  "2.5 Select patient" : {
    "transaction" : "2.5 Select patient",
    "sampleCount" : 56,
    "errorCount" : 0,
    "errorPct" : 0.0,
    "meanResTime" : 713.9821428571427,
    "medianResTime" : 567.5,
    "minResTime" : 446.0,
    "maxResTime" : 3201.0,
    "pct1ResTime" : 1178.3000000000002,
    "pct2ResTime" : 1327.25,
    "pct3ResTime" : 3201.0,
    "throughput" : 0.11312468562447855,
    "receivedKBytesPerSec" : 2.8551692962685014,
    "sentKBytesPerSec" : 0.07843606132165995
  },
  "1.4 Select Organisations" : {
    "transaction" : "1.4 Select Organisations",
    "sampleCount" : 35,
    "errorCount" : 0,
    "errorPct" : 0.0,
    "meanResTime" : 956.5428571428572,
    "medianResTime" : 600.0,
    "minResTime" : 555.0,
    "maxResTime" : 4093.0,
    "pct1ResTime" : 2016.1999999999987,
    "pct2ResTime" : 3075.3999999999946,
    "pct3ResTime" : 4093.0,
    "throughput" : 0.5709624796084829,
    "receivedKBytesPerSec" : 8.204240161092986,
    "sentKBytesPerSec" : 0.8252192088091355
  },
  "2.5 Select menacwy" : {
    "transaction" : "2.5 Select menacwy",
    "sampleCount" : 24,
    "errorCount" : 0,
    "errorPct" : 0.0,
    "meanResTime" : 628.9166666666667,
    "medianResTime" : 509.0,
    "minResTime" : 445.0,
    "maxResTime" : 1168.0,
    "pct1ResTime" : 962.5,
    "pct2ResTime" : 1117.5,
    "pct3ResTime" : 1168.0,
    "throughput" : 0.30874917988499095,
    "receivedKBytesPerSec" : 7.1502269788892745,
    "sentKBytesPerSec" : 0.21528018988074563
  },
  "2.3 Search by first/last name" : {
    "transaction" : "2.3 Search by first/last name",
    "sampleCount" : 63,
    "errorCount" : 0,
    "errorPct" : 0.0,
    "meanResTime" : 2050.84126984127,
    "medianResTime" : 1849.0,
    "minResTime" : 787.0,
    "maxResTime" : 5500.0,
    "pct1ResTime" : 3454.2000000000003,
    "pct2ResTime" : 3917.799999999999,
    "pct3ResTime" : 5500.0,
    "throughput" : 0.12333159755529367,
    "receivedKBytesPerSec" : 9.137039528388781,
    "sentKBytesPerSec" : 0.1063685323099421
  },
  "2.5 Select td_ipv" : {
    "transaction" : "2.5 Select td_ipv",
    "sampleCount" : 24,
    "errorCount" : 0,
    "errorPct" : 0.0,
    "meanResTime" : 518.3333333333335,
    "medianResTime" : 483.0,
    "minResTime" : 459.0,
    "maxResTime" : 909.0,
    "pct1ResTime" : 704.0,
    "pct2ResTime" : 904.5,
    "pct3ResTime" : 909.0,
    "throughput" : 0.2951412373796377,
    "receivedKBytesPerSec" : 6.931351608519744,
    "sentKBytesPerSec" : 0.20550361548015791
  },
  "4.0 Vaccination for flu" : {
    "transaction" : "4.0 Vaccination for flu",
    "sampleCount" : 46,
    "errorCount" : 0,
    "errorPct" : 0.0,
    "meanResTime" : 2812.0869565217395,
    "medianResTime" : 2787.5,
    "minResTime" : 2673.0,
    "maxResTime" : 3133.0,
    "pct1ResTime" : 2990.9,
    "pct2ResTime" : 3058.65,
    "pct3ResTime" : 3133.0,
    "throughput" : 0.1366055307421838,
    "receivedKBytesPerSec" : 7.148937706393139,
    "sentKBytesPerSec" : 0.7982769699408439
  },
  "4.0 Vaccination for hpv" : {
    "transaction" : "4.0 Vaccination for hpv",
    "sampleCount" : 46,
    "errorCount" : 0,
    "errorPct" : 0.0,
    "meanResTime" : 2762.826086956521,
    "medianResTime" : 2833.5,
    "minResTime" : 1267.0,
    "maxResTime" : 4072.0,
    "pct1ResTime" : 3216.4000000000005,
    "pct2ResTime" : 3650.1499999999996,
    "pct3ResTime" : 4072.0,
    "throughput" : 0.1401460565641671,
    "receivedKBytesPerSec" : 6.711676289648386,
    "sentKBytesPerSec" : 0.7731240041251688
  },
  "1.2 Sign-in page" : {
    "transaction" : "1.2 Sign-in page",
    "sampleCount" : 35,
    "errorCount" : 0,
    "errorPct" : 0.0,
    "meanResTime" : 158.85714285714286,
    "medianResTime" : 158.0,
    "minResTime" : 157.0,
    "maxResTime" : 163.0,
    "pct1ResTime" : 161.0,
    "pct2ResTime" : 161.39999999999998,
    "pct3ResTime" : 163.0,
    "throughput" : 0.617861493106431,
    "receivedKBytesPerSec" : 3.7234602284763536,
    "sentKBytesPerSec" : 0.37228568481119917
  },
  "2.5 Select hpv" : {
    "transaction" : "2.5 Select hpv",
    "sampleCount" : 46,
    "errorCount" : 0,
    "errorPct" : 0.0,
    "meanResTime" : 655.1086956521739,
    "medianResTime" : 481.0,
    "minResTime" : 444.0,
    "maxResTime" : 975.0,
    "pct1ResTime" : 937.6,
    "pct2ResTime" : 952.55,
    "pct3ResTime" : 975.0,
    "throughput" : 0.14062762721450298,
    "receivedKBytesPerSec" : 3.0719153396845047,
    "sentKBytesPerSec" : 0.10478406207486891
  },
  "2.5 Select flu" : {
    "transaction" : "2.5 Select flu",
    "sampleCount" : 51,
    "errorCount" : 0,
    "errorPct" : 0.0,
    "meanResTime" : 731.901960784314,
    "medianResTime" : 509.0,
    "minResTime" : 437.0,
    "maxResTime" : 1933.0,
    "pct1ResTime" : 1386.4,
    "pct2ResTime" : 1689.6,
    "pct3ResTime" : 1933.0,
    "throughput" : 0.10574901404595728,
    "receivedKBytesPerSec" : 2.236501335988463,
    "sentKBytesPerSec" : 0.07332207028577116
  },
  "2.4 Patient attending session" : {
    "transaction" : "2.4 Patient attending session",
    "sampleCount" : 61,
    "errorCount" : 0,
    "errorPct" : 0.0,
    "meanResTime" : 2055.934426229509,
    "medianResTime" : 1769.0,
    "minResTime" : 1129.0,
    "maxResTime" : 5572.0,
    "pct1ResTime" : 3378.2000000000003,
    "pct2ResTime" : 4617.9,
    "pct3ResTime" : 5572.0,
    "throughput" : 0.12191758371340974,
    "receivedKBytesPerSec" : 7.967473363006607,
    "sentKBytesPerSec" : 0.18120953360528283
  },