{
  "4.3 Vaccination confirm" : {
    "transaction" : "4.3 Vaccination confirm",
    "sampleCount" : 1586,
    "errorCount" : 0,
    "errorPct" : 0.0,
    "meanResTime" : 1347.4445145018906,
    "medianResTime" : 1139.5,
    "minResTime" : 816.0,
    "maxResTime" : 5279.0,
    "pct1ResTime" : 2103.6,
    "pct2ResTime" : 2551.6499999999996,
    "pct3ResTime" : 3540.839999999992,
    "throughput" : 0.45679197244271375,
    "receivedKBytesPerSec" : 184.46431815616683,
    "sentKBytesPerSec" : 2.7598567435319006
  },
  "4.1 Vaccination questions" : {
    "transaction" : "4.1 Vaccination questions",
    "sampleCount" : 1611,
    "errorCount" : 0,
    "errorPct" : 0.0,
    "meanResTime" : 200.66604593420254,
    "medianResTime" : 127.0,
    "minResTime" : 84.0,
    "maxResTime" : 2240.0,
    "pct1ResTime" : 387.0,
    "pct2ResTime" : 594.5999999999995,
    "pct3ResTime" : 1078.3199999999983,
    "throughput" : 0.45739705585070745,
    "receivedKBytesPerSec" : 180.5379945547995,
    "sentKBytesPerSec" : 2.616193853428945
  },
  "2.0 Register attendance" : {
    "transaction" : "2.0 Register attendance",
    "sampleCount" : 1635,
    "errorCount" : 34,
    "errorPct" : 2.0795107,
    "meanResTime" : 1603.4091743119245,
    "medianResTime" : 1568.0,
    "minResTime" : 408.0,
    "maxResTime" : 5957.0,
    "pct1ResTime" : 2657.6000000000004,
    "pct2ResTime" : 3096.7999999999975,
    "pct3ResTime" : 4000.079999999994,
    "throughput" : 0.4585195455524445,
    "receivedKBytesPerSec" : 872.4345496760532,
    "sentKBytesPerSec" : 9.266955416546077
  },
  "Reset counters" : {
    "transaction" : "Reset counters",
    "sampleCount" : 1,
    "errorCount" : 0,
    "errorPct" : 0.0,
    "meanResTime" : 26.0,
    "medianResTime" : 26.0,
    "minResTime" : 26.0,
    "maxResTime" : 26.0,
    "pct1ResTime" : 26.0,
    "pct2ResTime" : 26.0,
    "pct3ResTime" : 26.0,
    "throughput" : 38.46153846153847,
    "receivedKBytesPerSec" : 0.0,
    "sentKBytesPerSec" : 0.0
  },
  "1.0 Login" : {
    "transaction" : "1.0 Login",
    "sampleCount" : 1648,
    "errorCount" : 0,
    "errorPct" : 0.0,
    "meanResTime" : 1070.6383495145628,
    "medianResTime" : 935.0,
    "minResTime" : 630.0,
    "maxResTime" : 4015.0,
    "pct1ResTime" : 1617.9000000000012,
    "pct2ResTime" : 1907.1,
    "pct3ResTime" : 2582.16,
    "throughput" : 0.4589794113756153,
    "receivedKBytesPerSec" : 764.8665135893973,
    "sentKBytesPerSec" : 8.865059533030921
  },
  "4.0 Vaccination for menacwy" : {
    "transaction" : "4.0 Vaccination for menacwy",
    "sampleCount" : 382,
    "errorCount" : 0,
    "errorPct" : 0.0,
    "meanResTime" : 1721.3638743455504,
    "medianResTime" : 1525.0,
    "minResTime" : 221.0,
    "maxResTime" : 4177.0,
    "pct1ResTime" : 2554.1,
    "pct2ResTime" : 3063.85,
    "pct3ResTime" : 3977.4200000000005,
    "throughput" : 0.10980390804181402,
    "receivedKBytesPerSec" : 130.68379957057186,
    "sentKBytesPerSec" : 1.8542644854745527
  },
  "2.5 Select patient" : {
    "transaction" : "2.5 Select patient",
    "sampleCount" : 1631,
    "errorCount" : 0,
    "errorPct" : 0.0,
    "meanResTime" : 146.48743102391185,
    "medianResTime" : 94.0,
    "minResTime" : 66.0,
    "maxResTime" : 2054.0,
    "pct1ResTime" : 245.5999999999999,
    "pct2ResTime" : 439.1999999999996,
    "pct3ResTime" : 972.7600000000004,
    "throughput" : 0.4574492283243811,
    "receivedKBytesPerSec" : 186.01096653056666,
    "sentKBytesPerSec" : 1.9052618590066313
  },
  "Initialise vaccination list" : {
    "transaction" : "Initialise vaccination list",
    "sampleCount" : 1,
    "errorCount" : 0,
    "errorPct" : 0.0,
    "meanResTime" : 45.0,
    "medianResTime" : 45.0,
    "minResTime" : 45.0,
    "maxResTime" : 45.0,
    "pct1ResTime" : 45.0,
    "pct2ResTime" : 45.0,
    "pct3ResTime" : 45.0,
    "throughput" : 22.22222222222222,
    "receivedKBytesPerSec" : 6.380208333333334,
    "sentKBytesPerSec" : 13.715277777777779
  },
  "2.3 Search by first/last name" : {
    "transaction" : "2.3 Search by first/last name",
    "sampleCount" : 1640,
    "errorCount" : 0,
    "errorPct" : 0.0,
    "meanResTime" : 129.4439024390241,
    "medianResTime" : 85.0,
    "minResTime" : 58.0,
    "maxResTime" : 1763.0,
    "pct1ResTime" : 217.0,
    "pct2ResTime" : 336.89999999999964,
    "pct3ResTime" : 877.1899999999966,
    "throughput" : 0.45879195043927934,
    "receivedKBytesPerSec" : 186.77803648934636,
    "sentKBytesPerSec" : 1.9860711664295776
  },
  "4.0 Vaccination for flu" : {
    "transaction" : "4.0 Vaccination for flu",
    "sampleCount" : 431,
    "errorCount" : 0,
    "errorPct" : 0.0,
    "meanResTime" : 1735.9373549883999,
    "medianResTime" : 1499.0,
    "minResTime" : 202.0,
    "maxResTime" : 5950.0,
    "pct1ResTime" : 2667.8,
    "pct2ResTime" : 3026.7999999999997,
    "pct3ResTime" : 4027.36,
    "throughput" : 0.12325981309694141,
    "receivedKBytesPerSec" : 147.05708834502323,
    "sentKBytesPerSec" : 2.0859614222523715
  },
  "4.0 Vaccination for hpv" : {
    "transaction" : "4.0 Vaccination for hpv",
    "sampleCount" : 412,
    "errorCount" : 0,
    "errorPct" : 0.0,
    "meanResTime" : 1686.657766990291,
    "medianResTime" : 1543.5,
    "minResTime" : 191.0,
    "maxResTime" : 5154.0,
    "pct1ResTime" : 2452.2999999999997,
    "pct2ResTime" : 2992.499999999997,
    "pct3ResTime" : 4241.71,
    "throughput" : 0.11831943893611296,
    "receivedKBytesPerSec" : 140.56675820074688,
    "sentKBytesPerSec" : 1.99976112423498
  },
  "1.2 Sign-in page" : {
    "transaction" : "1.2 Sign-in page",
    "sampleCount" : 1652,
    "errorCount" : 0,
    "errorPct" : 0.0,
    "meanResTime" : 177.4164648910415,
    "medianResTime" : 110.0,
    "minResTime" : 13.0,
    "maxResTime" : 2028.0,
    "pct1ResTime" : 355.0,
    "pct2ResTime" : 573.5999999999985,
    "pct3ResTime" : 1132.510000000001,
    "throughput" : 0.4594751025405469,
    "receivedKBytesPerSec" : 184.89512442106692,
    "sentKBytesPerSec" : 2.2867543229459137
  },
  "2.4 Patient attending session" : {
    "transaction" : "2.4 Patient attending session",
    "sampleCount" : 1086,
    "errorCount" : 34,
    "errorPct" : 3.130755,
    "meanResTime" : 1155.9585635359106,
    "medianResTime" : 990.5,
    "minResTime" : 123.0,
    "maxResTime" : 4280.0,
    "pct1ResTime" : 1778.0000000000007,
    "pct2ResTime" : 2209.749999999998,
    "pct3ResTime" : 3095.8599999999974,
    "throughput" : 0.30614997796904164,
    "receivedKBytesPerSec" : 124.8706709162419,
    "sentKBytesPerSec" : 1.5571152639514603
  },
  "Check STS status" : {
    "transaction" : "Check STS status",
    "sampleCount" : 1,
    "errorCount" : 0,
    "errorPct" : 0.0,
    "meanResTime" : 20.0,
    "medianResTime" : 20.0,
    "minResTime" : 20.0,
    "maxResTime" : 20.0,
    "pct1ResTime" : 20.0,
    "pct2ResTime" : 20.0,
    "pct3ResTime" : 20.0,
    "throughput" : 50.0,
    "receivedKBytesPerSec" : 15.673828125,
    "sentKBytesPerSec" : 29.4921875
  },
  "Total" : {
    "transaction" : "Total",
    "sampleCount" : 19053,
    "errorCount" : 34,
    "errorPct" : 0.17844959,
    "meanResTime" : 375.0450322783842,
    "medianResTime" : 150.0,
    "minResTime" : 3.0,
    "maxResTime" : 5279.0,
    "pct1ResTime" : 1013.0,
    "pct2ResTime" : 1295.0,
    "pct3ResTime" : 2202.7599999999948,
    "throughput" : 5.079666218500031,
    "receivedKBytesPerSec" : 2075.773498292681,
    "sentKBytesPerSec" : 24.58178027372624
  },
  "1.4 Open Sessions list" : {
    "transaction" : "1.4 Open Sessions list",
    "sampleCount" : 1646,
    "errorCount" : 0,
    "errorPct" : 0.0,
    "meanResTime" : 533.6196840826243,
    "medianResTime" : 460.0,
    "minResTime" : 381.0,
    "maxResTime" : 2003.0,
    "pct1ResTime" : 732.5999999999999,
    "pct2ResTime" : 993.8999999999992,
    "pct3ResTime" : 1457.0,
    "throughput" : 0.4588513996082758,
    "receivedKBytesPerSec" : 211.00330956111046,
    "sentKBytesPerSec" : 1.9107049625573356
  },