{
  "7.3 Safe to vaccinate" : {
    "transaction" : "7.3 Safe to vaccinate",
    "sampleCount" : 14,
    "errorCount" : 0,
    "errorPct" : 0.0,
    "meanResTime" : 212.14285714285714,
    "medianResTime" : 99.5,
    "minResTime" : 91.0,
    "maxResTime" : 1413.0,
    "pct1ResTime" : 845.0,
    "pct2ResTime" : 1413.0,
    "pct3ResTime" : 1413.0,
    "throughput" : 0.008442095665828086,
    "receivedKBytesPerSec" : 3.412427446971579,
    "sentKBytesPerSec" : 0.03704075470676984
  },
  "2.0 Register attendance" : {
    "transaction" : "2.0 Register attendance",
    "sampleCount" : 692,
    "errorCount" : 18,
    "errorPct" : 2.601156,
    "meanResTime" : 2633.358381502886,
    "medianResTime" : 2468.0,
    "minResTime" : 835.0,
    "maxResTime" : 8489.0,
    "pct1ResTime" : 3660.300000000001,
    "pct2ResTime" : 4234.5,
    "pct3ResTime" : 5251.3900000000085,
    "throughput" : 0.3914357035745659,
    "receivedKBytesPerSec" : 791.8280780282458,
    "sentKBytesPerSec" : 8.487181479448777
  },
  "2.5 Select patient" : {
    "transaction" : "2.5 Select patient",
    "sampleCount" : 688,
    "errorCount" : 0,
    "errorPct" : 0.0,
    "meanResTime" : 177.0188953488371,
    "medianResTime" : 122.0,
    "minResTime" : 82.0,
    "maxResTime" : 3241.0,
    "pct1ResTime" : 259.60000000000014,
    "pct2ResTime" : 416.7499999999998,
    "pct3ResTime" : 1099.65,
    "throughput" : 0.39420202166048435,
    "receivedKBytesPerSec" : 160.33668625733972,
    "sentKBytesPerSec" : 1.641819817446648
  },
  "2.3 Search by first/last name" : {
    "transaction" : "2.3 Search by first/last name",
    "sampleCount" : 695,
    "errorCount" : 0,
    "errorPct" : 0.0,
    "meanResTime" : 190.5251798561151,
    "medianResTime" : 125.0,
    "minResTime" : 85.0,
    "maxResTime" : 2611.0,
    "pct1ResTime" : 327.4,
    "pct2ResTime" : 552.7999999999997,
    "pct3ResTime" : 1175.8799999999956,
    "throughput" : 0.39344425630827007,
    "receivedKBytesPerSec" : 160.28078963572298,
    "sentKBytesPerSec" : 1.7031451542881744
  },
  "4.0 Vaccination for flu" : {
    "transaction" : "4.0 Vaccination for flu",
    "sampleCount" : 169,
    "errorCount" : 0,
    "errorPct" : 0.0,
    "meanResTime" : 2063.579881656803,
    "medianResTime" : 1940.0,
    "minResTime" : 467.0,
    "maxResTime" : 5071.0,
    "pct1ResTime" : 2840.0,
    "pct2ResTime" : 3436.5,
    "pct3ResTime" : 4740.600000000006,
    "throughput" : 0.09965492271731259,
    "receivedKBytesPerSec" : 118.15719199055253,
    "sentKBytesPerSec" : 1.6743352631523858
  },
  "4.0 Vaccination for hpv" : {
    "transaction" : "4.0 Vaccination for hpv",
    "sampleCount" : 167,
    "errorCount" : 0,
    "errorPct" : 0.0,
    "meanResTime" : 2215.760479041917,
    "medianResTime" : 1945.0,
    "minResTime" : 284.0,
    "maxResTime" : 7893.0,
    "pct1ResTime" : 3416.4,
    "pct2ResTime" : 4288.399999999996,
    "pct3ResTime" : 5779.559999999979,
    "throughput" : 0.09968102073365231,
    "receivedKBytesPerSec" : 117.73371944433501,
    "sentKBytesPerSec" : 1.6733124799668009
  },
  "1.2 Sign-in page" : {
    "transaction" : "1.2 Sign-in page",
    "sampleCount" : 722,
    "errorCount" : 0,
    "errorPct" : 0.0,
    "meanResTime" : 247.45983379501388,
    "medianResTime" : 152.0,
    "minResTime" : 21.0,
    "maxResTime" : 3061.0,
    "pct1ResTime" : 459.70000000000005,
    "pct2ResTime" : 811.1000000000001,
    "pct3ResTime" : 1699.54,
    "throughput" : 0.4021034129780269,
    "receivedKBytesPerSec" : 162.18592186506228,
    "sentKBytesPerSec" : 1.9692705293424106
  },
  "7.1 Name search" : {
    "transaction" : "7.1 Name search",
    "sampleCount" : 14,
    "errorCount" : 0,
    "errorPct" : 0.0,
    "meanResTime" : 6387.428571428571,
    "medianResTime" : 6131.5,
    "minResTime" : 5268.0,
    "maxResTime" : 8401.0,
    "pct1ResTime" : 8180.5,
    "pct2ResTime" : 8401.0,
    "pct3ResTime" : 8401.0,
    "throughput" : 0.008391001490002123,
    "receivedKBytesPerSec" : 3.3920494755174553,
    "sentKBytesPerSec" : 0.036382858023056075
  },
  "2.4 Patient attending session" : {
    "transaction" : "2.4 Patient attending session",
    "sampleCount" : 661,
    "errorCount" : 18,
    "errorPct" : 2.7231467,
    "meanResTime" : 1426.9304084720122,
    "medianResTime" : 1211.0,
    "minResTime" : 252.0,
    "maxResTime" : 7257.0,
    "pct1ResTime" : 2201.4000000000005,
    "pct2ResTime" : 2698.499999999998,
    "pct3ResTime" : 4095.5199999999995,
    "throughput" : 0.3767068639296054,
    "receivedKBytesPerSec" : 153.74327902292012,
    "sentKBytesPerSec" : 1.9173072823463537
  },
  "Check STS status" : {
    "transaction" : "Check STS status",
    "sampleCount" : 1,
    "errorCount" : 0,
    "errorPct" : 0.0,
    "meanResTime" : 33.0,
    "medianResTime" : 33.0,
    "minResTime" : 33.0,
    "maxResTime" : 33.0,
    "pct1ResTime" : 33.0,
    "pct2ResTime" : 33.0,
    "pct3ResTime" : 33.0,
    "throughput" : 30.303030303030305,
    "receivedKBytesPerSec" : 9.499289772727272,
    "sentKBytesPerSec" : 17.87405303030303
  },
  "1.1 Homepage" : {
    "transaction" : "1.1 Homepage",
    "sampleCount" : 723,
    "errorCount" : 0,
    "errorPct" : 0.0,
    "meanResTime" : 250.02351313969578,
    "medianResTime" : 161.0,
    "minResTime" : 41.0,
    "maxResTime" : 2911.0,
    "pct1ResTime" : 451.20000000000005,
    "pct2ResTime" : 728.399999999998,
    "pct3ResTime" : 1944.4399999999998,
    "throughput" : 0.40212576024294405,
    "receivedKBytesPerSec" : 162.123581757576,
    "sentKBytesPerSec" : 1.9565251491981124
  },
  "1.3 Sign-in" : {
    "transaction" : "1.3 Sign-in",
    "sampleCount" : 716,
    "errorCount" : 0,
    "errorPct" : 0.0,
    "meanResTime" : 305.7751396648047,
    "medianResTime" : 175.5,
    "minResTime" : 95.0,
    "maxResTime" : 2576.0,
    "pct1ResTime" : 584.4000000000005,
    "pct2ResTime" : 992.7999999999997,
    "pct3ResTime" : 1832.260000000001,
    "throughput" : 0.3994530394415245,
    "receivedKBytesPerSec" : 161.36436520353277,
    "sentKBytesPerSec" : 2.098275847219812
  },
  "Run some searches" : {
    "transaction" : "Run some searches",
    "sampleCount" : 14,
    "errorCount" : 0,
    "errorPct" : 0.0,
    "meanResTime" : 10845.785714285714,
    "medianResTime" : 10686.0,
    "minResTime" : 9038.0,
    "maxResTime" : 13748.0,
    "pct1ResTime" : 13147.0,
    "pct2ResTime" : 13748.0,
    "pct3ResTime" : 13748.0,
    "throughput" : 0.00828521987789953,
    "receivedKBytesPerSec" : 18.564662590338486,
    "sentKBytesPerSec" : 0.18152005933105134
  },
  "4.0 Vaccination for td_ipv" : {
    "transaction" : "4.0 Vaccination for td_ipv",
    "sampleCount" : 158,
    "errorCount" : 0,
    "errorPct" : 0.0,
    "meanResTime" : 2125.6518987341788,
    "medianResTime" : 1922.0,
    "minResTime" : 340.0,
    "maxResTime" : 4941.0,
    "pct1ResTime" : 3010.5999999999995,
    "pct2ResTime" : 3489.7499999999995,
    "pct3ResTime" : 4742.759999999998,
    "throughput" : 0.09568398607374086,
    "receivedKBytesPerSec" : 114.31197361506514,
    "sentKBytesPerSec" : 1.6167614167119349
  },
  "2.1 Open session" : {
    "transaction" : "2.1 Open session",
    "sampleCount" : 697,
    "errorCount" : 0,
    "errorPct" : 0.0,
    "meanResTime" : 674.6929698708752,
    "medianResTime" : 558.0,
    "minResTime" : 282.0,
    "maxResTime" : 6174.0,
    "pct1ResTime" : 1159.4000000000003,
    "pct2ResTime" : 1413.7000000000003,
    "pct3ResTime" : 2248.279999999999,
    "throughput" : 0.39199365611414494,
    "receivedKBytesPerSec" : 157.93843174065992,
    "sentKBytesPerSec" : 1.6350135099320058
  },
  "4.3 Vaccination confirm" : {
    "transaction" : "4.3 Vaccination confirm",
    "sampleCount" : 638,
    "errorCount" : 0,
    "errorPct" : 0.0,
    "meanResTime" : 1650.064263322882,
    "medianResTime" : 1427.5,
    "minResTime" : 1007.0,
    "maxResTime" : 7525.0,
    "pct1ResTime" : 2415.3,
    "pct2ResTime" : 3013.099999999999,
    "pct3ResTime" : 4332.22,
    "throughput" : 0.3846156164791515,