{
  "7.3 Safe to vaccinate" : {
    "transaction" : "7.3 Safe to vaccinate",
    "sampleCount" : 27,
    "errorCount" : 0,
    "errorPct" : 0.0,
    "meanResTime" : 134.44444444444443,
    "medianResTime" : 102.0,
    "minResTime" : 92.0,
    "maxResTime" : 512.0,
    "pct1ResTime" : 207.99999999999972,
    "pct2ResTime" : 510.4,
    "pct3ResTime" : 512.0,
    "throughput" : 0.007865281134278411,
    "receivedKBytesPerSec" : 3.5680824538358977,
    "sentKBytesPerSec" : 0.05846986499463413
  },
  "2.0 Register attendance" : {
    "transaction" : "2.0 Register attendance",
    "sampleCount" : 1652,
    "errorCount" : 9,
    "errorPct" : 0.5447942,
    "meanResTime" : 1144.2300242130764,
    "medianResTime" : 1107.0,
    "minResTime" : 518.0,
    "maxResTime" : 3579.0,
    "pct1ResTime" : 1620.8000000000002,
    "pct2ResTime" : 1801.35,
    "pct3ResTime" : 2439.1100000000006,
    "throughput" : 0.46228035736622203,
    "receivedKBytesPerSec" : 982.4999275500764,
    "sentKBytesPerSec" : 16.242935378218508
  },
  "2.5 Select patient" : {
    "transaction" : "2.5 Select patient",
    "sampleCount" : 1644,
    "errorCount" : 0,
    "errorPct" : 0.0,
    "meanResTime" : 134.99513381995135,
    "medianResTime" : 105.0,
    "minResTime" : 73.0,
    "maxResTime" : 1463.0,
    "pct1ResTime" : 206.5,
    "pct2ResTime" : 335.0,
    "pct3ResTime" : 574.55,
    "throughput" : 0.4638947918215687,
    "receivedKBytesPerSec" : 208.32279110491612,
    "sentKBytesPerSec" : 3.345648734221863
  },
  "7.1 Full name search" : {
    "transaction" : "7.1 Full name search",
    "sampleCount" : 27,
    "errorCount" : 0,
    "errorPct" : 0.0,
    "meanResTime" : 1125.851851851852,
    "medianResTime" : 671.0,
    "minResTime" : 375.0,
    "maxResTime" : 6204.0,
    "pct1ResTime" : 3175.199999999998,
    "pct2ResTime" : 5816.799999999997,
    "pct3ResTime" : 6204.0,
    "throughput" : 0.007870143793356842,
    "receivedKBytesPerSec" : 3.620278669767892,
    "sentKBytesPerSec" : 0.058088139944710786
  },
  "2.3 Search by first/last name" : {
    "transaction" : "2.3 Search by first/last name",
    "sampleCount" : 1655,
    "errorCount" : 0,
    "errorPct" : 0.0,
    "meanResTime" : 137.3577039274927,
    "medianResTime" : 108.0,
    "minResTime" : 79.0,
    "maxResTime" : 2027.0,
    "pct1ResTime" : 202.4000000000001,
    "pct2ResTime" : 308.7999999999993,
    "pct3ResTime" : 571.7600000000002,
    "throughput" : 0.4634451024773731,
    "receivedKBytesPerSec" : 209.76715426601567,
    "sentKBytesPerSec" : 3.465874330139809
  },
  "4.0 Vaccination for flu" : {
    "transaction" : "4.0 Vaccination for flu",
    "sampleCount" : 421,
    "errorCount" : 0,
    "errorPct" : 0.0,
    "meanResTime" : 987.5035629453681,
    "medianResTime" : 915.0,
    "minResTime" : 226.0,
    "maxResTime" : 2164.0,
    "pct1ResTime" : 1322.8,
    "pct2ResTime" : 1523.2999999999997,
    "pct3ResTime" : 1946.859999999999,
    "throughput" : 0.12036938820614444,
    "receivedKBytesPerSec" : 158.56003660901993,
    "sentKBytesPerSec" : 3.413552035779443
  },
  "4.0 Vaccination for hpv" : {
    "transaction" : "4.0 Vaccination for hpv",
    "sampleCount" : 423,
    "errorCount" : 0,
    "errorPct" : 0.0,
    "meanResTime" : 995.6548463356971,
    "medianResTime" : 925.0,
    "minResTime" : 375.0,
    "maxResTime" : 4438.0,
    "pct1ResTime" : 1378.6,
    "pct2ResTime" : 1507.5999999999995,
    "pct3ResTime" : 1810.3599999999997,
    "throughput" : 0.12135159861366557,
    "receivedKBytesPerSec" : 159.92186669607577,
    "sentKBytesPerSec" : 3.4561655406859204
  },
  "7.6 First name search" : {
    "transaction" : "7.6 First name search",
    "sampleCount" : 27,
    "errorCount" : 0,
    "errorPct" : 0.0,
    "meanResTime" : 2831.5555555555543,
    "medianResTime" : 2035.0,
    "minResTime" : 760.0,
    "maxResTime" : 9142.0,
    "pct1ResTime" : 6491.0,
    "pct2ResTime" : 8187.199999999995,
    "pct3ResTime" : 9142.0,
    "throughput" : 0.007861701604165654,
    "receivedKBytesPerSec" : 4.3669625475087,
    "sentKBytesPerSec" : 0.057966684892954194
  },
  "1.2 Sign-in page" : {
    "transaction" : "1.2 Sign-in page",
    "sampleCount" : 1694,
    "errorCount" : 0,
    "errorPct" : 0.0,
    "meanResTime" : 163.59031877213692,
    "medianResTime" : 110.0,
    "minResTime" : 16.0,
    "maxResTime" : 7978.0,
    "pct1ResTime" : 279.0,
    "pct2ResTime" : 481.25,
    "pct3ResTime" : 841.9999999999991,
    "throughput" : 0.47141772619702255,
    "receivedKBytesPerSec" : 210.56257982915838,
    "sentKBytesPerSec" : 3.9992157053692083
  },
  "2.4 Patient attending session" : {
    "transaction" : "2.4 Patient attending session",
    "sampleCount" : 1137,
    "errorCount" : 9,
    "errorPct" : 0.7915567,
    "meanResTime" : 490.9454705364993,
    "medianResTime" : 434.0,
    "minResTime" : 98.0,
    "maxResTime" : 1745.0,
    "pct1ResTime" : 706.0,
    "pct2ResTime" : 853.0,
    "pct3ResTime" : 1158.7199999999993,
    "throughput" : 0.3200443164267178,
    "receivedKBytesPerSec" : 145.30616436017314,
    "sentKBytesPerSec" : 2.805697156077619
  },
  "Check STS status" : {
    "transaction" : "Check STS status",
    "sampleCount" : 1,
    "errorCount" : 0,
    "errorPct" : 0.0,
    "meanResTime" : 31.0,
    "medianResTime" : 31.0,
    "minResTime" : 31.0,
    "maxResTime" : 31.0,
    "pct1ResTime" : 31.0,
    "pct2ResTime" : 31.0,
    "pct3ResTime" : 31.0,
    "throughput" : 32.25806451612903,
    "receivedKBytesPerSec" : 10.112147177419354,
    "sentKBytesPerSec" : 19.027217741935484
  },
  "1.1 Homepage" : {
    "transaction" : "1.1 Homepage",
    "sampleCount" : 1696,
    "errorCount" : 0,
    "errorPct" : 0.0,
    "meanResTime" : 159.06898584905633,
    "medianResTime" : 113.0,
    "minResTime" : 27.0,
    "maxResTime" : 8125.0,
    "pct1ResTime" : 246.5999999999999,
    "pct2ResTime" : 398.14999999999986,
    "pct3ResTime" : 762.4199999999996,
    "throughput" : 0.4714083602716157,
    "receivedKBytesPerSec" : 210.345252911645,
    "sentKBytesPerSec" : 3.9906776938166564
  },
  "1.3 Sign-in" : {
    "transaction" : "1.3 Sign-in",
    "sampleCount" : 1693,
    "errorCount" : 0,
    "errorPct" : 0.0,
    "meanResTime" : 177.01890135853543,
    "medianResTime" : 115.0,
    "minResTime" : 73.0,
    "maxResTime" : 7809.0,
    "pct1ResTime" : 339.2000000000003,
    "pct2ResTime" : 456.2999999999995,
    "pct3ResTime" : 860.2399999999998,
    "throughput" : 0.4711456018015406,
    "receivedKBytesPerSec" : 210.6492140018879,
    "sentKBytesPerSec" : 4.157810365425871
  },
  "Run some searches" : {
    "transaction" : "Run some searches",
    "sampleCount" : 27,
    "errorCount" : 0,
    "errorPct" : 0.0,
    "meanResTime" : 10528.777777777777,
    "medianResTime" : 9290.0,
    "minResTime" : 5528.0,
    "maxResTime" : 18668.0,
    "pct1ResTime" : 16465.399999999998,
    "pct2ResTime" : 18517.2,
    "pct3ResTime" : 18668.0,
    "throughput" : 0.007835603239876835,
    "receivedKBytesPerSec" : 31.683255748920427,
    "sentKBytesPerSec" : 0.4644023284800961
  },
  "4.0 Vaccination for td_ipv" : {
    "transaction" : "4.0 Vaccination for td_ipv",
    "sampleCount" : 388,
    "errorCount" : 0,
    "errorPct" : 0.0,
    "meanResTime" : 1052.7706185567008,
    "medianResTime" : 974.5,
    "minResTime" : 252.0,
    "maxResTime" : 2893.0,
    "pct1ResTime" : 1421.7000000000003,
    "pct2ResTime" : 1679.0,
    "pct3ResTime" : 2180.370000000001,
    "throughput" : 0.11227982447306616,
    "receivedKBytesPerSec" : 148.23029388475388,
    "sentKBytesPerSec" : 3.1887380283988374
  },
  "2.1 Open session" : {
    "transaction" : "2.1 Open session",
    "sampleCount" : 1658,
    "errorCount" : 0,
    "errorPct" : 0.0,
    "meanResTime" : 379.9324487334141,
    "medianResTime" : 327.0,
    "minResTime" : 134.0,
    "maxResTime" : 2506.0,
    "pct1ResTime" : 608.1000000000001,
    "pct2ResTime" : 715.0999999999999,
    "pct3ResTime" : 1086.4600000000005,
    "throughput" : 0.4632923262807462,