{
  "7.3 Safe to vaccinate" : {
    "transaction" : "7.3 Safe to vaccinate",
    "sampleCount" : 4,
    "errorCount" : 0,
    "errorPct" : 0.0,
    "meanResTime" : 800.25,
    "medianResTime" : 734.0,
    "minResTime" : 101.0,
    "maxResTime" : 1632.0,
    "pct1ResTime" : 1632.0,
    "pct2ResTime" : 1632.0,
    "pct3ResTime" : 1632.0,
    "throughput" : 0.009986568065951296,
    "receivedKBytesPerSec" : 3.0828701412225556,
    "sentKBytesPerSec" : 0.043718054685198404
  },
  "2.0 Register attendance" : {
    "transaction" : "2.0 Register attendance",
    "sampleCount" : 292,
    "errorCount" : 0,
    "errorPct" : 0.0,
    "meanResTime" : 7733.609589041092,
    "medianResTime" : 5921.5,
    "minResTime" : 687.0,
    "maxResTime" : 30869.0,
    "pct1ResTime" : 17567.2,
    "pct2ResTime" : 21300.949999999993,
    "pct3ResTime" : 29172.23,
    "throughput" : 0.5096679827271426,
    "receivedKBytesPerSec" : 653.7431619727467,
    "sentKBytesPerSec" : 8.678822048965653
  },
  "2.5 Select patient" : {
    "transaction" : "2.5 Select patient",
    "sampleCount" : 285,
    "errorCount" : 0,
    "errorPct" : 0.0,
    "meanResTime" : 1365.0771929824557,
    "medianResTime" : 324.0,
    "minResTime" : 79.0,
    "maxResTime" : 20671.0,
    "pct1ResTime" : 4251.200000000003,
    "pct2ResTime" : 5380.399999999995,
    "pct3ResTime" : 11938.699999999884,
    "throughput" : 0.5058779467390397,
    "receivedKBytesPerSec" : 158.3330821046564,
    "sentKBytesPerSec" : 2.106852335891419
  },
  "2.3 Search by first/last name" : {
    "transaction" : "2.3 Search by first/last name",
    "sampleCount" : 292,
    "errorCount" : 0,
    "errorPct" : 0.0,
    "meanResTime" : 1465.3664383561638,
    "medianResTime" : 297.5,
    "minResTime" : 70.0,
    "maxResTime" : 22855.0,
    "pct1ResTime" : 3660.1,
    "pct2ResTime" : 6499.299999999965,
    "pct3ResTime" : 19668.59999999999,
    "throughput" : 0.5104689846387295,
    "receivedKBytesPerSec" : 158.6217905573727,
    "sentKBytesPerSec" : 2.2094913715226485
  },
  "4.0 Vaccination for flu" : {
    "transaction" : "4.0 Vaccination for flu",
    "sampleCount" : 71,
    "errorCount" : 50,
    "errorPct" : 70.42254,
    "meanResTime" : 3084.7183098591554,
    "medianResTime" : 1820.0,
    "minResTime" : 78.0,
    "maxResTime" : 15631.0,
    "pct1ResTime" : 9407.799999999997,
    "pct2ResTime" : 10897.199999999988,
    "pct3ResTime" : 15631.0,
    "throughput" : 0.1382016654273935,
    "receivedKBytesPerSec" : 113.12108935516271,
    "sentKBytesPerSec" : 1.9050232016994912
  },
  "4.0 Vaccination for hpv" : {
    "transaction" : "4.0 Vaccination for hpv",
    "sampleCount" : 71,
    "errorCount" : 52,
    "errorPct" : 73.23943,
    "meanResTime" : 3180.8450704225347,
    "medianResTime" : 1657.0,
    "minResTime" : 132.0,
    "maxResTime" : 16881.0,
    "pct1ResTime" : 9844.8,
    "pct2ResTime" : 11764.399999999994,
    "pct3ResTime" : 16881.0,
    "throughput" : 0.1410773541041588,
    "receivedKBytesPerSec" : 120.54277330943133,
    "sentKBytesPerSec" : 1.96654892627218
  },
  "1.2 Sign-in page" : {
    "transaction" : "1.2 Sign-in page",
    "sampleCount" : 312,
    "errorCount" : 0,
    "errorPct" : 0.0,
    "meanResTime" : 1236.7692307692307,
    "medianResTime" : 458.5,
    "minResTime" : 14.0,
    "maxResTime" : 13896.0,
    "pct1ResTime" : 3752.4999999999995,
    "pct2ResTime" : 5205.249999999999,
    "pct3ResTime" : 7738.9900000000025,
    "throughput" : 0.5236797228525775,
    "receivedKBytesPerSec" : 157.95371295952057,
    "sentKBytesPerSec" : 2.4635852061107717
  },
  "7.1 Name search" : {
    "transaction" : "7.1 Name search",
    "sampleCount" : 4,
    "errorCount" : 0,
    "errorPct" : 0.0,
    "meanResTime" : 7195.75,
    "medianResTime" : 7062.0,
    "minResTime" : 6056.0,
    "maxResTime" : 8603.0,
    "pct1ResTime" : 8603.0,
    "pct2ResTime" : 8603.0,
    "pct3ResTime" : 8603.0,
    "throughput" : 0.00971680375457297,
    "receivedKBytesPerSec" : 3.030990398127815,
    "sentKBytesPerSec" : 0.04211247564726059
  },
  "2.4 Patient attending session" : {
    "transaction" : "2.4 Patient attending session",
    "sampleCount" : 17,
    "errorCount" : 0,
    "errorPct" : 0.0,
    "meanResTime" : 3859.882352941176,
    "medianResTime" : 2940.0,
    "minResTime" : 967.0,
    "maxResTime" : 9520.0,
    "pct1ResTime" : 7807.999999999998,
    "pct2ResTime" : 9520.0,
    "pct3ResTime" : 9520.0,
    "throughput" : 0.03581473249554949,
    "receivedKBytesPerSec" : 10.901370489582126,
    "sentKBytesPerSec" : 0.18309582481855624
  },
  "Check STS status" : {
    "transaction" : "Check STS status",
    "sampleCount" : 1,
    "errorCount" : 0,
    "errorPct" : 0.0,
    "meanResTime" : 34.0,
    "medianResTime" : 34.0,
    "minResTime" : 34.0,
    "maxResTime" : 34.0,
    "pct1ResTime" : 34.0,
    "pct2ResTime" : 34.0,
    "pct3ResTime" : 34.0,
    "throughput" : 29.41176470588235,
    "receivedKBytesPerSec" : 9.219898897058822,
    "sentKBytesPerSec" : 17.348345588235293
  },
  "1.1 Homepage" : {
    "transaction" : "1.1 Homepage",
    "sampleCount" : 313,
    "errorCount" : 0,
    "errorPct" : 0.0,
    "meanResTime" : 1243.9233226837057,
    "medianResTime" : 371.0,
    "minResTime" : 32.0,
    "maxResTime" : 18115.0,
    "pct1ResTime" : 3673.0,
    "pct2ResTime" : 5429.9000000000015,
    "pct3ResTime" : 9568.18000000001,
    "throughput" : 0.5187787980243312,
    "receivedKBytesPerSec" : 162.8885289207785,
    "sentKBytesPerSec" : 2.4078479407340803
  },
  "1.3 Sign-in" : {
    "transaction" : "1.3 Sign-in",
    "sampleCount" : 309,
    "errorCount" : 0,
    "errorPct" : 0.0,
    "meanResTime" : 2325.4466019417487,
    "medianResTime" : 991.0,
    "minResTime" : 95.0,
    "maxResTime" : 20165.0,
    "pct1ResTime" : 5840.0,
    "pct2ResTime" : 9166.5,
    "pct3ResTime" : 17756.299999999985,
    "throughput" : 0.5216070222822417,
    "receivedKBytesPerSec" : 159.88580120326216,
    "sentKBytesPerSec" : 2.7737045545661716
  },
  "Run some searches" : {
    "transaction" : "Run some searches",
    "sampleCount" : 4,
    "errorCount" : 0,
    "errorPct" : 0.0,
    "meanResTime" : 16056.25,
    "medianResTime" : 13221.5,
    "minResTime" : 11745.0,
    "maxResTime" : 26037.0,
    "pct1ResTime" : 26037.0,
    "pct2ResTime" : 26037.0,
    "pct3ResTime" : 26037.0,
    "throughput" : 0.010089697409974674,
    "receivedKBytesPerSec" : 17.88482864619593,
    "sentKBytesPerSec" : 0.22063330508218057
  },
  "4.0 Vaccination for td_ipv" : {
    "transaction" : "4.0 Vaccination for td_ipv",
    "sampleCount" : 67,
    "errorCount" : 47,
    "errorPct" : 70.149254,
    "meanResTime" : 3578.3880597014927,
    "medianResTime" : 2539.0,
    "minResTime" : 101.0,
    "maxResTime" : 19144.0,
    "pct1ResTime" : 9058.800000000001,
    "pct2ResTime" : 11177.399999999996,
    "pct3ResTime" : 19144.0,
    "throughput" : 0.13698826194609204,
    "receivedKBytesPerSec" : 110.9284354694557,
    "sentKBytesPerSec" : 1.9027367686206917
  },
  "2.1 Open session" : {
    "transaction" : "2.1 Open session",
    "sampleCount" : 297,
    "errorCount" : 0,
    "errorPct" : 0.0,
    "meanResTime" : 2940.5791245791247,
    "medianResTime" : 1605.0,
    "minResTime" : 266.0,
    "maxResTime" : 26308.0,
    "pct1ResTime" : 6840.799999999999,
    "pct2ResTime" : 10326.499999999989,
    "pct3ResTime" : 20441.659999999953,
    "throughput" : 0.5071322949358487,
    "receivedKBytesPerSec" : 155.62652315776083,
    "sentKBytesPerSec" : 2.111982363812781
  },
  "4.3 Vaccination confirm" : {
    "transaction" : "4.3 Vaccination confirm",
    "sampleCount" : 242,
    "errorCount" : 165,
    "errorPct" : 68.181816,
    "meanResTime" : 1705.611570247934,
    "medianResTime" : 302.0,
    "minResTime" : 13.0,
    "maxResTime" : 14251.0,
    "pct1ResTime" : 5615.000000000002,
    "pct2ResTime" : 7948.2,
    "pct3ResTime" : 12491.579999999987,
    "throughput" : 0.5131641446698785,
    "receivedKBytesPerSec" : 152.84251163697772,
    "sentKBytesPerSec" : 2.504512219721195
  },