{
  "4.3 Vaccination confirm" : {
    "transaction" : "4.3 Vaccination confirm",
    "sampleCount" : 36,
    "errorCount" : 0,
    "errorPct" : 0.0,
    "meanResTime" : 1166.916666666667,
    "medianResTime" : 1148.0,
    "minResTime" : 949.0,
    "maxResTime" : 1461.0,
    "pct1ResTime" : 1430.7,
    "pct2ResTime" : 1452.5,
    "pct3ResTime" : 1461.0,
    "throughput" : 0.09382770106494441,
    "receivedKBytesPerSec" : 1.8990259389611708,
    "sentKBytesPerSec" : 0.21833826173106896
  },
  "4.1 Vaccination questions" : {
    "transaction" : "4.1 Vaccination questions",
    "sampleCount" : 39,
    "errorCount" : 0,
    "errorPct" : 0.0,
    "meanResTime" : 592.2820512820514,
    "medianResTime" : 562.0,
    "minResTime" : 471.0,
    "maxResTime" : 850.0,
    "pct1ResTime" : 714.0,
    "pct2ResTime" : 730.0,
    "pct3ResTime" : 850.0,
    "throughput" : 0.0940990259544416,
    "receivedKBytesPerSec" : 1.0913069502686648,
    "sentKBytesPerSec" : 0.18479092071071307
  },
  "2.0 Register attendance" : {
    "transaction" : "2.0 Register attendance",
    "sampleCount" : 22,
    "errorCount" : 0,
    "errorPct" : 0.0,
    "meanResTime" : 2773.8636363636365,
    "medianResTime" : 2787.0,
    "minResTime" : 2153.0,
    "maxResTime" : 3301.0,
    "pct1ResTime" : 3204.0,
    "pct2ResTime" : 3287.35,
    "pct3ResTime" : 3301.0,
    "throughput" : 0.04369709175992023,
    "receivedKBytesPerSec" : 7.814841192727016,
    "sentKBytesPerSec" : 0.18749132575486727
  },
  "1.0 Login" : {
    "transaction" : "1.0 Login",
    "sampleCount" : 10,
    "errorCount" : 0,
    "errorPct" : 0.0,
    "meanResTime" : 1760.5,
    "medianResTime" : 1725.0,
    "minResTime" : 1681.0,
    "maxResTime" : 1940.0,
    "pct1ResTime" : 1936.5,
    "pct2ResTime" : 1940.0,
    "pct3ResTime" : 1940.0,
    "throughput" : 0.18056082191286135,
    "receivedKBytesPerSec" : 8.652813137605403,
    "sentKBytesPerSec" : 0.8596035222902334
  },
  "4.0 Vaccination for menacwy" : {
    "transaction" : "4.0 Vaccination for menacwy",
    "sampleCount" : 9,
    "errorCount" : 0,
    "errorPct" : 0.0,
    "meanResTime" : 2292.4444444444443,
    "medianResTime" : 2319.0,
    "minResTime" : 2096.0,
    "maxResTime" : 2491.0,
    "pct1ResTime" : 2491.0,
    "pct2ResTime" : 2491.0,
    "pct3ResTime" : 2491.0,
    "throughput" : 0.04741084127903914,
    "receivedKBytesPerSec" : 2.4669122125717746,
    "sentKBytesPerSec" : 0.2810234403808671
  },
  "2.5 Select patient" : {
    "transaction" : "2.5 Select patient",
    "sampleCount" : 21,
    "errorCount" : 0,
    "errorPct" : 0.0,
    "meanResTime" : 394.3809523809524,
    "medianResTime" : 390.0,
    "minResTime" : 364.0,
    "maxResTime" : 503.0,
    "pct1ResTime" : 435.6,
    "pct2ResTime" : 496.9999999999999,
    "pct3ResTime" : 503.0,
    "throughput" : 0.0499998809526644,
    "receivedKBytesPerSec" : 1.2489414087704553,
    "sentKBytesPerSec" : 0.034667886207413796
  },
  "1.4 Select Organisations" : {
    "transaction" : "1.4 Select Organisations",
    "sampleCount" : 10,
    "errorCount" : 0,
    "errorPct" : 0.0,
    "meanResTime" : 433.8,
    "medianResTime" : 431.5,
    "minResTime" : 426.0,
    "maxResTime" : 460.0,
    "pct1ResTime" : 457.8,
    "pct2ResTime" : 460.0,
    "pct3ResTime" : 460.0,
    "throughput" : 0.18838777740100224,
    "receivedKBytesPerSec" : 2.7067864930673298,
    "sentKBytesPerSec" : 0.27227920952488605
  },
  "2.5 Select menacwy" : {
    "transaction" : "2.5 Select menacwy",
    "sampleCount" : 13,
    "errorCount" : 0,
    "errorPct" : 0.0,
    "meanResTime" : 586.0769230769231,
    "medianResTime" : 689.0,
    "minResTime" : 379.0,
    "maxResTime" : 738.0,
    "pct1ResTime" : 729.2,
    "pct2ResTime" : 738.0,
    "pct3ResTime" : 738.0,
    "throughput" : 0.03411545193788888,
    "receivedKBytesPerSec" : 0.7711035233389054,
    "sentKBytesPerSec" : 0.023787531917629553
  },
  "2.3 Search by first/last name" : {
    "transaction" : "2.3 Search by first/last name",
    "sampleCount" : 23,
    "errorCount" : 0,
    "errorPct" : 0.0,
    "meanResTime" : 466.0869565217391,
    "medianResTime" : 426.0,
    "minResTime" : 387.0,
    "maxResTime" : 725.0,
    "pct1ResTime" : 705.8,
    "pct2ResTime" : 721.4,
    "pct3ResTime" : 725.0,
    "throughput" : 0.044368567763341915,
    "receivedKBytesPerSec" : 1.4536263316598668,
    "sentKBytesPerSec" : 0.03825922395999113
  },
  "2.5 Select td_ipv" : {
    "transaction" : "2.5 Select td_ipv",
    "sampleCount" : 9,
    "errorCount" : 0,
    "errorPct" : 0.0,
    "meanResTime" : 458.8888888888889,
    "medianResTime" : 401.0,
    "minResTime" : 372.0,
    "maxResTime" : 690.0,
    "pct1ResTime" : 690.0,
    "pct2ResTime" : 690.0,
    "pct3ResTime" : 690.0,
    "throughput" : 0.04837773334193382,
    "receivedKBytesPerSec" : 1.1095015296098605,
    "sentKBytesPerSec" : 0.03368488659453009
  },
  "4.0 Vaccination for hpv" : {
    "transaction" : "4.0 Vaccination for hpv",
    "sampleCount" : 21,
    "errorCount" : 0,
    "errorPct" : 0.0,
    "meanResTime" : 2050.0,
    "medianResTime" : 2180.0,
    "minResTime" : 941.0,
    "maxResTime" : 2406.0,
    "pct1ResTime" : 2339.6,
    "pct2ResTime" : 2399.5,
    "pct3ResTime" : 2406.0,
    "throughput" : 0.050284346004190364,
    "receivedKBytesPerSec" : 2.384694889254714,
    "sentKBytesPerSec" : 0.2784883829691709
  },
  "1.2 Sign-in page" : {
    "transaction" : "1.2 Sign-in page",
    "sampleCount" : 10,
    "errorCount" : 0,
    "errorPct" : 0.0,
    "meanResTime" : 109.5,
    "medianResTime" : 109.0,
    "minResTime" : 107.0,
    "maxResTime" : 114.0,
    "pct1ResTime" : 113.7,
    "pct2ResTime" : 114.0,
    "pct3ResTime" : 114.0,
    "throughput" : 0.18846233580218993,
    "receivedKBytesPerSec" : 1.1357432365579239,
    "sentKBytesPerSec" : 0.11355591913081171
  },
  "2.5 Select hpv" : {
    "transaction" : "2.5 Select hpv",
    "sampleCount" : 21,
    "errorCount" : 0,
    "errorPct" : 0.0,
    "meanResTime" : 495.04761904761904,
    "medianResTime" : 410.0,
    "minResTime" : 363.0,
    "maxResTime" : 765.0,
    "pct1ResTime" : 742.6,
    "pct2ResTime" : 763.6,
    "pct3ResTime" : 765.0,
    "throughput" : 0.05038569046390825,
    "receivedKBytesPerSec" : 1.032794186451048,
    "sentKBytesPerSec" : 0.037543243968712885
  },
  "2.4 Patient attending session" : {
    "transaction" : "2.4 Patient attending session",
    "sampleCount" : 22,
    "errorCount" : 0,
    "errorPct" : 0.0,
    "meanResTime" : 659.318181818182,
    "medianResTime" : 660.5,
    "minResTime" : 601.0,
    "maxResTime" : 739.0,
    "pct1ResTime" : 706.5,
    "pct2ResTime" : 734.3499999999999,
    "pct3ResTime" : 739.0,
    "throughput" : 0.04371393600279769,
    "receivedKBytesPerSec" : 1.3767270264638207,
    "sentKBytesPerSec" : 0.06497325253540828
  },
  "1.5 Open Sessions list" : {
    "transaction" : "1.5 Open Sessions list",
    "sampleCount" : 10,
    "errorCount" : 0,
    "errorPct" : 0.0,
    "meanResTime" : 337.79999999999995,
    "medianResTime" : 332.5,
    "minResTime" : 328.0,
    "maxResTime" : 362.0,
    "pct1ResTime" : 361.1,
    "pct2ResTime" : 362.0,
    "pct3ResTime" : 362.0,
    "throughput" : 0.17680964673432584,
    "receivedKBytesPerSec" : 2.2387830855051454,
    "sentKBytesPerSec" : 0.10567139043106191
  },
  "Total" : {
    "transaction" : "Total",
    "sampleCount" : 319,
    "errorCount" : 0,
    "errorPct" : 0.0,
    "meanResTime" : 586.169278996865,
    "medianResTime" : 488.0,
    "minResTime" : 107.0,
    "maxResTime" : 1461.0,
    "pct1ResTime" : 991.0,
    "pct2ResTime" : 1291.0,
    "pct3ResTime" : 1435.2,
    "throughput" : 0.5321145297291888,
    "receivedKBytesPerSec" : 12.308641022860908,
    "sentKBytesPerSec" : 0.6641543742024537
  },
  "4.2 Vaccination batch" : {
    "transaction" : "4.2 Vaccination batch",
    "sampleCount" : 39,
    "errorCount" : 0,
    "errorPct" : 0.0,
    "meanResTime" : 500.5384615384615,
    "medianResTime" : 481.0,
    "minResTime" : 464.0,
    "maxResTime" : 672.0,
    "pct1ResTime" : 569.0,