{
  "4.3 Vaccination confirm" : {
    "transaction" : "4.3 Vaccination confirm",
    "sampleCount" : 1536,
    "errorCount" : 0,
    "errorPct" : 0.0,
    "meanResTime" : 1526.5214843749982,
    "medianResTime" : 1107.0,
    "minResTime" : 580.0,
    "maxResTime" : 9663.0,
    "pct1ResTime" : 2849.2,
    "pct2ResTime" : 4126.099999999988,
    "pct3ResTime" : 6980.2999999999865,
    "throughput" : 0.4457618668135514,
    "receivedKBytesPerSec" : 181.60606852471395,
    "sentKBytesPerSec" : 4.54276201197274
  },
  "4.1 Vaccination questions" : {
    "transaction" : "4.1 Vaccination questions",
    "sampleCount" : 1559,
    "errorCount" : 0,
    "errorPct" : 0.0,
    "meanResTime" : 418.20012828736395,
    "medianResTime" : 181.0,
    "minResTime" : 89.0,
    "maxResTime" : 6391.0,
    "pct1ResTime" : 1018.0,
    "pct2ResTime" : 1517.0,
    "pct3ResTime" : 3701.600000000002,
    "throughput" : 0.44610703650151357,
    "receivedKBytesPerSec" : 178.45032937772217,
    "sentKBytesPerSec" : 4.1382817375718846
  },
  "2.0 Register attendance" : {
    "transaction" : "2.0 Register attendance",
    "sampleCount" : 1582,
    "errorCount" : 15,
    "errorPct" : 0.9481669,
    "meanResTime" : 3060.065107458912,
    "medianResTime" : 2648.0,
    "minResTime" : 569.0,
    "maxResTime" : 15050.0,
    "pct1ResTime" : 5089.4,
    "pct2ResTime" : 6328.4,
    "pct3ResTime" : 9160.030000000004,
    "throughput" : 0.44287735908479475,
    "receivedKBytesPerSec" : 884.8969183131678,
    "sentKBytesPerSec" : 15.775880908122545
  },
  "Reset counters" : {
    "transaction" : "Reset counters",
    "sampleCount" : 1,
    "errorCount" : 0,
    "errorPct" : 0.0,
    "meanResTime" : 34.0,
    "medianResTime" : 34.0,
    "minResTime" : 34.0,
    "maxResTime" : 34.0,
    "pct1ResTime" : 34.0,
    "pct2ResTime" : 34.0,
    "pct3ResTime" : 34.0,
    "throughput" : 29.41176470588235,
    "receivedKBytesPerSec" : 0.0,
    "sentKBytesPerSec" : 0.0
  },
  "1.0 Login" : {
    "transaction" : "1.0 Login",
    "sampleCount" : 1599,
    "errorCount" : 0,
    "errorPct" : 0.0,
    "meanResTime" : 2037.715447154473,
    "medianResTime" : 1747.0,
    "minResTime" : 300.0,
    "maxResTime" : 11278.0,
    "pct1ResTime" : 3385.0,
    "pct2ResTime" : 4271.0,
    "pct3ResTime" : 5951.0,
    "throughput" : 0.44520560340951204,
    "receivedKBytesPerSec" : 752.7112708995527,
    "sentKBytesPerSec" : 14.49785171634208
  },
  "4.0 Vaccination for menacwy" : {
    "transaction" : "4.0 Vaccination for menacwy",
    "sampleCount" : 370,
    "errorCount" : 0,
    "errorPct" : 0.0,
    "meanResTime" : 2363.4810810810823,
    "medianResTime" : 1746.0,
    "minResTime" : 354.0,
    "maxResTime" : 11139.0,
    "pct1ResTime" : 4610.6,
    "pct2ResTime" : 6345.299999999999,
    "pct3ResTime" : 8686.470000000007,
    "throughput" : 0.10685183029965585,
    "receivedKBytesPerSec" : 128.85762491547516,
    "sentKBytesPerSec" : 3.0031986149548087
  },
  "2.5 Select patient" : {
    "transaction" : "2.5 Select patient",
    "sampleCount" : 1579,
    "errorCount" : 0,
    "errorPct" : 0.0,
    "meanResTime" : 296.5592146928432,
    "medianResTime" : 129.0,
    "minResTime" : 76.0,
    "maxResTime" : 5054.0,
    "pct1ResTime" : 636.0,
    "pct2ResTime" : 1184.0,
    "pct3ResTime" : 2538.4000000000124,
    "throughput" : 0.4464130471351676,
    "receivedKBytesPerSec" : 183.7069584642557,
    "sentKBytesPerSec" : 3.1822998198656913
  },
  "Initialise vaccination list" : {
    "transaction" : "Initialise vaccination list",
    "sampleCount" : 1,
    "errorCount" : 0,
    "errorPct" : 0.0,
    "meanResTime" : 43.0,
    "medianResTime" : 43.0,
    "minResTime" : 43.0,
    "maxResTime" : 43.0,
    "pct1ResTime" : 43.0,
    "pct2ResTime" : 43.0,
    "pct3ResTime" : 43.0,
    "throughput" : 23.25581395348837,
    "receivedKBytesPerSec" : 6.676962209302326,
    "sentKBytesPerSec" : 14.353197674418606
  },
  "2.3 Search by first/last name" : {
    "transaction" : "2.3 Search by first/last name",
    "sampleCount" : 1588,
    "errorCount" : 0,
    "errorPct" : 0.0,
    "meanResTime" : 260.4760705289675,
    "medianResTime" : 132.0,
    "minResTime" : 84.0,
    "maxResTime" : 4051.0,
    "pct1ResTime" : 549.1000000000001,
    "pct2ResTime" : 905.0999999999999,
    "pct3ResTime" : 2042.989999999999,
    "throughput" : 0.44519228774448427,
    "receivedKBytesPerSec" : 184.92410456434584,
    "sentKBytesPerSec" : 3.2921667866788824
  },
  "4.0 Vaccination for flu" : {
    "transaction" : "4.0 Vaccination for flu",
    "sampleCount" : 395,
    "errorCount" : 0,
    "errorPct" : 0.0,
    "meanResTime" : 2296.260759493668,
    "medianResTime" : 1845.0,
    "minResTime" : 208.0,
    "maxResTime" : 10500.0,
    "pct1ResTime" : 4375.200000000002,
    "pct2ResTime" : 5627.199999999999,
    "pct3ResTime" : 8076.560000000017,
    "throughput" : 0.1132323300948887,
    "receivedKBytesPerSec" : 136.07507537743632,
    "sentKBytesPerSec" : 3.1741767270546153
  },
  "4.0 Vaccination for hpv" : {
    "transaction" : "4.0 Vaccination for hpv",
    "sampleCount" : 411,
    "errorCount" : 0,
    "errorPct" : 0.0,
    "meanResTime" : 2300.8467153284687,
    "medianResTime" : 1904.0,
    "minResTime" : 197.0,
    "maxResTime" : 9654.0,
    "pct1ResTime" : 3797.6000000000013,
    "pct2ResTime" : 5069.599999999994,
    "pct3ResTime" : 8604.64,
    "throughput" : 0.11809621997274306,
    "receivedKBytesPerSec" : 141.54872528410976,
    "sentKBytesPerSec" : 3.3199569183157753
  },
  "1.2 Sign-in page" : {
    "transaction" : "1.2 Sign-in page",
    "sampleCount" : 1603,
    "errorCount" : 0,
    "errorPct" : 0.0,
    "meanResTime" : 380.01310043668116,
    "medianResTime" : 166.0,
    "minResTime" : 15.0,
    "maxResTime" : 4600.0,
    "pct1ResTime" : 959.4000000000005,
    "pct2ResTime" : 1500.7999999999993,
    "pct3ResTime" : 2773.040000000001,
    "throughput" : 0.44583432763010267,
    "receivedKBytesPerSec" : 182.06586178343187,
    "sentKBytesPerSec" : 3.7343657805918
  },
  "Debug Sampler" : {
    "transaction" : "Debug Sampler",
    "sampleCount" : 1588,
    "errorCount" : 0,
    "errorPct" : 0.0,
    "meanResTime" : 0.2877833753148609,
    "medianResTime" : 0.0,
    "minResTime" : 0.0,
    "maxResTime" : 15.0,
    "pct1ResTime" : 1.0,
    "pct2ResTime" : 1.0,
    "pct3ResTime" : 1.0,
    "throughput" : 0.44523285425941767,
    "receivedKBytesPerSec" : 2.5580071947477383,
    "sentKBytesPerSec" : 0.0
  },
  "2.4 Patient attending session" : {
    "transaction" : "2.4 Patient attending session",
    "sampleCount" : 1248,
    "errorCount" : 15,
    "errorPct" : 1.2019231,
    "meanResTime" : 1237.2508012820506,
    "medianResTime" : 874.5,
    "minResTime" : 196.0,
    "maxResTime" : 8081.0,
    "pct1ResTime" : 2327.8000000000025,
    "pct2ResTime" : 3276.449999999999,
    "pct3ResTime" : 5806.1,
    "throughput" : 0.3513309757373306,
    "receivedKBytesPerSec" : 146.74620778345204,
    "sentKBytesPerSec" : 3.0427114560993926
  },
  "Check STS status" : {
    "transaction" : "Check STS status",
    "sampleCount" : 1,
    "errorCount" : 0,
    "errorPct" : 0.0,
    "meanResTime" : 19.0,
    "medianResTime" : 19.0,
    "minResTime" : 19.0,
    "maxResTime" : 19.0,
    "pct1ResTime" : 19.0,
    "pct2ResTime" : 19.0,
    "pct3ResTime" : 19.0,
    "throughput" : 52.63157894736842,
    "receivedKBytesPerSec" : 16.49876644736842,
    "sentKBytesPerSec" : 31.044407894736842
  },
  "Total" : {
    "transaction" : "Total",
    "sampleCount" : 20243,
    "errorCount" : 15,
    "errorPct" : 0.07409969,
    "meanResTime" : 580.1314528478933,
    "medianResTime" : 246.0,
    "minResTime" : 0.0,
    "maxResTime" : 9663.0,
    "pct1ResTime" : 1435.0,
    "pct2ResTime" : 2029.9000000000015,
    "pct3ResTime" : 3836.980000000003,
    "throughput" : 5.045105128994987,
    "receivedKBytesPerSec" : 1931.096350149826,
    "sentKBytesPerSec" : 37.9942559840684
  },
  "1.4 Open Sessions list" : {
    "transaction" : "1.4 Open Sessions list",
    "sampleCount" : 1595,