{
  "7.3 Safe to vaccinate" : {
    "transaction" : "7.3 Safe to vaccinate",
    "sampleCount" : 27,
    "errorCount" : 0,
    "errorPct" : 0.0,
    "meanResTime" : 113.51851851851852,
    "medianResTime" : 94.0,
    "minResTime" : 84.0,
    "maxResTime" : 283.0,
    "pct1ResTime" : 155.39999999999992,
    "pct2ResTime" : 264.5999999999999,
    "pct3ResTime" : 283.0,
    "throughput" : 0.007892793645541069,
    "receivedKBytesPerSec" : 3.580117300068229,
    "sentKBytesPerSec" : 0.05867724552537065
  },
  "2.0 Register attendance" : {
    "transaction" : "2.0 Register attendance",
    "sampleCount" : 1702,
    "errorCount" : 2,
    "errorPct" : 0.117508814,
    "meanResTime" : 847.4688601645115,
    "medianResTime" : 811.0,
    "minResTime" : 328.0,
    "maxResTime" : 3092.0,
    "pct1ResTime" : 1205.7,
    "pct2ResTime" : 1405.0,
    "pct3ResTime" : 1815.5800000000004,
    "throughput" : 0.47605834875441655,
    "receivedKBytesPerSec" : 958.7674351650205,
    "sentKBytesPerSec" : 15.683856924240013
  },
  "2.5 Select patient" : {
    "transaction" : "2.5 Select patient",
    "sampleCount" : 1699,
    "errorCount" : 0,
    "errorPct" : 0.0,
    "meanResTime" : 117.9476162448497,
    "medianResTime" : 92.0,
    "minResTime" : 69.0,
    "maxResTime" : 1010.0,
    "pct1ResTime" : 173.0,
    "pct2ResTime" : 287.0,
    "pct3ResTime" : 548.0,
    "throughput" : 0.4781778917449159,
    "receivedKBytesPerSec" : 214.75703556646843,
    "sentKBytesPerSec" : 3.4487922450571635
  },
  "7.1 Full name search" : {
    "transaction" : "7.1 Full name search",
    "sampleCount" : 27,
    "errorCount" : 0,
    "errorPct" : 0.0,
    "meanResTime" : 805.0,
    "medianResTime" : 623.0,
    "minResTime" : 300.0,
    "maxResTime" : 4985.0,
    "pct1ResTime" : 1050.3999999999996,
    "pct2ResTime" : 3531.7999999999925,
    "pct3ResTime" : 4985.0,
    "throughput" : 0.00789012965236381,
    "receivedKBytesPerSec" : 3.653146866343688,
    "sentKBytesPerSec" : 0.05823279825712881
  },
  "2.3 Search by first/last name" : {
    "transaction" : "2.3 Search by first/last name",
    "sampleCount" : 1705,
    "errorCount" : 0,
    "errorPct" : 0.0,
    "meanResTime" : 112.43167155425206,
    "medianResTime" : 90.0,
    "minResTime" : 75.0,
    "maxResTime" : 1053.0,
    "pct1ResTime" : 146.4000000000001,
    "pct2ResTime" : 234.39999999999964,
    "pct3ResTime" : 461.40000000000055,
    "throughput" : 0.47677637649953863,
    "receivedKBytesPerSec" : 215.79470794388442,
    "sentKBytesPerSec" : 3.5656664208215654
  },
  "4.0 Vaccination for flu" : {
    "transaction" : "4.0 Vaccination for flu",
    "sampleCount" : 413,
    "errorCount" : 0,
    "errorPct" : 0.0,
    "meanResTime" : 790.4358353510895,
    "medianResTime" : 722.0,
    "minResTime" : 188.0,
    "maxResTime" : 2668.0,
    "pct1ResTime" : 1080.0,
    "pct2ResTime" : 1249.6,
    "pct3ResTime" : 2006.1200000000047,
    "throughput" : 0.11779513742813569,
    "receivedKBytesPerSec" : 155.40897159711096,
    "sentKBytesPerSec" : 3.346096675492508
  },
  "4.0 Vaccination for hpv" : {
    "transaction" : "4.0 Vaccination for hpv",
    "sampleCount" : 419,
    "errorCount" : 0,
    "errorPct" : 0.0,
    "meanResTime" : 798.5155131264916,
    "medianResTime" : 730.0,
    "minResTime" : 188.0,
    "maxResTime" : 2172.0,
    "pct1ResTime" : 1073.0,
    "pct2ResTime" : 1281.0,
    "pct3ResTime" : 1816.8000000000015,
    "throughput" : 0.12047534568373353,
    "receivedKBytesPerSec" : 158.63766076108647,
    "sentKBytesPerSec" : 3.428197990106789
  },
  "7.6 First name search" : {
    "transaction" : "7.6 First name search",
    "sampleCount" : 27,
    "errorCount" : 0,
    "errorPct" : 0.0,
    "meanResTime" : 1526.8148148148146,
    "medianResTime" : 1205.0,
    "minResTime" : 355.0,
    "maxResTime" : 4668.0,
    "pct1ResTime" : 3397.4,
    "pct2ResTime" : 4185.999999999997,
    "pct3ResTime" : 4668.0,
    "throughput" : 0.007886633441545733,
    "receivedKBytesPerSec" : 4.366539235161591,
    "sentKBytesPerSec" : 0.05814908855345706
  },
  "1.2 Sign-in page" : {
    "transaction" : "1.2 Sign-in page",
    "sampleCount" : 1742,
    "errorCount" : 0,
    "errorPct" : 0.0,
    "meanResTime" : 135.89724454649854,
    "medianResTime" : 96.0,
    "minResTime" : 13.0,
    "maxResTime" : 5347.0,
    "pct1ResTime" : 181.0,
    "pct2ResTime" : 309.39999999999964,
    "pct3ResTime" : 804.4199999999996,
    "throughput" : 0.4843136050141749,
    "receivedKBytesPerSec" : 216.2948464784778,
    "sentKBytesPerSec" : 4.111578444885557
  },
  "2.4 Patient attending session" : {
    "transaction" : "2.4 Patient attending session",
    "sampleCount" : 741,
    "errorCount" : 2,
    "errorPct" : 0.26990554,
    "meanResTime" : 415.18893387314466,
    "medianResTime" : 367.0,
    "minResTime" : 210.0,
    "maxResTime" : 2556.0,
    "pct1ResTime" : 580.8000000000001,
    "pct2ResTime" : 713.0,
    "pct3ResTime" : 1012.0,
    "throughput" : 0.20799410318472372,
    "receivedKBytesPerSec" : 94.51024599021895,
    "sentKBytesPerSec" : 1.8250189827951544
  },
  "Check STS status" : {
    "transaction" : "Check STS status",
    "sampleCount" : 1,
    "errorCount" : 0,
    "errorPct" : 0.0,
    "meanResTime" : 28.0,
    "medianResTime" : 28.0,
    "minResTime" : 28.0,
    "maxResTime" : 28.0,
    "pct1ResTime" : 28.0,
    "pct2ResTime" : 28.0,
    "pct3ResTime" : 28.0,
    "throughput" : 35.714285714285715,
    "receivedKBytesPerSec" : 11.195591517857142,
    "sentKBytesPerSec" : 21.065848214285715
  },
  "1.1 Homepage" : {
    "transaction" : "1.1 Homepage",
    "sampleCount" : 1745,
    "errorCount" : 0,
    "errorPct" : 0.0,
    "meanResTime" : 138.3524355300862,
    "medianResTime" : 100.0,
    "minResTime" : 27.0,
    "maxResTime" : 4908.0,
    "pct1ResTime" : 197.0,
    "pct2ResTime" : 292.6999999999998,
    "pct3ResTime" : 781.7399999999989,
    "throughput" : 0.48476558181037305,
    "receivedKBytesPerSec" : 216.33635502215407,
    "sentKBytesPerSec" : 4.106913835852124
  },
  "1.3 Sign-in" : {
    "transaction" : "1.3 Sign-in",
    "sampleCount" : 1738,
    "errorCount" : 0,
    "errorPct" : 0.0,
    "meanResTime" : 154.10932105868832,
    "medianResTime" : 101.0,
    "minResTime" : 66.0,
    "maxResTime" : 5311.0,
    "pct1ResTime" : 283.10000000000014,
    "pct2ResTime" : 349.0,
    "pct3ResTime" : 803.7599999999984,
    "throughput" : 0.4836943786252727,
    "receivedKBytesPerSec" : 216.23161736760258,
    "sentKBytesPerSec" : 4.26907350975237
  },
  "Run some searches" : {
    "transaction" : "Run some searches",
    "sampleCount" : 27,
    "errorCount" : 0,
    "errorPct" : 0.0,
    "meanResTime" : 8695.777777777781,
    "medianResTime" : 7074.0,
    "minResTime" : 4063.0,
    "maxResTime" : 20048.0,
    "pct1ResTime" : 15400.999999999998,
    "pct2ResTime" : 19089.999999999996,
    "pct3ResTime" : 20048.0,
    "throughput" : 0.007846720419607734,
    "receivedKBytesPerSec" : 31.73166739103521,
    "sentKBytesPerSec" : 0.46503369467117595
  },
  "4.0 Vaccination for td_ipv" : {
    "transaction" : "4.0 Vaccination for td_ipv",
    "sampleCount" : 420,
    "errorCount" : 0,
    "errorPct" : 0.0,
    "meanResTime" : 816.4785714285719,
    "medianResTime" : 757.0,
    "minResTime" : 186.0,
    "maxResTime" : 2739.0,
    "pct1ResTime" : 1115.2000000000003,
    "pct2ResTime" : 1287.1999999999998,
    "pct3ResTime" : 1492.6500000000008,
    "throughput" : 0.12152521083900716,
    "receivedKBytesPerSec" : 160.23569207694325,
    "sentKBytesPerSec" : 3.446895836058006
  },
  "2.1 Open session" : {
    "transaction" : "2.1 Open session",
    "sampleCount" : 1707,
    "errorCount" : 0,
    "errorPct" : 0.0,
    "meanResTime" : 301.8383128295257,
    "medianResTime" : 258.0,
    "minResTime" : 122.0,
    "maxResTime" : 1537.0,
    "pct1ResTime" : 500.20000000000005,
    "pct2ResTime" : 607.3999999999996,
    "pct3ResTime" : 891.960000000001,
    "throughput" : 0.47724449596187407,
    "receivedKBytesPerSec" : 213.29338550128355,