{
  "2.0 Register attendance" : {
    "transaction" : "2.0 Register attendance",
    "sampleCount" : 736,
    "errorCount" : 0,
    "errorPct" : 0.0,
    "meanResTime" : 5641.347826086954,
    "medianResTime" : 5477.0,
    "minResTime" : 3377.0,
    "maxResTime" : 11564.0,
    "pct1ResTime" : 6599.6,
    "pct2ResTime" : 7051.15,
    "pct3ResTime" : 9110.919999999998,
    "throughput" : 0.20997573011499882,
    "receivedKBytesPerSec" : 35.416780003812946,
    "sentKBytesPerSec" : 0.9115613620371013
  },
  "2.5 Select patient" : {
    "transaction" : "2.5 Select patient",
    "sampleCount" : 728,
    "errorCount" : 0,
    "errorPct" : 0.0,
    "meanResTime" : 472.5123626373626,
    "medianResTime" : 402.0,
    "minResTime" : 331.0,
    "maxResTime" : 4739.0,
    "pct1ResTime" : 652.4000000000001,
    "pct2ResTime" : 750.0499999999995,
    "pct3ResTime" : 1319.690000000005,
    "throughput" : 0.20857327855419755,
    "receivedKBytesPerSec" : 5.31481042402618,
    "sentKBytesPerSec" : 0.14461623806003931
  },
  "1.4 Select Organisations" : {
    "transaction" : "1.4 Select Organisations",
    "sampleCount" : 70,
    "errorCount" : 0,
    "errorPct" : 0.0,
    "meanResTime" : 425.35714285714283,
    "medianResTime" : 406.0,
    "minResTime" : 385.0,
    "maxResTime" : 799.0,
    "pct1ResTime" : 486.79999999999995,
    "pct2ResTime" : 501.5,
    "pct3ResTime" : 799.0,
    "throughput" : 0.07974681525397083,
    "receivedKBytesPerSec" : 1.1458153250309304,
    "sentKBytesPerSec" : 0.1152590689217547
  },
  "2.5 Select menacwy" : {
    "transaction" : "2.5 Select menacwy",
    "sampleCount" : 519,
    "errorCount" : 0,
    "errorPct" : 0.0,
    "meanResTime" : 525.3063583815027,
    "medianResTime" : 447.0,
    "minResTime" : 335.0,
    "maxResTime" : 2086.0,
    "pct1ResTime" : 696.0,
    "pct2ResTime" : 825.0,
    "pct3ResTime" : 1428.1999999999935,
    "throughput" : 0.1535129168252819,
    "receivedKBytesPerSec" : 3.468971465121067,
    "sentKBytesPerSec" : 0.1070392798957532
  },
  "2.3 Search by first/last name" : {
    "transaction" : "2.3 Search by first/last name",
    "sampleCount" : 738,
    "errorCount" : 0,
    "errorPct" : 0.0,
    "meanResTime" : 1361.1775067750682,
    "medianResTime" : 1280.5,
    "minResTime" : 1045.0,
    "maxResTime" : 5501.0,
    "pct1ResTime" : 1641.2,
    "pct2ResTime" : 1815.3499999999997,
    "pct3ResTime" : 2445.5200000000004,
    "throughput" : 0.21016737353719378,
    "receivedKBytesPerSec" : 8.857214939764123,
    "sentKBytesPerSec" : 0.18130534647785965
  },
  "2.5 Select td_ipv" : {
    "transaction" : "2.5 Select td_ipv",
    "sampleCount" : 502,
    "errorCount" : 0,
    "errorPct" : 0.0,
    "meanResTime" : 522.0000000000002,
    "medianResTime" : 420.5,
    "minResTime" : 335.0,
    "maxResTime" : 3703.0,
    "pct1ResTime" : 708.8,
    "pct2ResTime" : 882.8499999999999,
    "pct3ResTime" : 2315.8799999999883,
    "throughput" : 0.15311067828030478,
    "receivedKBytesPerSec" : 3.51118955359316,
    "sentKBytesPerSec" : 0.10660929063853253
  },
  "4.0 Vaccination for hpv" : {
    "transaction" : "4.0 Vaccination for hpv",
    "sampleCount" : 701,
    "errorCount" : 0,
    "errorPct" : 0.0,
    "meanResTime" : 2354.443651925819,
    "medianResTime" : 2212.0,
    "minResTime" : 952.0,
    "maxResTime" : 7102.0,
    "pct1ResTime" : 2776.8,
    "pct2ResTime" : 3202.3999999999987,
    "pct3ResTime" : 5293.960000000004,
    "throughput" : 0.20410343997277067,
    "receivedKBytesPerSec" : 10.186556783611485,
    "sentKBytesPerSec" : 1.1982111973993261
  },
  "1.2 Sign-in page" : {
    "transaction" : "1.2 Sign-in page",
    "sampleCount" : 70,
    "errorCount" : 0,
    "errorPct" : 0.0,
    "meanResTime" : 90.37142857142862,
    "medianResTime" : 89.0,
    "minResTime" : 85.0,
    "maxResTime" : 112.0,
    "pct1ResTime" : 96.0,
    "pct2ResTime" : 103.80000000000001,
    "pct3ResTime" : 112.0,
    "throughput" : 0.07886550839523336,
    "receivedKBytesPerSec" : 0.47527251201854015,
    "sentKBytesPerSec" : 0.04751954949204979
  },
  "2.4 Patient attending session" : {
    "transaction" : "2.4 Patient attending session",
    "sampleCount" : 729,
    "errorCount" : 0,
    "errorPct" : 0.0,
    "meanResTime" : 1560.393689986284,
    "medianResTime" : 1459.0,
    "minResTime" : 1220.0,
    "maxResTime" : 6706.0,
    "pct1ResTime" : 1845.0,
    "pct2ResTime" : 2079.5,
    "pct3ResTime" : 3243.7000000000107,
    "throughput" : 0.2081824557876436,
    "receivedKBytesPerSec" : 8.116545343063413,
    "sentKBytesPerSec" : 0.30942743916874377
  },
  "5.4 Consent route" : {
    "transaction" : "5.4 Consent route",
    "sampleCount" : 14,
    "errorCount" : 0,
    "errorPct" : 0.0,
    "meanResTime" : 528.7142857142857,
    "medianResTime" : 478.0,
    "minResTime" : 403.0,
    "maxResTime" : 1097.0,
    "pct1ResTime" : 871.0,
    "pct2ResTime" : 1097.0,
    "pct3ResTime" : 1097.0,
    "throughput" : 0.004890460667422126,
    "receivedKBytesPerSec" : 0.05560340523212921,
    "sentKBytesPerSec" : 0.007625993876968586
  },
  "1.1 Homepage" : {
    "transaction" : "1.1 Homepage",
    "sampleCount" : 70,
    "errorCount" : 0,
    "errorPct" : 0.0,
    "meanResTime" : 272.92857142857144,
    "medianResTime" : 260.0,
    "minResTime" : 247.0,
    "maxResTime" : 500.0,
    "pct1ResTime" : 299.7,
    "pct2ResTime" : 338.8,
    "pct3ResTime" : 500.0,
    "throughput" : 0.07892036934732855,
    "receivedKBytesPerSec" : 0.40731850781311657,
    "sentKBytesPerSec" : 0.042774223620866546
  },
  "1.3 Sign-in" : {
    "transaction" : "1.3 Sign-in",
    "sampleCount" : 70,
    "errorCount" : 0,
    "errorPct" : 0.0,
    "meanResTime" : 519.5285714285716,
    "medianResTime" : 469.5,
    "minResTime" : 450.0,
    "maxResTime" : 1363.0,
    "pct1ResTime" : 630.3,
    "pct2ResTime" : 801.4500000000003,
    "pct3ResTime" : 1363.0,
    "throughput" : 0.07981428356418666,
    "receivedKBytesPerSec" : 0.7745259138450418,
    "sentKBytesPerSec" : 0.1255671980682663
  },
  "4.0 Vaccination for td_ipv" : {
    "transaction" : "4.0 Vaccination for td_ipv",
    "sampleCount" : 490,
    "errorCount" : 0,
    "errorPct" : 0.0,
    "meanResTime" : 2376.948979591838,
    "medianResTime" : 2223.5,
    "minResTime" : 916.0,
    "maxResTime" : 6911.0,
    "pct1ResTime" : 2893.2000000000016,
    "pct2ResTime" : 3299.099999999999,
    "pct3ResTime" : 5435.549999999997,
    "throughput" : 0.15165306483106625,
    "receivedKBytesPerSec" : 8.361189952543423,
    "sentKBytesPerSec" : 0.8937898364940101
  },
  "2.1 Open session" : {
    "transaction" : "2.1 Open session",
    "sampleCount" : 742,
    "errorCount" : 0,
    "errorPct" : 0.0,
    "meanResTime" : 914.5417789757406,
    "medianResTime" : 853.0,
    "minResTime" : 409.0,
    "maxResTime" : 4135.0,
    "pct1ResTime" : 1301.5000000000002,
    "pct2ResTime" : 1509.85,
    "pct3ResTime" : 2197.5000000000027,
    "throughput" : 0.21020663709042284,
    "receivedKBytesPerSec" : 3.5852132326069586,
    "sentKBytesPerSec" : 0.13753754575252275
  },
  "4.3 Vaccination confirm" : {
    "transaction" : "4.3 Vaccination confirm",
    "sampleCount" : 1674,
    "errorCount" : 0,
    "errorPct" : 0.0,
    "meanResTime" : 1240.783154121864,
    "medianResTime" : 1148.0,
    "minResTime" : 840.0,
    "maxResTime" : 6479.0,
    "pct1ResTime" : 1561.5,
    "pct2ResTime" : 1813.75,
    "pct3ResTime" : 4113.75,
    "throughput" : 0.49287495373776763,
    "receivedKBytesPerSec" : 10.106567727595463,
    "sentKBytesPerSec" : 1.1474575374720404
  },
  "5.6 Consent questions" : {
    "transaction" : "5.6 Consent questions",
    "sampleCount" : 14,
    "errorCount" : 0,
    "errorPct" : 0.0,
    "meanResTime" : 568.2857142857142,
    "medianResTime" : 508.0,
    "minResTime" : 430.0,
    "maxResTime" : 1165.0,
    "pct1ResTime" : 930.0,
    "pct2ResTime" : 1165.0,
    "pct3ResTime" : 1165.0,
    "throughput" : 0.0048864834979961925,
    "receivedKBytesPerSec" : 0.05955469933990589,
    "sentKBytesPerSec" : 0.009495170954497765
  },