{
  "2.0 Register attendance" : {
    "transaction" : "2.0 Register attendance",
    "sampleCount" : 13,
    "errorCount" : 0,
    "errorPct" : 0.0,
    "meanResTime" : 5400.769230769231,
    "medianResTime" : 4946.0,
    "minResTime" : 4441.0,
    "maxResTime" : 8192.0,
    "pct1ResTime" : 7614.4,
    "pct2ResTime" : 8192.0,
    "pct3ResTime" : 8192.0,
    "throughput" : 0.026212795473655133,
    "receivedKBytesPerSec" : 5.7167287162182605,
    "sentKBytesPerSec" : 0.11169383996785909
  },
  "2.5 Select patient" : {
    "transaction" : "2.5 Select patient",
    "sampleCount" : 12,
    "errorCount" : 0,
    "errorPct" : 0.0,
    "meanResTime" : 446.24999999999994,
    "medianResTime" : 373.5,
    "minResTime" : 332.0,
    "maxResTime" : 722.0,
    "pct1ResTime" : 711.5,
    "pct2ResTime" : 722.0,
    "pct3ResTime" : 722.0,
    "throughput" : 0.025022520268241418,
    "receivedKBytesPerSec" : 0.6188817820152721,
    "sentKBytesPerSec" : 0.0173495990141127
  },
  "1.4 Select Organisations" : {
    "transaction" : "1.4 Select Organisations",
    "sampleCount" : 7,
    "errorCount" : 0,
    "errorPct" : 0.0,
    "meanResTime" : 426.1428571428571,
    "medianResTime" : 397.0,
    "minResTime" : 385.0,
    "maxResTime" : 609.0,
    "pct1ResTime" : 609.0,
    "pct2ResTime" : 609.0,
    "pct3ResTime" : 609.0,
    "throughput" : 0.18033800494641386,
    "receivedKBytesPerSec" : 2.5911260417740105,
    "sentKBytesPerSec" : 0.26064477277411374
  },
  "2.5 Select menacwy" : {
    "transaction" : "2.5 Select menacwy",
    "sampleCount" : 6,
    "errorCount" : 0,
    "errorPct" : 0.0,
    "meanResTime" : 394.3333333333333,
    "medianResTime" : 354.0,
    "minResTime" : 337.0,
    "maxResTime" : 608.0,
    "pct1ResTime" : 608.0,
    "pct2ResTime" : 608.0,
    "pct3ResTime" : 608.0,
    "throughput" : 0.10926573426573427,
    "receivedKBytesPerSec" : 2.531518469323645,
    "sentKBytesPerSec" : 0.07618724049388112
  },
  "2.3 Search by first/last name" : {
    "transaction" : "2.3 Search by first/last name",
    "sampleCount" : 14,
    "errorCount" : 0,
    "errorPct" : 0.0,
    "meanResTime" : 1428.7142857142858,
    "medianResTime" : 1391.5,
    "minResTime" : 1146.0,
    "maxResTime" : 1872.0,
    "pct1ResTime" : 1790.0,
    "pct2ResTime" : 1872.0,
    "pct3ResTime" : 1872.0,
    "throughput" : 0.02705747975037542,
    "receivedKBytesPerSec" : 1.2751875391367118,
    "sentKBytesPerSec" : 0.023356327560748874
  },
  "2.5 Select td_ipv" : {
    "transaction" : "2.5 Select td_ipv",
    "sampleCount" : 6,
    "errorCount" : 0,
    "errorPct" : 0.0,
    "meanResTime" : 446.5,
    "medianResTime" : 385.5,
    "minResTime" : 339.0,
    "maxResTime" : 600.0,
    "pct1ResTime" : 600.0,
    "pct2ResTime" : 600.0,
    "pct3ResTime" : 600.0,
    "throughput" : 0.10426803837063812,
    "receivedKBytesPerSec" : 2.449738868300779,
    "sentKBytesPerSec" : 0.07260069468580564
  },
  "4.0 Vaccination for flu" : {
    "transaction" : "4.0 Vaccination for flu",
    "sampleCount" : 8,
    "errorCount" : 0,
    "errorPct" : 0.0,
    "meanResTime" : 1942.875,
    "medianResTime" : 1945.0,
    "minResTime" : 1867.0,
    "maxResTime" : 2036.0,
    "pct1ResTime" : 2036.0,
    "pct2ResTime" : 2036.0,
    "pct3ResTime" : 2036.0,
    "throughput" : 0.027981713949933717,
    "receivedKBytesPerSec" : 1.4688726112797785,
    "sentKBytesPerSec" : 0.16316290429204514
  },
  "4.0 Vaccination for hpv" : {
    "transaction" : "4.0 Vaccination for hpv",
    "sampleCount" : 8,
    "errorCount" : 0,
    "errorPct" : 0.0,
    "meanResTime" : 2121.25,
    "medianResTime" : 1982.5,
    "minResTime" : 1913.0,
    "maxResTime" : 3173.0,
    "pct1ResTime" : 3173.0,
    "pct2ResTime" : 3173.0,
    "pct3ResTime" : 3173.0,
    "throughput" : 0.027432396288396783,
    "receivedKBytesPerSec" : 1.4132573163058164,
    "sentKBytesPerSec" : 0.1624579191327248
  },
  "1.2 Sign-in page" : {
    "transaction" : "1.2 Sign-in page",
    "sampleCount" : 7,
    "errorCount" : 0,
    "errorPct" : 0.0,
    "meanResTime" : 89.99999999999999,
    "medianResTime" : 89.0,
    "minResTime" : 86.0,
    "maxResTime" : 96.0,
    "pct1ResTime" : 96.0,
    "pct2ResTime" : 96.0,
    "pct3ResTime" : 96.0,
    "throughput" : 0.13669739103265116,
    "receivedKBytesPerSec" : 0.8237886719360257,
    "sentKBytesPerSec" : 0.08236551783900953
  },
  "2.4 Patient attending session" : {
    "transaction" : "2.4 Patient attending session",
    "sampleCount" : 13,
    "errorCount" : 0,
    "errorPct" : 0.0,
    "meanResTime" : 1547.230769230769,
    "medianResTime" : 1505.0,
    "minResTime" : 1355.0,
    "maxResTime" : 1937.0,
    "pct1ResTime" : 1844.6,
    "pct2ResTime" : 1937.0,
    "pct3ResTime" : 1937.0,
    "throughput" : 0.026489904289938117,
    "receivedKBytesPerSec" : 1.1247901502894533,
    "sentKBytesPerSec" : 0.03937268977469318
  },
  "1.1 Homepage" : {
    "transaction" : "1.1 Homepage",
    "sampleCount" : 7,
    "errorCount" : 0,
    "errorPct" : 0.0,
    "meanResTime" : 318.7142857142857,
    "medianResTime" : 267.0,
    "minResTime" : 261.0,
    "maxResTime" : 630.0,
    "pct1ResTime" : 630.0,
    "pct2ResTime" : 630.0,
    "pct3ResTime" : 630.0,
    "throughput" : 0.1363804625245972,
    "receivedKBytesPerSec" : 0.7038776801196251,
    "sentKBytesPerSec" : 0.0739171452159682
  },
  "1.3 Sign-in" : {
    "transaction" : "1.3 Sign-in",
    "sampleCount" : 7,
    "errorCount" : 0,
    "errorPct" : 0.0,
    "meanResTime" : 433.8571428571429,
    "medianResTime" : 433.0,
    "minResTime" : 425.0,
    "maxResTime" : 449.0,
    "pct1ResTime" : 449.0,
    "pct2ResTime" : 449.0,
    "pct3ResTime" : 449.0,
    "throughput" : 0.1737058911112214,
    "receivedKBytesPerSec" : 1.6856596093478584,
    "sentKBytesPerSec" : 0.27328143611345473
  },
  "4.0 Vaccination for td_ipv" : {
    "transaction" : "4.0 Vaccination for td_ipv",
    "sampleCount" : 6,
    "errorCount" : 0,
    "errorPct" : 0.0,
    "meanResTime" : 4022.0,
    "medianResTime" : 3736.5,
    "minResTime" : 1962.0,
    "maxResTime" : 7218.0,
    "pct1ResTime" : 7218.0,
    "pct2ResTime" : 7218.0,
    "pct3ResTime" : 7218.0,
    "throughput" : 0.09318506554016276,
    "receivedKBytesPerSec" : 5.236078539479406,
    "sentKBytesPerSec" : 0.5524369835994284
  },
  "2.1 Open session" : {
    "transaction" : "2.1 Open session",
    "sampleCount" : 14,
    "errorCount" : 0,
    "errorPct" : 0.0,
    "meanResTime" : 747.7142857142857,
    "medianResTime" : 619.0,
    "minResTime" : 383.0,
    "maxResTime" : 2439.0,
    "pct1ResTime" : 1757.0,
    "pct2ResTime" : 2439.0,
    "pct3ResTime" : 2439.0,
    "throughput" : 0.02715356894873018,
    "receivedKBytesPerSec" : 0.47237853202472524,
    "sentKBytesPerSec" : 0.017196376428956564
  },
  "4.3 Vaccination confirm" : {
    "transaction" : "4.3 Vaccination confirm",
    "sampleCount" : 28,
    "errorCount" : 0,
    "errorPct" : 0.0,
    "meanResTime" : 1301.0357142857144,
    "medianResTime" : 931.0,
    "minResTime" : 845.0,
    "maxResTime" : 3970.0,
    "pct1ResTime" : 2622.9000000000015,
    "pct2ResTime" : 3825.099999999999,
    "pct3ResTime" : 3970.0,
    "throughput" : 0.07186913656932677,
    "receivedKBytesPerSec" : 1.5177768028565415,
    "sentKBytesPerSec" : 0.16723009609930262
  },
  "4.1 Vaccination questions" : {
    "transaction" : "4.1 Vaccination questions",
    "sampleCount" : 28,
    "errorCount" : 0,
    "errorPct" : 0.0,
    "meanResTime" : 616.3214285714283,
    "medianResTime" : 596.0,
    "minResTime" : 431.0,
    "maxResTime" : 1918.0,
    "pct1ResTime" : 686.6000000000001,
    "pct2ResTime" : 1386.5499999999965,
    "pct3ResTime" : 1918.0,
    "throughput" : 0.07367703670958355,
    "receivedKBytesPerSec" : 0.8553494873525473,
    "sentKBytesPerSec" : 0.14477157405068455
  },
  "5.2 Consent who" : {
    "transaction" : "5.2 Consent who",
    "sampleCount" : 1,
    "errorCount" : 0,
    "errorPct" : 0.0,
    "meanResTime" : 713.0,
    "medianResTime" : 713.0,
    "minResTime" : 713.0,
    "maxResTime" : 713.0,