{
  "Reset counters" : {
    "transaction" : "Reset counters",
    "sampleCount" : 1,
    "errorCount" : 0,
    "errorPct" : 0.0,
    "meanResTime" : 33.0,
    "medianResTime" : 33.0,
    "minResTime" : 33.0,
    "maxResTime" : 33.0,
    "pct1ResTime" : 33.0,
    "pct2ResTime" : 33.0,
    "pct3ResTime" : 33.0,
    "throughput" : 30.303030303030305,
    "receivedKBytesPerSec" : 0.0,
    "sentKBytesPerSec" : 0.0
  },
  "1.0 Login" : {
    "transaction" : "1.0 Login",
    "sampleCount" : 1870,
    "errorCount" : 0,
    "errorPct" : 0.0,
    "meanResTime" : 2488.928877005343,
    "medianResTime" : 849.0,
    "minResTime" : 347.0,
    "maxResTime" : 13203.0,
    "pct1ResTime" : 10392.7,
    "pct2ResTime" : 11063.349999999995,
    "pct3ResTime" : 12082.029999999999,
    "throughput" : 0.5201002041184705,
    "receivedKBytesPerSec" : 121.80755852222428,
    "sentKBytesPerSec" : 13.907550565577683
  },
  "7.0 Open Children Search" : {
    "transaction" : "7.0 Open Children Search",
    "sampleCount" : 1797,
    "errorCount" : 0,
    "errorPct" : 0.0,
    "meanResTime" : 830.0712298274912,
    "medianResTime" : 209.0,
    "minResTime" : 80.0,
    "maxResTime" : 4890.0,
    "pct1ResTime" : 3415.2000000000007,
    "pct2ResTime" : 3600.2,
    "pct3ResTime" : 4044.899999999999,
    "throughput" : 0.5008488230888799,
    "receivedKBytesPerSec" : 35.236351930539485,
    "sentKBytesPerSec" : 3.6173794053862567
  },
  "Initialise vaccination list" : {
    "transaction" : "Initialise vaccination list",
    "sampleCount" : 1,
    "errorCount" : 0,
    "errorPct" : 0.0,
    "meanResTime" : 43.0,
    "medianResTime" : 43.0,
    "minResTime" : 43.0,
    "maxResTime" : 43.0,
    "pct1ResTime" : 43.0,
    "pct2ResTime" : 43.0,
    "pct3ResTime" : 43.0,
    "throughput" : 23.25581395348837,
    "receivedKBytesPerSec" : 6.676962209302326,
    "sentKBytesPerSec" : 14.353197674418606
  },
  "7.1 Full name search" : {
    "transaction" : "7.1 Full name search",
    "sampleCount" : 190,
    "errorCount" : 0,
    "errorPct" : 0.0,
    "meanResTime" : 191.44736842105263,
    "medianResTime" : 162.5,
    "minResTime" : 145.0,
    "maxResTime" : 778.0,
    "pct1ResTime" : 241.70000000000002,
    "pct2ResTime" : 463.6499999999998,
    "pct3ResTime" : 727.0400000000002,
    "throughput" : 0.05506191422455002,
    "receivedKBytesPerSec" : 1.7677033812326102,
    "sentKBytesPerSec" : 0.41070793891011026
  },
  "7.8 Year group search" : {
    "transaction" : "7.8 Year group search",
    "sampleCount" : 207,
    "errorCount" : 0,
    "errorPct" : 0.0,
    "meanResTime" : 1495.8599033816427,
    "medianResTime" : 1429.0,
    "minResTime" : 1312.0,
    "maxResTime" : 3091.0,
    "pct1ResTime" : 1703.4000000000003,
    "pct2ResTime" : 1926.9999999999998,
    "pct3ResTime" : 2596.7999999999993,
    "throughput" : 0.061527870787904504,
    "receivedKBytesPerSec" : 8.465224940192382,
    "sentKBytesPerSec" : 0.4690971856869527
  },
  "7.9 DOB search" : {
    "transaction" : "7.9 DOB search",
    "sampleCount" : 184,
    "errorCount" : 0,
    "errorPct" : 0.0,
    "meanResTime" : 631.2065217391303,
    "medianResTime" : 591.5,
    "minResTime" : 527.0,
    "maxResTime" : 1280.0,
    "pct1ResTime" : 739.0,
    "pct2ResTime" : 843.5,
    "pct3ResTime" : 1263.0,
    "throughput" : 0.05354710267977057,
    "receivedKBytesPerSec" : 1.7189379900723962,
    "sentKBytesPerSec" : 0.4064454041816795
  },
  "7.4 Partial name search" : {
    "transaction" : "7.4 Partial name search",
    "sampleCount" : 215,
    "errorCount" : 0,
    "errorPct" : 0.0,
    "meanResTime" : 191.26976744186038,
    "medianResTime" : 167.0,
    "minResTime" : 149.0,
    "maxResTime" : 599.0,
    "pct1ResTime" : 238.80000000000004,
    "pct2ResTime" : 453.7999999999998,
    "pct3ResTime" : 590.7200000000001,
    "throughput" : 0.06155842452808309,
    "receivedKBytesPerSec" : 1.97345247757627,
    "sentKBytesPerSec" : 0.45798533959277526
  },
  "1.2 Sign-in page" : {
    "transaction" : "1.2 Sign-in page",
    "sampleCount" : 1870,
    "errorCount" : 0,
    "errorPct" : 0.0,
    "meanResTime" : 815.8385026737966,
    "medianResTime" : 213.5,
    "minResTime" : 13.0,
    "maxResTime" : 6003.0,
    "pct1ResTime" : 3409.2000000000007,
    "pct2ResTime" : 3665.3499999999995,
    "pct3ResTime" : 4108.19,
    "throughput" : 0.5201266772694629,
    "receivedKBytesPerSec" : 36.48802777299141,
    "sentKBytesPerSec" : 4.5306945513844825
  },
  "7.2 First name search" : {
    "transaction" : "7.2 First name search",
    "sampleCount" : 198,
    "errorCount" : 0,
    "errorPct" : 0.0,
    "meanResTime" : 183.53535353535364,
    "medianResTime" : 164.0,
    "minResTime" : 143.0,
    "maxResTime" : 892.0,
    "pct1ResTime" : 207.29999999999998,
    "pct2ResTime" : 307.09999999999997,
    "pct3ResTime" : 654.3999999999978,
    "throughput" : 0.055530018602556235,
    "receivedKBytesPerSec" : 1.77847515988719,
    "sentKBytesPerSec" : 0.41328880233669196
  },
  "7.7 Due vaccination search" : {
    "transaction" : "7.7 Due vaccination search",
    "sampleCount" : 214,
    "errorCount" : 0,
    "errorPct" : 0.0,
    "meanResTime" : 707.1775700934583,
    "medianResTime" : 638.5,
    "minResTime" : 544.0,
    "maxResTime" : 4950.0,
    "pct1ResTime" : 862.0,
    "pct2ResTime" : 1016.75,
    "pct3ResTime" : 2363.4499999999966,
    "throughput" : 0.0606397035341896,
    "receivedKBytesPerSec" : 8.086129688809226,
    "sentKBytesPerSec" : 0.4600311387711279
  },
  "Check STS status" : {
    "transaction" : "Check STS status",
    "sampleCount" : 1,
    "errorCount" : 0,
    "errorPct" : 0.0,
    "meanResTime" : 29.0,
    "medianResTime" : 29.0,
    "minResTime" : 29.0,
    "maxResTime" : 29.0,
    "pct1ResTime" : 29.0,
    "pct2ResTime" : 29.0,
    "pct3ResTime" : 29.0,
    "throughput" : 34.48275862068965,
    "receivedKBytesPerSec" : 10.809536637931034,
    "sentKBytesPerSec" : 20.339439655172413
  },
  "Total" : {
    "transaction" : "Total",
    "sampleCount" : 9268,
    "errorCount" : 1,
    "errorPct" : 0.010789814,
    "meanResTime" : 833.4012731981018,
    "medianResTime" : 240.0,
    "minResTime" : 4.0,
    "maxResTime" : 60010.0,
    "pct1ResTime" : 3419.1000000000004,
    "pct2ResTime" : 3651.0,
    "pct3ResTime" : 4086.9299999999985,
    "throughput" : 2.5649363678253807,
    "receivedKBytesPerSec" : 191.8242218148108,
    "sentKBytesPerSec" : 21.15996531823352
  },
  "1.4 Open Sessions list" : {
    "transaction" : "1.4 Open Sessions list",
    "sampleCount" : 70,
    "errorCount" : 0,
    "errorPct" : 0.0,
    "meanResTime" : 538.0999999999997,
    "medianResTime" : 514.5,
    "minResTime" : 334.0,
    "maxResTime" : 1202.0,
    "pct1ResTime" : 868.3999999999999,
    "pct2ResTime" : 962.9000000000001,
    "pct3ResTime" : 1202.0,
    "throughput" : 0.078739006066278,
    "receivedKBytesPerSec" : 6.51582960717391,
    "sentKBytesPerSec" : 0.5649150202246761
  },
  "Reset vaccination list" : {
    "transaction" : "Reset vaccination list",
    "sampleCount" : 1,
    "errorCount" : 0,
    "errorPct" : 0.0,
    "meanResTime" : 4.0,
    "medianResTime" : 4.0,
    "minResTime" : 4.0,
    "maxResTime" : 4.0,
    "pct1ResTime" : 4.0,
    "pct2ResTime" : 4.0,
    "pct3ResTime" : 4.0,
    "throughput" : 250.0,
    "receivedKBytesPerSec" : 71.533203125,
    "sentKBytesPerSec" : 153.564453125
  },
  "7.5 Needs Consent search" : {
    "transaction" : "7.5 Needs Consent search",
    "sampleCount" : 203,
    "errorCount" : 1,
    "errorPct" : 0.49261084,
    "meanResTime" : 3965.2512315270933,
    "medianResTime" : 3613.0,
    "minResTime" : 3316.0,
    "maxResTime" : 60010.0,
    "pct1ResTime" : 4012.0,
    "pct2ResTime" : 4377.799999999998,
    "pct3ResTime" : 4886.4400000000005,
    "throughput" : 0.05822027224143459,
    "receivedKBytesPerSec" : 7.930529424199357,
    "sentKBytesPerSec" : 0.44055828284827914
  },
  "1.1 Homepage" : {
    "transaction" : "1.1 Homepage",
    "sampleCount" : 1874,
    "errorCount" : 0,
    "errorPct" : 0.0,