{
  "2.0 Register attendance" : {
    "transaction" : "2.0 Register attendance",
    "sampleCount" : 3785,
    "errorCount" : 15,
    "errorPct" : 0.39630118,
    "meanResTime" : 134.65865257595811,
    "medianResTime" : 4.0,
    "minResTime" : -1.0,
    "maxResTime" : 1942.0,
    "pct1ResTime" : 817.8000000000002,
    "pct2ResTime" : 1027.6999999999998,
    "pct3ResTime" : 1361.8399999999992,
    "throughput" : 1.443380033764034,
    "receivedKBytesPerSec" : 35.51124081060757,
    "sentKBytesPerSec" : 12.706890926516511
  },
  "2.5 Select patient" : {
    "transaction" : "2.5 Select patient",
    "sampleCount" : 516,
    "errorCount" : 14,
    "errorPct" : 2.7131784,
    "meanResTime" : 119.12209302325587,
    "medianResTime" : 96.0,
    "minResTime" : 2.0,
    "maxResTime" : 800.0,
    "pct1ResTime" : 193.60000000000002,
    "pct2ResTime" : 256.0,
    "pct3ResTime" : 365.9399999999997,
    "throughput" : 0.3758330601988419,
    "receivedKBytesPerSec" : 9.179877413826068,
    "sentKBytesPerSec" : 2.6513869257347316
  },
  "7.1 Full name search" : {
    "transaction" : "7.1 Full name search",
    "sampleCount" : 190,
    "errorCount" : 146,
    "errorPct" : 76.8421,
    "meanResTime" : 126.1578947368421,
    "medianResTime" : 2.0,
    "minResTime" : 1.0,
    "maxResTime" : 1700.0,
    "pct1ResTime" : 444.0,
    "pct2ResTime" : 657.6999999999997,
    "pct3ResTime" : 1267.7500000000016,
    "throughput" : 0.05729870963305906,
    "receivedKBytesPerSec" : 0.5132872951081076,
    "sentKBytesPerSec" : 0.16862978438570958
  },
  "2.3 Search by first/last name" : {
    "transaction" : "2.3 Search by first/last name",
    "sampleCount" : 3785,
    "errorCount" : 3269,
    "errorPct" : 86.36724,
    "meanResTime" : 16.788110964332855,
    "medianResTime" : 1.0,
    "minResTime" : 0.0,
    "maxResTime" : 606.0,
    "pct1ResTime" : 82.0,
    "pct2ResTime" : 101.69999999999982,
    "pct3ResTime" : 212.27999999999975,
    "throughput" : 1.4436844811356018,
    "receivedKBytesPerSec" : 5.804671030292009,
    "sentKBytesPerSec" : 3.583797805718783
  },
  "4.0 Vaccination for flu" : {
    "transaction" : "4.0 Vaccination for flu",
    "sampleCount" : 131,
    "errorCount" : 15,
    "errorPct" : 11.450381,
    "meanResTime" : 769.1068702290075,
    "medianResTime" : 787.0,
    "minResTime" : 6.0,
    "maxResTime" : 1711.0,
    "pct1ResTime" : 1067.6,
    "pct2ResTime" : 1179.6,
    "pct3ResTime" : 1709.08,
    "throughput" : 0.09542346164268212,
    "receivedKBytesPerSec" : 4.605113894002017,
    "sentKBytesPerSec" : 2.5368311343445793
  },
  "4.0 Vaccination for hpv" : {
    "transaction" : "4.0 Vaccination for hpv",
    "sampleCount" : 133,
    "errorCount" : 14,
    "errorPct" : 10.526316,
    "meanResTime" : 766.9323308270676,
    "medianResTime" : 766.0,
    "minResTime" : 7.0,
    "maxResTime" : 2145.0,
    "pct1ResTime" : 1076.2000000000003,
    "pct2ResTime" : 1350.3999999999999,
    "pct3ResTime" : 1942.019999999998,
    "throughput" : 0.09841638418204515,
    "receivedKBytesPerSec" : 4.4062844607651614,
    "sentKBytesPerSec" : 2.6173163593282083
  },
  "1.2 Sign-in page" : {
    "transaction" : "1.2 Sign-in page",
    "sampleCount" : 5772,
    "errorCount" : 4755,
    "errorPct" : 82.380455,
    "meanResTime" : 153.57623007623073,
    "medianResTime" : 1.0,
    "minResTime" : 0.0,
    "maxResTime" : 8877.0,
    "pct1ResTime" : 134.69999999999982,
    "pct2ResTime" : 898.0499999999984,
    "pct3ResTime" : 3305.0699999999806,
    "throughput" : 1.6065245157812087,
    "receivedKBytesPerSec" : 18.262385955320553,
    "sentKBytesPerSec" : 4.266204103884549
  },
  "7.7 Due vaccination search" : {
    "transaction" : "7.7 Due vaccination search",
    "sampleCount" : 186,
    "errorCount" : 124,
    "errorPct" : 66.666664,
    "meanResTime" : 260.65053763440864,
    "medianResTime" : 3.0,
    "minResTime" : 1.0,
    "maxResTime" : 4289.0,
    "pct1ResTime" : 806.0,
    "pct2ResTime" : 892.6000000000001,
    "pct3ResTime" : 1463.2399999999852,
    "throughput" : 0.05346319332204474,
    "receivedKBytesPerSec" : 2.348414780388436,
    "sentKBytesPerSec" : 0.1987601102204092
  },
  "7.2 First name search" : {
    "transaction" : "7.2 First name search",
    "sampleCount" : 238,
    "errorCount" : 180,
    "errorPct" : 75.63025,
    "meanResTime" : 587.9117647058821,
    "medianResTime" : 3.0,
    "minResTime" : 1.0,
    "maxResTime" : 8267.0,
    "pct1ResTime" : 1902.2999999999997,
    "pct2ResTime" : 2359.249999999986,
    "pct3ResTime" : 7188.939999999983,
    "throughput" : 0.06980892885531542,
    "receivedKBytesPerSec" : 2.3046344627212987,
    "sentKBytesPerSec" : 0.2112264907249452
  },
  "2.4 Patient attending session" : {
    "transaction" : "2.4 Patient attending session",
    "sampleCount" : 416,
    "errorCount" : 9,
    "errorPct" : 2.1634614,
    "meanResTime" : 403.0000000000001,
    "medianResTime" : 361.0,
    "minResTime" : 2.0,
    "maxResTime" : 1266.0,
    "pct1ResTime" : 577.3,
    "pct2ResTime" : 672.4499999999999,
    "pct3ResTime" : 1051.1299999999999,
    "throughput" : 0.302761901781419,
    "receivedKBytesPerSec" : 8.941076005382394,
    "sentKBytesPerSec" : 2.618491301417668
  },
  "Check STS status" : {
    "transaction" : "Check STS status",
    "sampleCount" : 1,
    "errorCount" : 0,
    "errorPct" : 0.0,
    "meanResTime" : 35.0,
    "medianResTime" : 35.0,
    "minResTime" : 35.0,
    "maxResTime" : 35.0,
    "pct1ResTime" : 35.0,
    "pct2ResTime" : 35.0,
    "pct3ResTime" : 35.0,
    "throughput" : 28.57142857142857,
    "receivedKBytesPerSec" : 8.956473214285714,
    "sentKBytesPerSec" : 16.85267857142857
  },
  "1.1 Homepage" : {
    "transaction" : "1.1 Homepage",
    "sampleCount" : 5777,
    "errorCount" : 4753,
    "errorPct" : 82.274536,
    "meanResTime" : 156.34446944781038,
    "medianResTime" : 1.0,
    "minResTime" : 0.0,
    "maxResTime" : 8354.0,
    "pct1ResTime" : 136.39999999999964,
    "pct2ResTime" : 926.3999999999978,
    "pct3ResTime" : 3324.5400000000272,
    "throughput" : 1.6052144879985417,
    "receivedKBytesPerSec" : 29.06036556722881,
    "sentKBytesPerSec" : 4.256821375742727
  },
  "1.3 Sign-in" : {
    "transaction" : "1.3 Sign-in",
    "sampleCount" : 5772,
    "errorCount" : 4757,
    "errorPct" : 82.41511,
    "meanResTime" : 160.99705474705465,
    "medianResTime" : 1.0,
    "minResTime" : 0.0,
    "maxResTime" : 12421.0,
    "pct1ResTime" : 216.0,
    "pct2ResTime" : 931.3999999999869,
    "pct3ResTime" : 3337.2999999999574,
    "throughput" : 1.6067870327943787,
    "receivedKBytesPerSec" : 18.477379947161424,
    "sentKBytesPerSec" : 4.625406735801147
  },
  "Run some searches" : {
    "transaction" : "Run some searches",
    "sampleCount" : 1905,
    "errorCount" : 1423,
    "errorPct" : 74.698166,
    "meanResTime" : 509.81312335958165,
    "medianResTime" : 3.0,
    "minResTime" : 0.0,
    "maxResTime" : 60015.0,
    "pct1ResTime" : 1568.2000000000003,
    "pct2ResTime" : 2090.7999999999993,
    "pct3ResTime" : 7258.440000000004,
    "throughput" : 0.533263313947369,
    "receivedKBytesPerSec" : 15.512591859329616,
    "sentKBytesPerSec" : 1.6861803373184385
  },
  "4.0 Vaccination for td_ipv" : {
    "transaction" : "4.0 Vaccination for td_ipv",
    "sampleCount" : 127,
    "errorCount" : 17,
    "errorPct" : 13.385827,
    "meanResTime" : 787.9606299212599,
    "medianResTime" : 792.0,
    "minResTime" : 7.0,
    "maxResTime" : 1743.0,
    "pct1ResTime" : 1171.0,
    "pct2ResTime" : 1295.6,
    "pct3ResTime" : 1709.3999999999999,
    "throughput" : 0.09550854162217122,
    "receivedKBytesPerSec" : 4.261726434865431,
    "sentKBytesPerSec" : 2.5023262874946233
  },
  "2.1 Open session" : {
    "transaction" : "2.1 Open session",
    "sampleCount" : 3785,
    "errorCount" : 3266,
    "errorPct" : 86.28798,
    "meanResTime" : 35.17727873183622,
    "medianResTime" : 1.0,
    "minResTime" : 0.0,
    "maxResTime" : 926.0,
    "pct1ResTime" : 190.4000000000001,