{
  "5.0 Consent for menacwy" : {
    "transaction" : "5.0 Consent for menacwy",
    "sampleCount" : 2,
    "errorCount" : 0,
    "errorPct" : 0.0,
    "meanResTime" : 9060.5,
    "medianResTime" : 9060.5,
    "minResTime" : 8453.0,
    "maxResTime" : 9668.0,
    "pct1ResTime" : 9668.0,
    "pct2ResTime" : 9668.0,
    "pct3ResTime" : 9668.0,
    "throughput" : 8.177718171298662E-4,
    "receivedKBytesPerSec" : 0.17068750587773493,
    "sentKBytesPerSec" : 0.012323278232549771
  },
  "2.0 Register attendance" : {
    "transaction" : "2.0 Register attendance",
    "sampleCount" : 714,
    "errorCount" : 0,
    "errorPct" : 0.0,
    "meanResTime" : 9374.851540616262,
    "medianResTime" : 8763.0,
    "minResTime" : 5637.0,
    "maxResTime" : 22146.0,
    "pct1ResTime" : 12345.0,
    "pct2ResTime" : 14320.5,
    "pct3ResTime" : 18291.300000000003,
    "throughput" : 0.2039505856866679,
    "receivedKBytesPerSec" : 72.05048320837194,
    "sentKBytesPerSec" : 0.8854774257551313
  },
  "2.5 Select patient" : {
    "transaction" : "2.5 Select patient",
    "sampleCount" : 705,
    "errorCount" : 0,
    "errorPct" : 0.0,
    "meanResTime" : 695.9049645390068,
    "medianResTime" : 520.0,
    "minResTime" : 404.0,
    "maxResTime" : 5939.0,
    "pct1ResTime" : 1011.8,
    "pct2ResTime" : 1194.3999999999992,
    "pct3ResTime" : 3020.4599999999905,
    "throughput" : 0.2019335206207064,
    "receivedKBytesPerSec" : 5.11777671891971,
    "sentKBytesPerSec" : 0.1400124996491226
  },
  "1.4 Select Organisations" : {
    "transaction" : "1.4 Select Organisations",
    "sampleCount" : 70,
    "errorCount" : 0,
    "errorPct" : 0.0,
    "meanResTime" : 594.8285714285716,
    "medianResTime" : 555.0,
    "minResTime" : 513.0,
    "maxResTime" : 1179.0,
    "pct1ResTime" : 738.9,
    "pct2ResTime" : 897.0000000000002,
    "pct3ResTime" : 1179.0,
    "throughput" : 0.07981564865607552,
    "receivedKBytesPerSec" : 1.1468043346453507,
    "sentKBytesPerSec" : 0.11535855469823414
  },
  "2.5 Select menacwy" : {
    "transaction" : "2.5 Select menacwy",
    "sampleCount" : 494,
    "errorCount" : 0,
    "errorPct" : 0.0,
    "meanResTime" : 759.9048582995952,
    "medianResTime" : 571.0,
    "minResTime" : 412.0,
    "maxResTime" : 4890.0,
    "pct1ResTime" : 1030.0,
    "pct2ResTime" : 1412.0,
    "pct3ResTime" : 3141.0000000000055,
    "throughput" : 0.1466335722015992,
    "receivedKBytesPerSec" : 3.3065369632365296,
    "sentKBytesPerSec" : 0.10224254936713069
  },
  "2.3 Search by first/last name" : {
    "transaction" : "2.3 Search by first/last name",
    "sampleCount" : 715,
    "errorCount" : 0,
    "errorPct" : 0.0,
    "meanResTime" : 1624.0937062937085,
    "medianResTime" : 1418.0,
    "minResTime" : 887.0,
    "maxResTime" : 7288.0,
    "pct1ResTime" : 2213.9999999999986,
    "pct2ResTime" : 3211.1999999999903,
    "pct3ResTime" : 4665.800000000002,
    "throughput" : 0.20360393197635346,
    "receivedKBytesPerSec" : 23.57096435738755,
    "sentKBytesPerSec" : 0.1756684580490472
  },
  "2.5 Select td_ipv" : {
    "transaction" : "2.5 Select td_ipv",
    "sampleCount" : 477,
    "errorCount" : 0,
    "errorPct" : 0.0,
    "meanResTime" : 755.8364779874212,
    "medianResTime" : 534.0,
    "minResTime" : 405.0,
    "maxResTime" : 5631.0,
    "pct1ResTime" : 1012.9999999999999,
    "pct2ResTime" : 1785.4999999999975,
    "pct3ResTime" : 4079.1,
    "throughput" : 0.1462316382725905,
    "receivedKBytesPerSec" : 3.344896340986276,
    "sentKBytesPerSec" : 0.10181949032066115
  },
  "4.0 Vaccination for hpv" : {
    "transaction" : "4.0 Vaccination for hpv",
    "sampleCount" : 687,
    "errorCount" : 0,
    "errorPct" : 0.0,
    "meanResTime" : 3612.430858806406,
    "medianResTime" : 3082.0,
    "minResTime" : 1170.0,
    "maxResTime" : 12497.0,
    "pct1ResTime" : 5736.2,
    "pct2ResTime" : 6430.8,
    "pct3ResTime" : 9318.400000000001,
    "throughput" : 0.20036672652391727,
    "receivedKBytesPerSec" : 9.996745054649514,
    "sentKBytesPerSec" : 1.1774094313048364
  },
  "5.8 Consent confirm" : {
    "transaction" : "5.8 Consent confirm",
    "sampleCount" : 27,
    "errorCount" : 0,
    "errorPct" : 0.0,
    "meanResTime" : 1663.4444444444446,
    "medianResTime" : 1407.0,
    "minResTime" : 1160.0,
    "maxResTime" : 4426.0,
    "pct1ResTime" : 2306.5999999999995,
    "pct2ResTime" : 3887.9999999999973,
    "pct3ResTime" : 4426.0,
    "throughput" : 0.008344046677215191,
    "receivedKBytesPerSec" : 0.6957304628589485,
    "sentKBytesPerSec" : 0.018210350712643392
  },
  "1.2 Sign-in page" : {
    "transaction" : "1.2 Sign-in page",
    "sampleCount" : 70,
    "errorCount" : 0,
    "errorPct" : 0.0,
    "meanResTime" : 160.2,
    "medianResTime" : 158.5,
    "minResTime" : 156.0,
    "maxResTime" : 194.0,
    "pct1ResTime" : 163.0,
    "pct2ResTime" : 171.35000000000002,
    "pct3ResTime" : 194.0,
    "throughput" : 0.07895642169496879,
    "receivedKBytesPerSec" : 0.47582038894497297,
    "sentKBytesPerSec" : 0.04757432830644115
  },
  "5.9 Patient home page" : {
    "transaction" : "5.9 Patient home page",
    "sampleCount" : 27,
    "errorCount" : 0,
    "errorPct" : 0.0,
    "meanResTime" : 671.6296296296294,
    "medianResTime" : 476.0,
    "minResTime" : 425.0,
    "maxResTime" : 4172.0,
    "pct1ResTime" : 938.4,
    "pct2ResTime" : 2901.599999999993,
    "pct3ResTime" : 4172.0,
    "throughput" : 0.008349165825565516,
    "receivedKBytesPerSec" : 0.18322505315635573,
    "sentKBytesPerSec" : 0.0062253346894543225
  },
  "2.4 Patient attending session" : {
    "transaction" : "2.4 Patient attending session",
    "sampleCount" : 707,
    "errorCount" : 0,
    "errorPct" : 0.0,
    "meanResTime" : 2072.582743988683,
    "medianResTime" : 1652.0,
    "minResTime" : 1155.0,
    "maxResTime" : 14846.0,
    "pct1ResTime" : 3260.2000000000016,
    "pct2ResTime" : 4524.4,
    "pct3ResTime" : 8259.999999999964,
    "throughput" : 0.2021799401467306,
    "receivedKBytesPerSec" : 19.81089816141723,
    "sentKBytesPerSec" : 0.3005057313509023
  },
  "5.4 Consent route" : {
    "transaction" : "5.4 Consent route",
    "sampleCount" : 27,
    "errorCount" : 0,
    "errorPct" : 0.0,
    "meanResTime" : 1126.2222222222224,
    "medianResTime" : 611.0,
    "minResTime" : 552.0,
    "maxResTime" : 5669.0,
    "pct1ResTime" : 3892.2,
    "pct2ResTime" : 5120.199999999997,
    "pct3ResTime" : 5669.0,
    "throughput" : 0.008337393952980804,
    "receivedKBytesPerSec" : 0.09478990896260586,
    "sentKBytesPerSec" : 0.013050096235141683
  },
  "1.1 Homepage" : {
    "transaction" : "1.1 Homepage",
    "sampleCount" : 70,
    "errorCount" : 0,
    "errorPct" : 0.0,
    "meanResTime" : 482.1285714285715,
    "medianResTime" : 472.0,
    "minResTime" : 457.0,
    "maxResTime" : 697.0,
    "pct1ResTime" : 514.8,
    "pct2ResTime" : 547.4000000000001,
    "pct3ResTime" : 697.0,
    "throughput" : 0.07890684708529379,
    "receivedKBytesPerSec" : 0.4072487176228298,
    "sentKBytesPerSec" : 0.04276689466048638
  },
  "1.3 Sign-in" : {
    "transaction" : "1.3 Sign-in",
    "sampleCount" : 70,
    "errorCount" : 0,
    "errorPct" : 0.0,
    "meanResTime" : 692.6857142857143,
    "medianResTime" : 626.0,
    "minResTime" : 588.0,
    "maxResTime" : 1949.0,
    "pct1ResTime" : 858.8,
    "pct2ResTime" : 1077.7000000000005,
    "pct3ResTime" : 1949.0,
    "throughput" : 0.07971811673921014,
    "receivedKBytesPerSec" : 0.7735927012085266,
    "sentKBytesPerSec" : 0.12541590436217534
  },
  "4.0 Vaccination for td_ipv" : {
    "transaction" : "4.0 Vaccination for td_ipv",
    "sampleCount" : 471,
    "errorCount" : 0,
    "errorPct" : 0.0,
    "meanResTime" : 3893.0297239915076,
    "medianResTime" : 3195.0,
    "minResTime" : 1233.0,
    "maxResTime" : 11832.0,
    "pct1ResTime" : 6073.400000000001,
    "pct2ResTime" : 7463.599999999998,
    "pct3ResTime" : 10243.439999999997,
    "throughput" : 0.14666774617449413,
    "receivedKBytesPerSec" : 8.058075968190069,