{
  "2.0 Register attendance" : {
    "transaction" : "2.0 Register attendance",
    "sampleCount" : 1615,
    "errorCount" : 12,
    "errorPct" : 0.74303406,
    "meanResTime" : 969.0829721362229,
    "medianResTime" : 928.0,
    "minResTime" : 444.0,
    "maxResTime" : 2332.0,
    "pct1ResTime" : 1247.8000000000002,
    "pct2ResTime" : 1390.3999999999996,
    "pct3ResTime" : 1653.6799999999978,
    "throughput" : 0.45317635940280615,
    "receivedKBytesPerSec" : 71.42250860070504,
    "sentKBytesPerSec" : 26.339904461426556
  },
  "2.5 Select patient" : {
    "transaction" : "2.5 Select patient",
    "sampleCount" : 1612,
    "errorCount" : 0,
    "errorPct" : 0.0,
    "meanResTime" : 110.89081885856076,
    "medianResTime" : 89.0,
    "minResTime" : 64.0,
    "maxResTime" : 819.0,
    "pct1ResTime" : 179.0,
    "pct2ResTime" : 240.0,
    "pct3ResTime" : 339.8699999999999,
    "throughput" : 0.4538264012664347,
    "receivedKBytesPerSec" : 11.854822204199218,
    "sentKBytesPerSec" : 5.081041255163613
  },
  "7.1 Full name search" : {
    "transaction" : "7.1 Full name search",
    "sampleCount" : 141,
    "errorCount" : 0,
    "errorPct" : 0.0,
    "meanResTime" : 1493.8510638297876,
    "medianResTime" : 595.0,
    "minResTime" : 234.0,
    "maxResTime" : 18613.0,
    "pct1ResTime" : 3922.3999999999996,
    "pct2ResTime" : 6221.500000000002,
    "pct3ResTime" : 14903.98000000011,
    "throughput" : 0.04051293396966415,
    "receivedKBytesPerSec" : 1.622167237247764,
    "sentKBytesPerSec" : 0.4604036352456779
  },
  "2.3 Search by first/last name" : {
    "transaction" : "2.3 Search by first/last name",
    "sampleCount" : 1621,
    "errorCount" : 0,
    "errorPct" : 0.0,
    "meanResTime" : 105.29919802590997,
    "medianResTime" : 88.0,
    "minResTime" : 67.0,
    "maxResTime" : 574.0,
    "pct1ResTime" : 157.0,
    "pct2ResTime" : 196.0,
    "pct3ResTime" : 306.2399999999998,
    "throughput" : 0.4541613620470154,
    "receivedKBytesPerSec" : 14.20269092139212,
    "sentKBytesPerSec" : 5.205762065902568
  },
  "4.0 Vaccination for flu" : {
    "transaction" : "4.0 Vaccination for flu",
    "sampleCount" : 408,
    "errorCount" : 0,
    "errorPct" : 0.0,
    "meanResTime" : 758.144607843137,
    "medianResTime" : 718.5,
    "minResTime" : 195.0,
    "maxResTime" : 1521.0,
    "pct1ResTime" : 1019.9000000000002,
    "pct2ResTime" : 1119.1999999999998,
    "pct3ResTime" : 1428.2899999999995,
    "throughput" : 0.11653407107778592,
    "receivedKBytesPerSec" : 6.098560042859118,
    "sentKBytesPerSec" : 5.048098520720644
  },
  "4.0 Vaccination for hpv" : {
    "transaction" : "4.0 Vaccination for hpv",
    "sampleCount" : 406,
    "errorCount" : 0,
    "errorPct" : 0.0,
    "meanResTime" : 767.9556650246302,
    "medianResTime" : 726.0,
    "minResTime" : 195.0,
    "maxResTime" : 1975.0,
    "pct1ResTime" : 995.0,
    "pct2ResTime" : 1136.6,
    "pct3ResTime" : 1564.0600000000009,
    "throughput" : 0.11648103338759552,
    "receivedKBytesPerSec" : 5.668520418859772,
    "sentKBytesPerSec" : 5.048337309007685
  },
  "1.2 Sign-in page" : {
    "transaction" : "1.2 Sign-in page",
    "sampleCount" : 3026,
    "errorCount" : 0,
    "errorPct" : 0.0,
    "meanResTime" : 1375.272306675483,
    "medianResTime" : 172.0,
    "minResTime" : 13.0,
    "maxResTime" : 23560.0,
    "pct1ResTime" : 4395.500000000003,
    "pct2ResTime" : 9893.250000000002,
    "pct3ResTime" : 11149.990000000002,
    "throughput" : 0.8390292215633283,
    "receivedKBytesPerSec" : 54.793209118935444,
    "sentKBytesPerSec" : 11.159004923231322
  },
  "7.2 First name search" : {
    "transaction" : "7.2 First name search",
    "sampleCount" : 149,
    "errorCount" : 0,
    "errorPct" : 0.0,
    "meanResTime" : 2690.2281879194634,
    "medianResTime" : 861.0,
    "minResTime" : 239.0,
    "maxResTime" : 17574.0,
    "pct1ResTime" : 7065.0,
    "pct2ResTime" : 8604.5,
    "pct3ResTime" : 14341.5,
    "throughput" : 0.04233333380686056,
    "receivedKBytesPerSec" : 5.73552247484505,
    "sentKBytesPerSec" : 0.48076756602508464
  },
  "7.7 Due vaccination search" : {
    "transaction" : "7.7 Due vaccination search",
    "sampleCount" : 153,
    "errorCount" : 0,
    "errorPct" : 0.0,
    "meanResTime" : 818.7124183006538,
    "medianResTime" : 715.0,
    "minResTime" : 638.0,
    "maxResTime" : 8087.0,
    "pct1ResTime" : 1009.2,
    "pct2ResTime" : 1098.3999999999996,
    "pct3ResTime" : 4735.220000000049,
    "throughput" : 0.044134267402891635,
    "receivedKBytesPerSec" : 5.915500327455351,
    "sentKBytesPerSec" : 0.5101331660473927
  },
  "2.4 Patient attending session" : {
    "transaction" : "2.4 Patient attending session",
    "sampleCount" : 1559,
    "errorCount" : 12,
    "errorPct" : 0.7697242,
    "meanResTime" : 385.5586914688899,
    "medianResTime" : 346.0,
    "minResTime" : 65.0,
    "maxResTime" : 1406.0,
    "pct1ResTime" : 532.0,
    "pct2ResTime" : 633.0,
    "pct3ResTime" : 908.6000000000004,
    "throughput" : 0.437512593571287,
    "receivedKBytesPerSec" : 14.12932403471153,
    "sentKBytesPerSec" : 5.924494769774082
  },
  "Check STS status" : {
    "transaction" : "Check STS status",
    "sampleCount" : 1,
    "errorCount" : 0,
    "errorPct" : 0.0,
    "meanResTime" : 29.0,
    "medianResTime" : 29.0,
    "minResTime" : 29.0,
    "maxResTime" : 29.0,
    "pct1ResTime" : 29.0,
    "pct2ResTime" : 29.0,
    "pct3ResTime" : 29.0,
    "throughput" : 34.48275862068965,
    "receivedKBytesPerSec" : 10.809536637931034,
    "sentKBytesPerSec" : 20.339439655172413
  },
  "1.1 Homepage" : {
    "transaction" : "1.1 Homepage",
    "sampleCount" : 3031,
    "errorCount" : 0,
    "errorPct" : 0.0,
    "meanResTime" : 1375.9729462223686,
    "medianResTime" : 178.0,
    "minResTime" : 39.0,
    "maxResTime" : 15830.0,
    "pct1ResTime" : 4303.000000000003,
    "pct2ResTime" : 9740.400000000003,
    "pct3ResTime" : 11207.36,
    "throughput" : 0.8413076213144217,
    "receivedKBytesPerSec" : 65.39924098252018,
    "sentKBytesPerSec" : 11.176835980056763
  },
  "1.3 Sign-in" : {
    "transaction" : "1.3 Sign-in",
    "sampleCount" : 3021,
    "errorCount" : 0,
    "errorPct" : 0.0,
    "meanResTime" : 1383.5008275405519,
    "medianResTime" : 195.0,
    "minResTime" : 65.0,
    "maxResTime" : 28090.0,
    "pct1ResTime" : 4164.600000000001,
    "pct2ResTime" : 9717.500000000002,
    "pct3ResTime" : 11198.820000000014,
    "throughput" : 0.839579459901118,
    "receivedKBytesPerSec" : 55.10232526651993,
    "sentKBytesPerSec" : 11.490574391350053
  },
  "Run some searches" : {
    "transaction" : "Run some searches",
    "sampleCount" : 1384,
    "errorCount" : 1,
    "errorPct" : 0.07225434,
    "meanResTime" : 3033.6748554913224,
    "medianResTime" : 1310.0,
    "minResTime" : 142.0,
    "maxResTime" : 60005.0,
    "pct1ResTime" : 10048.0,
    "pct2ResTime" : 10725.5,
    "pct3ResTime" : 12275.50000000003,
    "throughput" : 0.3872347938296486,
    "receivedKBytesPerSec" : 45.751486396489256,
    "sentKBytesPerSec" : 4.440855861465913
  },
  "4.0 Vaccination for td_ipv" : {
    "transaction" : "4.0 Vaccination for td_ipv",
    "sampleCount" : 387,
    "errorCount" : 0,
    "errorPct" : 0.0,
    "meanResTime" : 770.2583979328168,
    "medianResTime" : 724.0,
    "minResTime" : 196.0,
    "maxResTime" : 1662.0,
    "pct1ResTime" : 998.2,
    "pct2ResTime" : 1230.599999999999,
    "pct3ResTime" : 1365.16,
    "throughput" : 0.11226245395281323,
    "receivedKBytesPerSec" : 5.58666359350012,
    "sentKBytesPerSec" : 4.882667741354848
  },
  "2.1 Open session" : {
    "transaction" : "2.1 Open session",
    "sampleCount" : 1621,
    "errorCount" : 0,
    "errorPct" : 0.0,
    "meanResTime" : 255.70388648982157,
    "medianResTime" : 227.0,
    "minResTime" : 122.0,
    "maxResTime" : 1586.0,
    "pct1ResTime" : 386.39999999999986,
    "pct2ResTime" : 452.0,
    "pct3ResTime" : 642.78,
    "throughput" : 0.45432989563585446,
    "receivedKBytesPerSec" : 10.159010131630247,