{
  "7.3 Safe to vaccinate" : {
    "transaction" : "7.3 Safe to vaccinate",
    "sampleCount" : 25,
    "errorCount" : 0,
    "errorPct" : 0.0,
    "meanResTime" : 106.72,
    "medianResTime" : 98.0,
    "minResTime" : 82.0,
    "maxResTime" : 180.0,
    "pct1ResTime" : 160.40000000000003,
    "pct2ResTime" : 177.9,
    "pct3ResTime" : 180.0,
    "throughput" : 0.007503007955889516,
    "receivedKBytesPerSec" : 3.404472860982468,
    "sentKBytesPerSec" : 0.0558833411314596
  },
  "2.0 Register attendance" : {
    "transaction" : "2.0 Register attendance",
    "sampleCount" : 1663,
    "errorCount" : 5,
    "errorPct" : 0.30066144,
    "meanResTime" : 960.9488875526148,
    "medianResTime" : 910.0,
    "minResTime" : 361.0,
    "maxResTime" : 4510.0,
    "pct1ResTime" : 1381.4000000000005,
    "pct2ResTime" : 1571.9999999999998,
    "pct3ResTime" : 2184.0399999999986,
    "throughput" : 0.465932437835283,
    "receivedKBytesPerSec" : 976.8800541534389,
    "sentKBytesPerSec" : 16.133775812425913
  },
  "2.5 Select patient" : {
    "transaction" : "2.5 Select patient",
    "sampleCount" : 1660,
    "errorCount" : 0,
    "errorPct" : 0.0,
    "meanResTime" : 118.88915662650618,
    "medianResTime" : 99.0,
    "minResTime" : 58.0,
    "maxResTime" : 1876.0,
    "pct1ResTime" : 174.9000000000001,
    "pct2ResTime" : 250.94999999999982,
    "pct3ResTime" : 633.7299999999991,
    "throughput" : 0.4681342958851277,
    "receivedKBytesPerSec" : 210.2957288156541,
    "sentKBytesPerSec" : 3.3830441590587794
  },
  "7.1 Full name search" : {
    "transaction" : "7.1 Full name search",
    "sampleCount" : 26,
    "errorCount" : 0,
    "errorPct" : 0.0,
    "meanResTime" : 1798.7307692307688,
    "medianResTime" : 819.5,
    "minResTime" : 433.0,
    "maxResTime" : 9523.0,
    "pct1ResTime" : 6364.800000000002,
    "pct2ResTime" : 9237.4,
    "pct3ResTime" : 9523.0,
    "throughput" : 0.007445432141472375,
    "receivedKBytesPerSec" : 3.411062764921362,
    "sentKBytesPerSec" : 0.05505268412840048
  },
  "2.3 Search by first/last name" : {
    "transaction" : "2.3 Search by first/last name",
    "sampleCount" : 1667,
    "errorCount" : 0,
    "errorPct" : 0.0,
    "meanResTime" : 122.995800839832,
    "medianResTime" : 100.0,
    "minResTime" : 64.0,
    "maxResTime" : 1262.0,
    "pct1ResTime" : 171.20000000000005,
    "pct2ResTime" : 255.59999999999945,
    "pct3ResTime" : 697.9999999999984,
    "throughput" : 0.46703155082491166,
    "receivedKBytesPerSec" : 211.57091301822783,
    "sentKBytesPerSec" : 3.4995073707531508
  },
  "4.0 Vaccination for flu" : {
    "transaction" : "4.0 Vaccination for flu",
    "sampleCount" : 407,
    "errorCount" : 0,
    "errorPct" : 0.0,
    "meanResTime" : 872.1572481572493,
    "medianResTime" : 815.0,
    "minResTime" : 231.0,
    "maxResTime" : 2172.0,
    "pct1ResTime" : 1235.7999999999997,
    "pct2ResTime" : 1415.7999999999997,
    "pct3ResTime" : 1859.6000000000001,
    "throughput" : 0.11626369062089095,
    "receivedKBytesPerSec" : 153.43019096043378,
    "sentKBytesPerSec" : 3.3086982938124865
  },
  "4.0 Vaccination for hpv" : {
    "transaction" : "4.0 Vaccination for hpv",
    "sampleCount" : 429,
    "errorCount" : 0,
    "errorPct" : 0.0,
    "meanResTime" : 870.114219114219,
    "medianResTime" : 795.0,
    "minResTime" : 172.0,
    "maxResTime" : 2528.0,
    "pct1ResTime" : 1242.0,
    "pct2ResTime" : 1503.0,
    "pct3ResTime" : 1830.5,
    "throughput" : 0.12317339454677789,
    "receivedKBytesPerSec" : 161.8714390143652,
    "sentKBytesPerSec" : 3.503115202116343
  },
  "7.6 First name search" : {
    "transaction" : "7.6 First name search",
    "sampleCount" : 25,
    "errorCount" : 0,
    "errorPct" : 0.0,
    "meanResTime" : 4203.12,
    "medianResTime" : 2781.0,
    "minResTime" : 984.0,
    "maxResTime" : 20072.0,
    "pct1ResTime" : 11709.000000000007,
    "pct2ResTime" : 18142.699999999997,
    "pct3ResTime" : 20072.0,
    "throughput" : 0.007465904706386872,
    "receivedKBytesPerSec" : 4.146274170119897,
    "sentKBytesPerSec" : 0.055152329560114864
  },
  "1.2 Sign-in page" : {
    "transaction" : "1.2 Sign-in page",
    "sampleCount" : 1708,
    "errorCount" : 0,
    "errorPct" : 0.0,
    "meanResTime" : 137.20140515222477,
    "medianResTime" : 95.0,
    "minResTime" : 15.0,
    "maxResTime" : 5674.0,
    "pct1ResTime" : 183.0,
    "pct2ResTime" : 360.2999999999997,
    "pct3ResTime" : 782.0,
    "throughput" : 0.4749243819170595,
    "receivedKBytesPerSec" : 211.56287427145125,
    "sentKBytesPerSec" : 4.037670513893623
  },
  "2.4 Patient attending session" : {
    "transaction" : "2.4 Patient attending session",
    "sampleCount" : 1030,
    "errorCount" : 5,
    "errorPct" : 0.4854369,
    "meanResTime" : 418.5902912621354,
    "medianResTime" : 378.5,
    "minResTime" : 128.0,
    "maxResTime" : 2004.0,
    "pct1ResTime" : 596.0,
    "pct2ResTime" : 723.0,
    "pct3ResTime" : 1053.2599999999968,
    "throughput" : 0.2900800508287841,
    "receivedKBytesPerSec" : 131.93095527347577,
    "sentKBytesPerSec" : 2.5493609028664133
  },
  "Check STS status" : {
    "transaction" : "Check STS status",
    "sampleCount" : 1,
    "errorCount" : 0,
    "errorPct" : 0.0,
    "meanResTime" : 22.0,
    "medianResTime" : 22.0,
    "minResTime" : 22.0,
    "maxResTime" : 22.0,
    "pct1ResTime" : 22.0,
    "pct2ResTime" : 22.0,
    "pct3ResTime" : 22.0,
    "throughput" : 45.45454545454545,
    "receivedKBytesPerSec" : 14.204545454545455,
    "sentKBytesPerSec" : 26.811079545454547
  },
  "1.1 Homepage" : {
    "transaction" : "1.1 Homepage",
    "sampleCount" : 1708,
    "errorCount" : 0,
    "errorPct" : 0.0,
    "meanResTime" : 139.67857142857153,
    "medianResTime" : 100.0,
    "minResTime" : 26.0,
    "maxResTime" : 6034.0,
    "pct1ResTime" : 194.3000000000004,
    "pct2ResTime" : 313.0999999999999,
    "pct3ResTime" : 725.6400000000003,
    "throughput" : 0.4749946465767292,
    "receivedKBytesPerSec" : 211.38542987641242,
    "sentKBytesPerSec" : 4.029661452032633
  },
  "1.3 Sign-in" : {
    "transaction" : "1.3 Sign-in",
    "sampleCount" : 1706,
    "errorCount" : 0,
    "errorPct" : 0.0,
    "meanResTime" : 152.94841735052782,
    "medianResTime" : 97.0,
    "minResTime" : 61.0,
    "maxResTime" : 5842.0,
    "pct1ResTime" : 286.5999999999999,
    "pct2ResTime" : 393.64999999999986,
    "pct3ResTime" : 815.6700000000012,
    "throughput" : 0.47506361564067595,
    "receivedKBytesPerSec" : 211.84460309040577,
    "sentKBytesPerSec" : 4.200592481133207
  },
  "Run some searches" : {
    "transaction" : "Run some searches",
    "sampleCount" : 25,
    "errorCount" : 0,
    "errorPct" : 0.0,
    "meanResTime" : 13197.4,
    "medianResTime" : 9560.0,
    "minResTime" : 4620.0,
    "maxResTime" : 36603.0,
    "pct1ResTime" : 32933.4,
    "pct2ResTime" : 35631.899999999994,
    "pct3ResTime" : 36603.0,
    "throughput" : 0.0074046013377448965,
    "receivedKBytesPerSec" : 29.930787548400176,
    "sentKBytesPerSec" : 0.43965717093803564
  },
  "4.0 Vaccination for td_ipv" : {
    "transaction" : "4.0 Vaccination for td_ipv",
    "sampleCount" : 401,
    "errorCount" : 0,
    "errorPct" : 0.0,
    "meanResTime" : 838.733167082294,
    "medianResTime" : 772.0,
    "minResTime" : 199.0,
    "maxResTime" : 2530.0,
    "pct1ResTime" : 1199.4,
    "pct2ResTime" : 1403.1999999999998,
    "pct3ResTime" : 1926.1200000000008,
    "throughput" : 0.11609442153276484,
    "receivedKBytesPerSec" : 152.6129684240725,
    "sentKBytesPerSec" : 3.301075766538027
  },
  "2.1 Open session" : {
    "transaction" : "2.1 Open session",
    "sampleCount" : 1671,
    "errorCount" : 0,
    "errorPct" : 0.0,
    "meanResTime" : 319.6768402154396,
    "medianResTime" : 272.0,
    "minResTime" : 108.0,
    "maxResTime" : 2143.0,
    "pct1ResTime" : 543.8,
    "pct2ResTime" : 670.3999999999999,
    "pct3ResTime" : 970.9999999999993,
    "throughput" : 0.4664360074082655,
    "receivedKBytesPerSec" : 208.44640661440312,