{
  "Prevent multiple runs" : {
    "transaction" : "Prevent multiple runs",
    "sampleCount" : 1,
    "errorCount" : 0,
    "errorPct" : 0.0,
    "meanResTime" : 21.0,
    "medianResTime" : 21.0,
    "minResTime" : 21.0,
    "maxResTime" : 21.0,
    "pct1ResTime" : 21.0,
    "pct2ResTime" : 21.0,
    "pct3ResTime" : 21.0,
    "throughput" : 47.61904761904761,
    "receivedKBytesPerSec" : 0.0,
    "sentKBytesPerSec" : 0.0
  },
  "2.0 Register attendance" : {
    "transaction" : "2.0 Register attendance",
    "sampleCount" : 2912,
    "errorCount" : 1570,
    "errorPct" : 53.914837,
    "meanResTime" : 7947.3863324175745,
    "medianResTime" : 6470.0,
    "minResTime" : -1.0,
    "maxResTime" : 86179.0,
    "pct1ResTime" : 17825.300000000003,
    "pct2ResTime" : 26144.149999999998,
    "pct3ResTime" : 46091.36,
    "throughput" : 0.5720872126524003,
    "receivedKBytesPerSec" : 112.84446918092563,
    "sentKBytesPerSec" : 1.4925013302083658
  },
  "Completed sessions list" : {
    "transaction" : "Completed sessions list",
    "sampleCount" : 1,
    "errorCount" : 0,
    "errorPct" : 0.0,
    "meanResTime" : 328.0,
    "medianResTime" : 328.0,
    "minResTime" : 328.0,
    "maxResTime" : 328.0,
    "pct1ResTime" : 328.0,
    "pct2ResTime" : 328.0,
    "pct3ResTime" : 328.0,
    "throughput" : 3.048780487804878,
    "receivedKBytesPerSec" : 46.24380716463414,
    "sentKBytesPerSec" : 1.8518959603658536
  },
  "1.4 Select Organisations" : {
    "transaction" : "1.4 Select Organisations",
    "sampleCount" : 138,
    "errorCount" : 44,
    "errorPct" : 31.884058,
    "meanResTime" : 868.1159420289852,
    "medianResTime" : 484.0,
    "minResTime" : 154.0,
    "maxResTime" : 16540.0,
    "pct1ResTime" : 1262.5000000000005,
    "pct2ResTime" : 2037.4499999999894,
    "pct3ResTime" : 15842.289999999974,
    "throughput" : 0.027073666268801484,
    "receivedKBytesPerSec" : 0.3041961445309036,
    "sentKBytesPerSec" : 0.03353458429121142
  },
  "Scheduled sessions list" : {
    "transaction" : "Scheduled sessions list",
    "sampleCount" : 1,
    "errorCount" : 0,
    "errorPct" : 0.0,
    "meanResTime" : 434.0,
    "medianResTime" : 434.0,
    "minResTime" : 434.0,
    "maxResTime" : 434.0,
    "pct1ResTime" : 434.0,
    "pct2ResTime" : 434.0,
    "pct3ResTime" : 434.0,
    "throughput" : 2.304147465437788,
    "receivedKBytesPerSec" : 26.65745607718894,
    "sentKBytesPerSec" : 1.3995895737327189
  },
  "2.3 Search by first/last name" : {
    "transaction" : "2.3 Search by first/last name",
    "sampleCount" : 1718,
    "errorCount" : 115,
    "errorPct" : 6.69383,
    "meanResTime" : 2554.126891734571,
    "medianResTime" : 1462.0,
    "minResTime" : 922.0,
    "maxResTime" : 41645.0,
    "pct1ResTime" : 4918.600000000002,
    "pct2ResTime" : 7798.849999999991,
    "pct3ResTime" : 16846.889999999996,
    "throughput" : 0.3380368597910468,
    "receivedKBytesPerSec" : 37.435733736501646,
    "sentKBytesPerSec" : 0.29159414557740354
  },
  "5.8 Consent confirm" : {
    "transaction" : "5.8 Consent confirm",
    "sampleCount" : 2,
    "errorCount" : 0,
    "errorPct" : 0.0,
    "meanResTime" : 1392.5,
    "medianResTime" : 1392.5,
    "minResTime" : 1194.0,
    "maxResTime" : 1591.0,
    "pct1ResTime" : 1591.0,
    "pct2ResTime" : 1591.0,
    "pct3ResTime" : 1591.0,
    "throughput" : 0.007402664218852365,
    "receivedKBytesPerSec" : 0.6200309616430953,
    "sentKBytesPerSec" : 0.016084890514596203
  },
  "1.2 Sign-in page" : {
    "transaction" : "1.2 Sign-in page",
    "sampleCount" : 158,
    "errorCount" : 7,
    "errorPct" : 4.43038,
    "meanResTime" : 603.3860759493671,
    "medianResTime" : 192.5,
    "minResTime" : 152.0,
    "maxResTime" : 8246.0,
    "pct1ResTime" : 1323.599999999999,
    "pct2ResTime" : 2685.949999999995,
    "pct3ResTime" : 8231.84,
    "throughput" : 0.03096764684495538,
    "receivedKBytesPerSec" : 0.27541150373846135,
    "sentKBytesPerSec" : 0.026828725295216734
  },
  "3.0 Nurse triage" : {
    "transaction" : "3.0 Nurse triage",
    "sampleCount" : 1940,
    "errorCount" : 240,
    "errorPct" : 12.371134,
    "meanResTime" : 2605.672164948457,
    "medianResTime" : 2087.0,
    "minResTime" : 320.0,
    "maxResTime" : 47199.0,
    "pct1ResTime" : 3975.3000000000006,
    "pct2ResTime" : 5719.999999999993,
    "pct3ResTime" : 13999.689999999993,
    "throughput" : 0.37172270865523754,
    "receivedKBytesPerSec" : 39.954671550293504,
    "sentKBytesPerSec" : 1.0594235664580802
  },
  "2.4 Patient attending session" : {
    "transaction" : "2.4 Patient attending session",
    "sampleCount" : 1585,
    "errorCount" : 190,
    "errorPct" : 11.987382,
    "meanResTime" : 2859.246687697165,
    "medianResTime" : 1766.0,
    "minResTime" : 159.0,
    "maxResTime" : 51069.0,
    "pct1ResTime" : 5987.000000000002,
    "pct2ResTime" : 8859.899999999998,
    "pct3ResTime" : 17372.359999999946,
    "throughput" : 0.31187213596601954,
    "receivedKBytesPerSec" : 27.847620341200905,
    "sentKBytesPerSec" : 0.4485609984758602
  },
  "6.1 Logout" : {
    "transaction" : "6.1 Logout",
    "sampleCount" : 25,
    "errorCount" : 0,
    "errorPct" : 0.0,
    "meanResTime" : 654.48,
    "medianResTime" : 506.0,
    "minResTime" : 470.0,
    "maxResTime" : 3006.0,
    "pct1ResTime" : 897.6000000000001,
    "pct2ResTime" : 2389.4999999999986,
    "pct3ResTime" : 3006.0,
    "throughput" : 0.013377003005545035,
    "receivedKBytesPerSec" : 0.08412567272948115,
    "sentKBytesPerSec" : 0.028282433112309574
  },
  "5.4 Consent route" : {
    "transaction" : "5.4 Consent route",
    "sampleCount" : 3,
    "errorCount" : 0,
    "errorPct" : 0.0,
    "meanResTime" : 1524.0,
    "medianResTime" : 544.0,
    "minResTime" : 526.0,
    "maxResTime" : 3502.0,
    "pct1ResTime" : 3502.0,
    "pct2ResTime" : 3502.0,
    "pct3ResTime" : 3502.0,
    "throughput" : 0.0024921373067970554,
    "receivedKBytesPerSec" : 0.028395925178976992,
    "sentKBytesPerSec" : 0.003876928446999716
  },
  "1.1 Homepage" : {
    "transaction" : "1.1 Homepage",
    "sampleCount" : 179,
    "errorCount" : 21,
    "errorPct" : 11.731844,
    "meanResTime" : 996.8268156424581,
    "medianResTime" : 483.0,
    "minResTime" : 152.0,
    "maxResTime" : 19194.0,
    "pct1ResTime" : 1153.0,
    "pct2ResTime" : 3246.0,
    "pct3ResTime" : 15959.599999999955,
    "throughput" : 0.03507757729559717,
    "receivedKBytesPerSec" : 0.2869230464214502,
    "sentKBytesPerSec" : 0.029977534550923723
  },
  "1.3 Sign-in" : {
    "transaction" : "1.3 Sign-in",
    "sampleCount" : 151,
    "errorCount" : 13,
    "errorPct" : 8.609271,
    "meanResTime" : 1149.5298013245038,
    "medianResTime" : 643.0,
    "minResTime" : 164.0,
    "maxResTime" : 15705.0,
    "pct1ResTime" : 1698.000000000001,
    "pct2ResTime" : 4412.800000000009,
    "pct3ResTime" : 12062.91999999993,
    "throughput" : 0.02961905772558198,
    "receivedKBytesPerSec" : 0.3190126757430117,
    "sentKBytesPerSec" : 0.04618246756762217
  },
  "Get school name" : {
    "transaction" : "Get school name",
    "sampleCount" : 1,
    "errorCount" : 0,
    "errorPct" : 0.0,
    "meanResTime" : 8458.0,
    "medianResTime" : 8458.0,
    "minResTime" : 8458.0,
    "maxResTime" : 8458.0,
    "pct1ResTime" : 8458.0,
    "pct2ResTime" : 8458.0,
    "pct3ResTime" : 8458.0,
    "throughput" : 0.11823126034523528,
    "receivedKBytesPerSec" : 1175.15568655415,
    "sentKBytesPerSec" : 0.07400999793095295
  },
  "2.1 Open session" : {
    "transaction" : "2.1 Open session",
    "sampleCount" : 2912,
    "errorCount" : 1025,
    "errorPct" : 35.199177,
    "meanResTime" : 2532.681318681322,
    "medianResTime" : 1685.5,
    "minResTime" : 0.0,
    "maxResTime" : 40808.0,
    "pct1ResTime" : 5707.600000000002,
    "pct2ResTime" : 8643.899999999998,
    "pct3ResTime" : 17253.539999999994,
    "throughput" : 0.5725116925486384,
    "receivedKBytesPerSec" : 6.78091364231516,
    "sentKBytesPerSec" : 0.3145336486644965
  },