{
  "7.3 Safe to vaccinate" : {
    "transaction" : "7.3 Safe to vaccinate",
    "sampleCount" : 27,
    "errorCount" : 0,
    "errorPct" : 0.0,
    "meanResTime" : 131.59259259259264,
    "medianResTime" : 93.0,
    "minResTime" : 78.0,
    "maxResTime" : 703.0,
    "pct1ResTime" : 214.79999999999984,
    "pct2ResTime" : 574.5999999999993,
    "pct3ResTime" : 703.0,
    "throughput" : 0.007914029023382438,
    "receivedKBytesPerSec" : 3.5899745089491546,
    "sentKBytesPerSec" : 0.058837977714240826
  },
  "2.0 Register attendance" : {
    "transaction" : "2.0 Register attendance",
    "sampleCount" : 1687,
    "errorCount" : 4,
    "errorPct" : 0.23710729,
    "meanResTime" : 805.4048606994651,
    "medianResTime" : 773.0,
    "minResTime" : 348.0,
    "maxResTime" : 3474.0,
    "pct1ResTime" : 1142.0000000000002,
    "pct2ResTime" : 1318.6,
    "pct3ResTime" : 2224.5999999999967,
    "throughput" : 0.4731734229679558,
    "receivedKBytesPerSec" : 974.3449068815844,
    "sentKBytesPerSec" : 15.967984226699434
  },
  "2.5 Select patient" : {
    "transaction" : "2.5 Select patient",
    "sampleCount" : 1684,
    "errorCount" : 0,
    "errorPct" : 0.0,
    "meanResTime" : 111.17161520190032,
    "medianResTime" : 92.0,
    "minResTime" : 56.0,
    "maxResTime" : 1527.0,
    "pct1ResTime" : 151.5,
    "pct2ResTime" : 251.0,
    "pct3ResTime" : 521.650000000001,
    "throughput" : 0.4743596496837086,
    "receivedKBytesPerSec" : 213.04921160947356,
    "sentKBytesPerSec" : 3.421377181167077
  },
  "7.1 Full name search" : {
    "transaction" : "7.1 Full name search",
    "sampleCount" : 27,
    "errorCount" : 0,
    "errorPct" : 0.0,
    "meanResTime" : 768.4814814814815,
    "medianResTime" : 599.0,
    "minResTime" : 366.0,
    "maxResTime" : 3796.0,
    "pct1ResTime" : 1239.6,
    "pct2ResTime" : 2812.7999999999947,
    "pct3ResTime" : 3796.0,
    "throughput" : 0.0079076341471558,
    "receivedKBytesPerSec" : 3.6663044424136793,
    "sentKBytesPerSec" : 0.05836742371768926
  },
  "2.3 Search by first/last name" : {
    "transaction" : "2.3 Search by first/last name",
    "sampleCount" : 1693,
    "errorCount" : 0,
    "errorPct" : 0.0,
    "meanResTime" : 108.9509746012994,
    "medianResTime" : 90.0,
    "minResTime" : 63.0,
    "maxResTime" : 1288.0,
    "pct1ResTime" : 138.60000000000014,
    "pct2ResTime" : 213.5999999999999,
    "pct3ResTime" : 502.3599999999997,
    "throughput" : 0.473854855430886,
    "receivedKBytesPerSec" : 214.71048980179964,
    "sentKBytesPerSec" : 3.543928831751858
  },
  "4.0 Vaccination for flu" : {
    "transaction" : "4.0 Vaccination for flu",
    "sampleCount" : 409,
    "errorCount" : 0,
    "errorPct" : 0.0,
    "meanResTime" : 714.1149144254274,
    "medianResTime" : 656.0,
    "minResTime" : 180.0,
    "maxResTime" : 2546.0,
    "pct1ResTime" : 923.0,
    "pct2ResTime" : 1079.5,
    "pct3ResTime" : 2090.4999999999973,
    "throughput" : 0.1170460216944372,
    "receivedKBytesPerSec" : 154.034100510624,
    "sentKBytesPerSec" : 3.321801845342141
  },
  "4.0 Vaccination for hpv" : {
    "transaction" : "4.0 Vaccination for hpv",
    "sampleCount" : 435,
    "errorCount" : 0,
    "errorPct" : 0.0,
    "meanResTime" : 707.9126436781604,
    "medianResTime" : 656.0,
    "minResTime" : 176.0,
    "maxResTime" : 2400.0,
    "pct1ResTime" : 937.4000000000001,
    "pct2ResTime" : 1051.5999999999997,
    "pct3ResTime" : 1766.9599999999998,
    "throughput" : 0.12483115510141884,
    "receivedKBytesPerSec" : 163.89709283440115,
    "sentKBytesPerSec" : 3.540942879128719
  },
  "7.6 First name search" : {
    "transaction" : "7.6 First name search",
    "sampleCount" : 27,
    "errorCount" : 0,
    "errorPct" : 0.0,
    "meanResTime" : 2488.407407407408,
    "medianResTime" : 1284.0,
    "minResTime" : 308.0,
    "maxResTime" : 16406.0,
    "pct1ResTime" : 6477.0,
    "pct2ResTime" : 12483.999999999978,
    "pct3ResTime" : 16406.0,
    "throughput" : 0.007915878254965161,
    "receivedKBytesPerSec" : 4.384435985703484,
    "sentKBytesPerSec" : 0.0583718717805097
  },
  "1.2 Sign-in page" : {
    "transaction" : "1.2 Sign-in page",
    "sampleCount" : 1729,
    "errorCount" : 0,
    "errorPct" : 0.0,
    "meanResTime" : 126.49855407750111,
    "medianResTime" : 90.0,
    "minResTime" : 15.0,
    "maxResTime" : 4963.0,
    "pct1ResTime" : 172.0,
    "pct2ResTime" : 286.0,
    "pct3ResTime" : 684.1000000000006,
    "throughput" : 0.48133725455697485,
    "receivedKBytesPerSec" : 214.9878755588516,
    "sentKBytesPerSec" : 4.085703699789481
  },
  "2.4 Patient attending session" : {
    "transaction" : "2.4 Patient attending session",
    "sampleCount" : 889,
    "errorCount" : 4,
    "errorPct" : 0.44994375,
    "meanResTime" : 383.39482564679435,
    "medianResTime" : 336.0,
    "minResTime" : 166.0,
    "maxResTime" : 1558.0,
    "pct1ResTime" : 508.0,
    "pct2ResTime" : 648.5,
    "pct3ResTime" : 1128.5,
    "throughput" : 0.2501470915546796,
    "receivedKBytesPerSec" : 113.78400021550213,
    "sentKBytesPerSec" : 2.1942841341217516
  },
  "Check STS status" : {
    "transaction" : "Check STS status",
    "sampleCount" : 1,
    "errorCount" : 0,
    "errorPct" : 0.0,
    "meanResTime" : 29.0,
    "medianResTime" : 29.0,
    "minResTime" : 29.0,
    "maxResTime" : 29.0,
    "pct1ResTime" : 29.0,
    "pct2ResTime" : 29.0,
    "pct3ResTime" : 29.0,
    "throughput" : 34.48275862068965,
    "receivedKBytesPerSec" : 10.775862068965516,
    "sentKBytesPerSec" : 20.339439655172413
  },
  "1.1 Homepage" : {
    "transaction" : "1.1 Homepage",
    "sampleCount" : 1732,
    "errorCount" : 0,
    "errorPct" : 0.0,
    "meanResTime" : 124.18764434180133,
    "medianResTime" : 95.0,
    "minResTime" : 25.0,
    "maxResTime" : 4967.0,
    "pct1ResTime" : 161.0,
    "pct2ResTime" : 237.3499999999999,
    "pct3ResTime" : 570.3600000000006,
    "throughput" : 0.48110028635466817,
    "receivedKBytesPerSec" : 214.65729287801094,
    "sentKBytesPerSec" : 4.075218637441768
  },
  "1.3 Sign-in" : {
    "transaction" : "1.3 Sign-in",
    "sampleCount" : 1729,
    "errorCount" : 0,
    "errorPct" : 0.0,
    "meanResTime" : 141.07229612492785,
    "medianResTime" : 96.0,
    "minResTime" : 59.0,
    "maxResTime" : 4885.0,
    "pct1ResTime" : 229.0,
    "pct2ResTime" : 333.0,
    "pct3ResTime" : 701.4000000000001,
    "throughput" : 0.48143000024503085,
    "receivedKBytesPerSec" : 215.23737055912846,
    "sentKBytesPerSec" : 4.249178489580897
  },
  "Run some searches" : {
    "transaction" : "Run some searches",
    "sampleCount" : 27,
    "errorCount" : 0,
    "errorPct" : 0.0,
    "meanResTime" : 9193.814814814818,
    "medianResTime" : 5875.0,
    "minResTime" : 3904.0,
    "maxResTime" : 36526.0,
    "pct1ResTime" : 14835.999999999998,
    "pct2ResTime" : 28293.199999999953,
    "pct3ResTime" : 36526.0,
    "throughput" : 0.007927271104450899,
    "receivedKBytesPerSec" : 32.047817274070574,
    "sentKBytesPerSec" : 0.4698599785185633
  },
  "4.0 Vaccination for td_ipv" : {
    "transaction" : "4.0 Vaccination for td_ipv",
    "sampleCount" : 409,
    "errorCount" : 0,
    "errorPct" : 0.0,
    "meanResTime" : 732.4963325183371,
    "medianResTime" : 679.0,
    "minResTime" : 199.0,
    "maxResTime" : 2276.0,
    "pct1ResTime" : 941.0,
    "pct2ResTime" : 1110.0,
    "pct3ResTime" : 1835.199999999992,
    "throughput" : 0.1184069202910089,
    "receivedKBytesPerSec" : 156.2328373068288,
    "sentKBytesPerSec" : 3.3609818008165444
  },
  "2.1 Open session" : {
    "transaction" : "2.1 Open session",
    "sampleCount" : 1695,
    "errorCount" : 0,
    "errorPct" : 0.0,
    "meanResTime" : 254.55811209439548,
    "medianResTime" : 221.0,
    "minResTime" : 110.0,
    "maxResTime" : 2173.0,
    "pct1ResTime" : 389.0,
    "pct2ResTime" : 466.39999999999964,
    "pct3ResTime" : 794.4399999999987,
    "throughput" : 0.47335989175557874,
    "receivedKBytesPerSec" : 211.56977450475244,
    "sentKBytesPerSec" : 3.4168409039498324
  },