{
  "7.3 Safe to vaccinate" : {
    "transaction" : "7.3 Safe to vaccinate",
    "sampleCount" : 21,
    "errorCount" : 0,
    "errorPct" : 0.0,
    "meanResTime" : 110.99999999999999,
    "medianResTime" : 94.0,
    "minResTime" : 78.0,
    "maxResTime" : 364.0,
    "pct1ResTime" : 161.20000000000005,
    "pct2ResTime" : 344.59999999999974,
    "pct3ResTime" : 364.0,
    "throughput" : 0.006239921412646895,
    "receivedKBytesPerSec" : 2.5918342326991493,
    "sentKBytesPerSec" : 0.02730255792949899
  },
  "2.0 Register attendance" : {
    "transaction" : "2.0 Register attendance",
    "sampleCount" : 1312,
    "errorCount" : 1,
    "errorPct" : 0.076219514,
    "meanResTime" : 1328.3932926829243,
    "medianResTime" : 1280.0,
    "minResTime" : 540.0,
    "maxResTime" : 3623.0,
    "pct1ResTime" : 1847.1000000000001,
    "pct2ResTime" : 2186.7499999999977,
    "pct3ResTime" : 3003.2199999999993,
    "throughput" : 0.4480709044884957,
    "receivedKBytesPerSec" : 849.9135743381477,
    "sentKBytesPerSec" : 8.916116332628441
  },
  "2.5 Select patient" : {
    "transaction" : "2.5 Select patient",
    "sampleCount" : 1312,
    "errorCount" : 0,
    "errorPct" : 0.0,
    "meanResTime" : 116.6288109756099,
    "medianResTime" : 88.0,
    "minResTime" : 67.0,
    "maxResTime" : 1148.0,
    "pct1ResTime" : 176.10000000000014,
    "pct2ResTime" : 260.6999999999998,
    "pct3ResTime" : 531.4799999999996,
    "throughput" : 0.4486968809752864,
    "receivedKBytesPerSec" : 182.78492414923718,
    "sentKBytesPerSec" : 1.8643520256595107
  },
  "7.1 Full name search" : {
    "transaction" : "7.1 Full name search",
    "sampleCount" : 21,
    "errorCount" : 0,
    "errorPct" : 0.0,
    "meanResTime" : 7089.047619047619,
    "medianResTime" : 7101.0,
    "minResTime" : 6308.0,
    "maxResTime" : 8557.0,
    "pct1ResTime" : 7930.4,
    "pct2ResTime" : 8496.3,
    "pct3ResTime" : 8557.0,
    "throughput" : 0.0062240147384669,
    "receivedKBytesPerSec" : 3.046634085709277,
    "sentKBytesPerSec" : 0.02697159883898415
  },
  "2.3 Search by first/last name" : {
    "transaction" : "2.3 Search by first/last name",
    "sampleCount" : 1312,
    "errorCount" : 0,
    "errorPct" : 0.0,
    "meanResTime" : 110.62347560975613,
    "medianResTime" : 86.0,
    "minResTime" : 68.0,
    "maxResTime" : 1519.0,
    "pct1ResTime" : 159.0,
    "pct2ResTime" : 222.69999999999982,
    "pct3ResTime" : 556.359999999997,
    "throughput" : 0.4487843656114875,
    "receivedKBytesPerSec" : 185.3321711009421,
    "sentKBytesPerSec" : 1.9382720589744389
  },
  "4.0 Vaccination for flu" : {
    "transaction" : "4.0 Vaccination for flu",
    "sampleCount" : 333,
    "errorCount" : 0,
    "errorPct" : 0.0,
    "meanResTime" : 1014.5975975975973,
    "medianResTime" : 912.0,
    "minResTime" : 682.0,
    "maxResTime" : 3734.0,
    "pct1ResTime" : 1403.0000000000002,
    "pct2ResTime" : 1614.8000000000002,
    "pct3ResTime" : 2532.2600000000016,
    "throughput" : 0.1138662799544398,
    "receivedKBytesPerSec" : 136.30066929244416,
    "sentKBytesPerSec" : 1.9257356770410359
  },
  "4.0 Vaccination for hpv" : {
    "transaction" : "4.0 Vaccination for hpv",
    "sampleCount" : 320,
    "errorCount" : 0,
    "errorPct" : 0.0,
    "meanResTime" : 1089.2906249999999,
    "medianResTime" : 968.0,
    "minResTime" : 721.0,
    "maxResTime" : 2875.0,
    "pct1ResTime" : 1563.8000000000006,
    "pct2ResTime" : 1892.55,
    "pct3ResTime" : 2608.030000000001,
    "throughput" : 0.1128684891635669,
    "receivedKBytesPerSec" : 134.8743866440821,
    "sentKBytesPerSec" : 1.911459966472768
  },
  "7.6 First name search" : {
    "transaction" : "7.6 First name search",
    "sampleCount" : 21,
    "errorCount" : 0,
    "errorPct" : 0.0,
    "meanResTime" : 5575.5714285714275,
    "medianResTime" : 5542.0,
    "minResTime" : 4893.0,
    "maxResTime" : 6627.0,
    "pct1ResTime" : 6205.0,
    "pct2ResTime" : 6587.499999999999,
    "pct3ResTime" : 6627.0,
    "throughput" : 0.0062345490803001015,
    "receivedKBytesPerSec" : 3.034917260111622,
    "sentKBytesPerSec" : 0.02696187343152847
  },
  "1.2 Sign-in page" : {
    "transaction" : "1.2 Sign-in page",
    "sampleCount" : 1404,
    "errorCount" : 0,
    "errorPct" : 0.0,
    "meanResTime" : 214.594017094017,
    "medianResTime" : 104.0,
    "minResTime" : 14.0,
    "maxResTime" : 6478.0,
    "pct1ResTime" : 247.0,
    "pct2ResTime" : 382.5,
    "pct3ResTime" : 4923.950000000002,
    "throughput" : 0.3991378168298564,
    "receivedKBytesPerSec" : 161.18087435710456,
    "sentKBytesPerSec" : 1.978087493322828
  },
  "2.4 Patient attending session" : {
    "transaction" : "2.4 Patient attending session",
    "sampleCount" : 795,
    "errorCount" : 1,
    "errorPct" : 0.12578617,
    "meanResTime" : 615.2528301886782,
    "medianResTime" : 520.0,
    "minResTime" : 410.0,
    "maxResTime" : 2918.0,
    "pct1ResTime" : 880.8,
    "pct2ResTime" : 1079.3999999999999,
    "pct3ResTime" : 1696.7999999999975,
    "throughput" : 0.2720043849159712,
    "receivedKBytesPerSec" : 112.69493400333232,
    "sentKBytesPerSec" : 1.3870953956158367
  },
  "Check STS status" : {
    "transaction" : "Check STS status",
    "sampleCount" : 1,
    "errorCount" : 0,
    "errorPct" : 0.0,
    "meanResTime" : 30.0,
    "medianResTime" : 30.0,
    "minResTime" : 30.0,
    "maxResTime" : 30.0,
    "pct1ResTime" : 30.0,
    "pct2ResTime" : 30.0,
    "pct3ResTime" : 30.0,
    "throughput" : 33.333333333333336,
    "receivedKBytesPerSec" : 10.44921875,
    "sentKBytesPerSec" : 19.661458333333336
  },
  "1.1 Homepage" : {
    "transaction" : "1.1 Homepage",
    "sampleCount" : 1404,
    "errorCount" : 0,
    "errorPct" : 0.0,
    "meanResTime" : 217.98005698005662,
    "medianResTime" : 111.0,
    "minResTime" : 29.0,
    "maxResTime" : 6926.0,
    "pct1ResTime" : 239.5,
    "pct2ResTime" : 366.0,
    "pct3ResTime" : 4826.550000000001,
    "throughput" : 0.3996865136831425,
    "receivedKBytesPerSec" : 161.37996329241267,
    "sentKBytesPerSec" : 1.9726706895738184
  },
  "1.3 Sign-in" : {
    "transaction" : "1.3 Sign-in",
    "sampleCount" : 1404,
    "errorCount" : 0,
    "errorPct" : 0.0,
    "meanResTime" : 238.0470085470087,
    "medianResTime" : 112.0,
    "minResTime" : 78.0,
    "maxResTime" : 6619.0,
    "pct1ResTime" : 335.0,
    "pct2ResTime" : 500.5,
    "pct3ResTime" : 4921.150000000003,
    "throughput" : 0.39853088571786227,
    "receivedKBytesPerSec" : 161.21001466433637,
    "sentKBytesPerSec" : 2.078470616525719
  },
  "Run some searches" : {
    "transaction" : "Run some searches",
    "sampleCount" : 21,
    "errorCount" : 0,
    "errorPct" : 0.0,
    "meanResTime" : 27523.04761904762,
    "medianResTime" : 26961.0,
    "minResTime" : 23764.0,
    "maxResTime" : 32767.0,
    "pct1ResTime" : 30362.0,
    "pct2ResTime" : 32532.299999999996,
    "pct3ResTime" : 32767.0,
    "throughput" : 0.006225616336017266,
    "receivedKBytesPerSec" : 24.264928821842872,
    "sentKBytesPerSec" : 0.21689544725865362
  },
  "4.0 Vaccination for td_ipv" : {
    "transaction" : "4.0 Vaccination for td_ipv",
    "sampleCount" : 330,
    "errorCount" : 0,
    "errorPct" : 0.0,
    "meanResTime" : 1081.3939393939386,
    "medianResTime" : 966.5,
    "minResTime" : 719.0,
    "maxResTime" : 4182.0,
    "pct1ResTime" : 1541.8000000000002,
    "pct2ResTime" : 1720.5499999999997,
    "pct3ResTime" : 2619.6999999999994,
    "throughput" : 0.11627530044832937,
    "receivedKBytesPerSec" : 139.7282136698264,
    "sentKBytesPerSec" : 1.9699317908827478
  },
  "2.1 Open session" : {
    "transaction" : "2.1 Open session",
    "sampleCount" : 1312,
    "errorCount" : 0,
    "errorPct" : 0.0,
    "meanResTime" : 600.9801829268288,
    "medianResTime" : 512.0,
    "minResTime" : 229.0,
    "maxResTime" : 3084.0,
    "pct1ResTime" : 974.0,
    "pct2ResTime" : 1158.7999999999993,
    "pct3ResTime" : 1822.4699999999912,
    "throughput" : 0.44838114584622035,