{
  "4.3 Vaccination confirm" : {
    "transaction" : "4.3 Vaccination confirm",
    "sampleCount" : 1094,
    "errorCount" : 0,
    "errorPct" : 0.0,
    "meanResTime" : 2188.3903107861024,
    "medianResTime" : 1347.5,
    "minResTime" : 800.0,
    "maxResTime" : 15067.0,
    "pct1ResTime" : 4697.0,
    "pct2ResTime" : 6620.0,
    "pct3ResTime" : 10985.449999999999,
    "throughput" : 0.4236636683619667,
    "receivedKBytesPerSec" : 137.2918412468046,
    "sentKBytesPerSec" : 2.559681053675553
  },
  "4.1 Vaccination questions" : {
    "transaction" : "4.1 Vaccination questions",
    "sampleCount" : 1094,
    "errorCount" : 0,
    "errorPct" : 0.0,
    "meanResTime" : 508.70109689213876,
    "medianResTime" : 164.0,
    "minResTime" : 90.0,
    "maxResTime" : 11054.0,
    "pct1ResTime" : 1174.5,
    "pct2ResTime" : 2067.25,
    "pct3ResTime" : 5721.299999999983,
    "throughput" : 0.425786469253274,
    "receivedKBytesPerSec" : 136.92055897281253,
    "sentKBytesPerSec" : 2.435103199703584
  },
  "2.0 Register attendance" : {
    "transaction" : "2.0 Register attendance",
    "sampleCount" : 1094,
    "errorCount" : 10,
    "errorPct" : 0.9140768,
    "meanResTime" : 2710.2952468007284,
    "medianResTime" : 1957.5,
    "minResTime" : 484.0,
    "maxResTime" : 17213.0,
    "pct1ResTime" : 5501.5,
    "pct2ResTime" : 7388.75,
    "pct3ResTime" : 12077.599999999999,
    "throughput" : 0.4244590862567597,
    "receivedKBytesPerSec" : 639.029772134775,
    "sentKBytesPerSec" : 8.089840706717588
  },
  "Reset counters" : {
    "transaction" : "Reset counters",
    "sampleCount" : 1,
    "errorCount" : 0,
    "errorPct" : 0.0,
    "meanResTime" : 492.0,
    "medianResTime" : 492.0,
    "minResTime" : 492.0,
    "maxResTime" : 492.0,
    "pct1ResTime" : 492.0,
    "pct2ResTime" : 492.0,
    "pct3ResTime" : 492.0,
    "throughput" : 2.032520325203252,
    "receivedKBytesPerSec" : 0.0,
    "sentKBytesPerSec" : 0.0
  },
  "1.0 Login" : {
    "transaction" : "1.0 Login",
    "sampleCount" : 1164,
    "errorCount" : 0,
    "errorPct" : 0.0,
    "meanResTime" : 2075.484536082471,
    "medianResTime" : 1288.5,
    "minResTime" : 675.0,
    "maxResTime" : 13065.0,
    "pct1ResTime" : 4363.5,
    "pct2ResTime" : 6533.75,
    "pct3ResTime" : 10344.29999999997,
    "throughput" : 0.4294285464470875,
    "receivedKBytesPerSec" : 594.9942038012219,
    "sentKBytesPerSec" : 8.275202399099971
  },
  "4.0 Vaccination for menacwy" : {
    "transaction" : "4.0 Vaccination for menacwy",
    "sampleCount" : 281,
    "errorCount" : 0,
    "errorPct" : 0.0,
    "meanResTime" : 3009.868327402136,
    "medianResTime" : 2106.0,
    "minResTime" : 1047.0,
    "maxResTime" : 19577.0,
    "pct1ResTime" : 5992.6,
    "pct2ResTime" : 8496.8,
    "pct3ResTime" : 12294.260000000022,
    "throughput" : 0.11012905086786394,
    "receivedKBytesPerSec" : 106.9825207731412,
    "sentKBytesPerSec" : 1.870029893815607
  },
  "2.5 Select patient" : {
    "transaction" : "2.5 Select patient",
    "sampleCount" : 1094,
    "errorCount" : 0,
    "errorPct" : 0.0,
    "meanResTime" : 340.2842778793424,
    "medianResTime" : 107.0,
    "minResTime" : 64.0,
    "maxResTime" : 10360.0,
    "pct1ResTime" : 758.0,
    "pct2ResTime" : 1371.5,
    "pct3ResTime" : 3869.949999999997,
    "throughput" : 0.42680041306789523,
    "receivedKBytesPerSec" : 143.56587244926772,
    "sentKBytesPerSec" : 1.7775550517427228
  },
  "Initialise vaccination list" : {
    "transaction" : "Initialise vaccination list",
    "sampleCount" : 1,
    "errorCount" : 1,
    "errorPct" : 100.0,
    "meanResTime" : 0.0,
    "medianResTime" : 0.0,
    "minResTime" : 0.0,
    "maxResTime" : 0.0,
    "pct1ResTime" : 0.0,
    "pct2ResTime" : 0.0,
    "pct3ResTime" : 0.0,
    "throughput" : "Infinity",
    "receivedKBytesPerSec" : "Infinity",
    "sentKBytesPerSec" : "NaN"
  },
  "2.3 Search by first/last name" : {
    "transaction" : "2.3 Search by first/last name",
    "sampleCount" : 1094,
    "errorCount" : 0,
    "errorPct" : 0.0,
    "meanResTime" : 319.8647166361975,
    "medianResTime" : 108.0,
    "minResTime" : 68.0,
    "maxResTime" : 8616.0,
    "pct1ResTime" : 703.5,
    "pct2ResTime" : 1272.0,
    "pct3ResTime" : 3537.049999999991,
    "throughput" : 0.42471746970879287,
    "receivedKBytesPerSec" : 142.19029642872394,
    "sentKBytesPerSec" : 1.8384240316470808
  },
  "4.0 Vaccination for flu" : {
    "transaction" : "4.0 Vaccination for flu",
    "sampleCount" : 271,
    "errorCount" : 0,
    "errorPct" : 0.0,
    "meanResTime" : 3205.830258302582,
    "medianResTime" : 2324.0,
    "minResTime" : 1046.0,
    "maxResTime" : 15294.0,
    "pct1ResTime" : 6337.8,
    "pct2ResTime" : 9378.599999999991,
    "pct3ResTime" : 14613.67999999999,
    "throughput" : 0.10961266685596087,
    "receivedKBytesPerSec" : 106.39499093875361,
    "sentKBytesPerSec" : 1.8576871204004137
  },
  "4.0 Vaccination for hpv" : {
    "transaction" : "4.0 Vaccination for hpv",
    "sampleCount" : 262,
    "errorCount" : 0,
    "errorPct" : 0.0,
    "meanResTime" : 3223.1450381679374,
    "medianResTime" : 2417.5,
    "minResTime" : 1076.0,
    "maxResTime" : 14703.0,
    "pct1ResTime" : 6412.400000000001,
    "pct2ResTime" : 9047.099999999999,
    "pct3ResTime" : 13560.140000000005,
    "throughput" : 0.10695881391656642,
    "receivedKBytesPerSec" : 104.6028228636763,
    "sentKBytesPerSec" : 1.815187805848116
  },
  "1.2 Sign-in page" : {
    "transaction" : "1.2 Sign-in page",
    "sampleCount" : 1164,
    "errorCount" : 0,
    "errorPct" : 0.0,
    "meanResTime" : 448.14862542955296,
    "medianResTime" : 132.0,
    "minResTime" : 14.0,
    "maxResTime" : 10942.0,
    "pct1ResTime" : 982.0,
    "pct2ResTime" : 1889.0,
    "pct3ResTime" : 6319.949999999997,
    "throughput" : 0.4294499351397778,
    "receivedKBytesPerSec" : 141.34360523877731,
    "sentKBytesPerSec" : 2.125952571100897
  },
  "2.4 Patient attending session" : {
    "transaction" : "2.4 Patient attending session",
    "sampleCount" : 476,
    "errorCount" : 10,
    "errorPct" : 2.1008403,
    "meanResTime" : 1723.0798319327725,
    "medianResTime" : 1087.0,
    "minResTime" : 247.0,
    "maxResTime" : 10456.0,
    "pct1ResTime" : 3347.8,
    "pct2ResTime" : 5209.949999999999,
    "pct3ResTime" : 8273.66,
    "throughput" : 0.19290084369803887,
    "receivedKBytesPerSec" : 66.32428384232038,
    "sentKBytesPerSec" : 0.9827683456908748
  },
  "Total" : {
    "transaction" : "Total",
    "sampleCount" : 13888,
    "errorCount" : 12,
    "errorPct" : 0.08640553,
    "meanResTime" : 642.8339573732724,
    "medianResTime" : 192.0,
    "minResTime" : 0.0,
    "maxResTime" : 15067.0,
    "pct1ResTime" : 1521.1000000000004,
    "pct2ResTime" : 2543.0999999999985,
    "pct3ResTime" : 6692.9800000000105,
    "throughput" : 4.9653146600128775,
    "receivedKBytesPerSec" : 1544.141203325488,
    "sentKBytesPerSec" : 22.428600292773194
  },
  "1.4 Open Sessions list" : {
    "transaction" : "1.4 Open Sessions list",
    "sampleCount" : 1164,
    "errorCount" : 0,
    "errorPct" : 0.0,
    "meanResTime" : 737.4871134020628,
    "medianResTime" : 481.0,
    "minResTime" : 365.0,
    "maxResTime" : 11086.0,
    "pct1ResTime" : 1211.0,
    "pct2ResTime" : 1874.0,
    "pct3ResTime" : 4841.799999999981,
    "throughput" : 0.42910417499192666,
    "receivedKBytesPerSec" : 167.00206858614138,
    "sentKBytesPerSec" : 1.7863190753118376
  },
  "Reset vaccination list" : {
    "transaction" : "Reset vaccination list",
    "sampleCount" : 1,
    "errorCount" : 1,
    "errorPct" : 100.0,
    "meanResTime" : 40.0,
    "medianResTime" : 40.0,
    "minResTime" : 40.0,
    "maxResTime" : 40.0,
    "pct1ResTime" : 40.0,
    "pct2ResTime" : 40.0,
    "pct3ResTime" : 40.0,
    "throughput" : 25.0,
    "receivedKBytesPerSec" : 62.3779296875,
    "sentKBytesPerSec" : 0.0
  },
  "4.2 Vaccination batch" : {
    "transaction" : "4.2 Vaccination batch",
    "sampleCount" : 1094,
    "errorCount" : 0,