{
  "7.3 Safe to vaccinate" : {
    "transaction" : "7.3 Safe to vaccinate",
    "sampleCount" : 26,
    "errorCount" : 0,
    "errorPct" : 0.0,
    "meanResTime" : 133.50000000000003,
    "medianResTime" : 109.0,
    "minResTime" : 86.0,
    "maxResTime" : 491.0,
    "pct1ResTime" : 200.9,
    "pct2ResTime" : 395.0999999999996,
    "pct3ResTime" : 491.0,
    "throughput" : 0.007702263665667248,
    "receivedKBytesPerSec" : 3.291070455605189,
    "sentKBytesPerSec" : 0.033742244690696345
  },
  "2.0 Register attendance" : {
    "transaction" : "2.0 Register attendance",
    "sampleCount" : 1626,
    "errorCount" : 15,
    "errorPct" : 0.92250925,
    "meanResTime" : 1399.3191881918824,
    "medianResTime" : 1303.5,
    "minResTime" : 358.0,
    "maxResTime" : 5063.0,
    "pct1ResTime" : 2058.5,
    "pct2ResTime" : 2399.2999999999997,
    "pct3ResTime" : 3192.960000000001,
    "throughput" : 0.45482733764048666,
    "receivedKBytesPerSec" : 976.6124537996054,
    "sentKBytesPerSec" : 9.672466230958301
  },
  "2.5 Select patient" : {
    "transaction" : "2.5 Select patient",
    "sampleCount" : 1619,
    "errorCount" : 0,
    "errorPct" : 0.0,
    "meanResTime" : 114.32118591723291,
    "medianResTime" : 89.0,
    "minResTime" : 55.0,
    "maxResTime" : 2287.0,
    "pct1ResTime" : 172.0,
    "pct2ResTime" : 263.0,
    "pct3ResTime" : 574.7999999999997,
    "throughput" : 0.45578954065760946,
    "receivedKBytesPerSec" : 192.16215051179196,
    "sentKBytesPerSec" : 1.8960303394942342
  },
  "7.1 Full name search" : {
    "transaction" : "7.1 Full name search",
    "sampleCount" : 26,
    "errorCount" : 0,
    "errorPct" : 0.0,
    "meanResTime" : 1173.1153846153848,
    "medianResTime" : 703.0,
    "minResTime" : 353.0,
    "maxResTime" : 5251.0,
    "pct1ResTime" : 4629.8,
    "pct2ResTime" : 5123.249999999999,
    "pct3ResTime" : 5251.0,
    "throughput" : 0.007638149147200648,
    "receivedKBytesPerSec" : 3.280019312399125,
    "sentKBytesPerSec" : 0.0330539871542489
  },
  "2.3 Search by first/last name" : {
    "transaction" : "2.3 Search by first/last name",
    "sampleCount" : 1628,
    "errorCount" : 0,
    "errorPct" : 0.0,
    "meanResTime" : 108.72972972972967,
    "medianResTime" : 87.0,
    "minResTime" : 57.0,
    "maxResTime" : 1454.0,
    "pct1ResTime" : 160.0,
    "pct2ResTime" : 253.0,
    "pct3ResTime" : 481.5500000000002,
    "throughput" : 0.45552222769396067,
    "receivedKBytesPerSec" : 193.8870939726197,
    "sentKBytesPerSec" : 1.96950177868419
  },
  "4.0 Vaccination for flu" : {
    "transaction" : "4.0 Vaccination for flu",
    "sampleCount" : 404,
    "errorCount" : 0,
    "errorPct" : 0.0,
    "meanResTime" : 997.5396039603959,
    "medianResTime" : 903.0,
    "minResTime" : 183.0,
    "maxResTime" : 3308.0,
    "pct1ResTime" : 1385.5,
    "pct2ResTime" : 1609.0,
    "pct3ResTime" : 2504.749999999999,
    "throughput" : 0.11556064073226545,
    "receivedKBytesPerSec" : 142.81879123015588,
    "sentKBytesPerSec" : 1.9496908296982265
  },
  "4.0 Vaccination for hpv" : {
    "transaction" : "4.0 Vaccination for hpv",
    "sampleCount" : 405,
    "errorCount" : 0,
    "errorPct" : 0.0,
    "meanResTime" : 1002.0765432098765,
    "medianResTime" : 909.0,
    "minResTime" : 190.0,
    "maxResTime" : 2910.0,
    "pct1ResTime" : 1470.0000000000002,
    "pct2ResTime" : 1727.6,
    "pct3ResTime" : 2093.14,
    "throughput" : 0.1156737007701298,
    "receivedKBytesPerSec" : 142.60780682922177,
    "sentKBytesPerSec" : 1.9526896058861347
  },
  "7.6 First name search" : {
    "transaction" : "7.6 First name search",
    "sampleCount" : 26,
    "errorCount" : 0,
    "errorPct" : 0.0,
    "meanResTime" : 1629.7692307692307,
    "medianResTime" : 1170.0,
    "minResTime" : 565.0,
    "maxResTime" : 5230.0,
    "pct1ResTime" : 3383.3,
    "pct2ResTime" : 4603.499999999997,
    "pct3ResTime" : 5230.0,
    "throughput" : 0.007702117637997508,
    "receivedKBytesPerSec" : 3.9786856044644137,
    "sentKBytesPerSec" : 0.033294648398329824
  },
  "1.2 Sign-in page" : {
    "transaction" : "1.2 Sign-in page",
    "sampleCount" : 1662,
    "errorCount" : 0,
    "errorPct" : 0.0,
    "meanResTime" : 156.36101083032491,
    "medianResTime" : 104.0,
    "minResTime" : 11.0,
    "maxResTime" : 3043.0,
    "pct1ResTime" : 280.70000000000005,
    "pct2ResTime" : 462.6999999999998,
    "pct3ResTime" : 883.6999999999989,
    "throughput" : 0.46263447228076293,
    "receivedKBytesPerSec" : 193.801395602683,
    "sentKBytesPerSec" : 2.3007478239547785
  },
  "2.4 Patient attending session" : {
    "transaction" : "2.4 Patient attending session",
    "sampleCount" : 1423,
    "errorCount" : 14,
    "errorPct" : 0.98383695,
    "meanResTime" : 840.342937456079,
    "medianResTime" : 717.0,
    "minResTime" : 159.0,
    "maxResTime" : 3739.0,
    "pct1ResTime" : 1291.8000000000004,
    "pct2ResTime" : 1535.0,
    "pct3ResTime" : 2348.3599999999997,
    "throughput" : 0.39987489507850393,
    "receivedKBytesPerSec" : 204.75179745679708,
    "sentKBytesPerSec" : 2.0369703203186185
  },
  "Check STS status" : {
    "transaction" : "Check STS status",
    "sampleCount" : 1,
    "errorCount" : 0,
    "errorPct" : 0.0,
    "meanResTime" : 29.0,
    "medianResTime" : 29.0,
    "minResTime" : 29.0,
    "maxResTime" : 29.0,
    "pct1ResTime" : 29.0,
    "pct2ResTime" : 29.0,
    "pct3ResTime" : 29.0,
    "throughput" : 34.48275862068965,
    "receivedKBytesPerSec" : 10.809536637931034,
    "sentKBytesPerSec" : 20.339439655172413
  },
  "1.1 Homepage" : {
    "transaction" : "1.1 Homepage",
    "sampleCount" : 1666,
    "errorCount" : 0,
    "errorPct" : 0.0,
    "meanResTime" : 158.33013205282143,
    "medianResTime" : 110.0,
    "minResTime" : 24.0,
    "maxResTime" : 3520.0,
    "pct1ResTime" : 260.29999999999995,
    "pct2ResTime" : 409.8999999999992,
    "pct3ResTime" : 900.3199999999997,
    "throughput" : 0.46282521736255744,
    "receivedKBytesPerSec" : 193.68148294010902,
    "sentKBytesPerSec" : 2.293255620767101
  },
  "1.3 Sign-in" : {
    "transaction" : "1.3 Sign-in",
    "sampleCount" : 1661,
    "errorCount" : 0,
    "errorPct" : 0.0,
    "meanResTime" : 171.59301625526786,
    "medianResTime" : 110.0,
    "minResTime" : 60.0,
    "maxResTime" : 2884.0,
    "pct1ResTime" : 310.0,
    "pct2ResTime" : 490.0,
    "pct3ResTime" : 978.5599999999986,
    "throughput" : 0.4625498891105564,
    "receivedKBytesPerSec" : 193.96157472660894,
    "sentKBytesPerSec" : 2.413211838363598
  },
  "Run some searches" : {
    "transaction" : "Run some searches",
    "sampleCount" : 26,
    "errorCount" : 0,
    "errorPct" : 0.0,
    "meanResTime" : 11298.26923076923,
    "medianResTime" : 9101.0,
    "minResTime" : 6358.0,
    "maxResTime" : 43699.0,
    "pct1ResTime" : 18326.5,
    "pct2ResTime" : 35270.649999999965,
    "pct3ResTime" : 43699.0,
    "throughput" : 0.007647097059014707,
    "receivedKBytesPerSec" : 30.495375362906223,
    "sentKBytesPerSec" : 0.26646962278929043
  },
  "4.0 Vaccination for td_ipv" : {
    "transaction" : "4.0 Vaccination for td_ipv",
    "sampleCount" : 390,
    "errorCount" : 0,
    "errorPct" : 0.0,
    "meanResTime" : 1053.607692307693,
    "medianResTime" : 925.0,
    "minResTime" : 189.0,
    "maxResTime" : 4043.0,
    "pct1ResTime" : 1599.8000000000002,
    "pct2ResTime" : 1875.9499999999998,
    "pct3ResTime" : 2867.949999999986,
    "throughput" : 0.1130670420879018,
    "receivedKBytesPerSec" : 140.11862069044244,
    "sentKBytesPerSec" : 1.9089629997345825
  },
  "2.1 Open session" : {
    "transaction" : "2.1 Open session",
    "sampleCount" : 1631,
    "errorCount" : 1,
    "errorPct" : 0.06131208,
    "meanResTime" : 317.0496627835682,
    "medianResTime" : 244.0,
    "minResTime" : 98.0,
    "maxResTime" : 3736.0,
    "pct1ResTime" : 567.0,
    "pct2ResTime" : 757.3999999999999,
    "pct3ResTime" : 1265.6400000000046,
    "throughput" : 0.45536641361397606,
    "receivedKBytesPerSec" : 191.23271009926833,