{
  "4.3 Vaccination confirm" : {
    "transaction" : "4.3 Vaccination confirm",
    "sampleCount" : 1622,
    "errorCount" : 34,
    "errorPct" : 2.0961776,
    "meanResTime" : 1116.971023427867,
    "medianResTime" : 939.5,
    "minResTime" : 20.0,
    "maxResTime" : 6199.0,
    "pct1ResTime" : 1785.2000000000003,
    "pct2ResTime" : 2213.3999999999996,
    "pct3ResTime" : 3564.429999999999,
    "throughput" : 0.46883572077277536,
    "receivedKBytesPerSec" : 196.23120464793024,
    "sentKBytesPerSec" : 4.768978712325494
  },
  "4.1 Vaccination questions" : {
    "transaction" : "4.1 Vaccination questions",
    "sampleCount" : 1645,
    "errorCount" : 34,
    "errorPct" : 2.0668693,
    "meanResTime" : 248.97629179331312,
    "medianResTime" : 163.0,
    "minResTime" : 26.0,
    "maxResTime" : 2457.0,
    "pct1ResTime" : 471.4000000000001,
    "pct2ResTime" : 676.1999999999989,
    "pct3ResTime" : 1365.3999999999996,
    "throughput" : 0.4692774468111813,
    "receivedKBytesPerSec" : 192.23458147004155,
    "sentKBytesPerSec" : 4.35553757817606
  },
  "2.0 Register attendance" : {
    "transaction" : "2.0 Register attendance",
    "sampleCount" : 1673,
    "errorCount" : 35,
    "errorPct" : 2.0920503,
    "meanResTime" : 1550.454273759714,
    "medianResTime" : 1398.0,
    "minResTime" : 478.0,
    "maxResTime" : 6563.0,
    "pct1ResTime" : 2473.000000000001,
    "pct2ResTime" : 2954.2,
    "pct3ResTime" : 3954.56,
    "throughput" : 0.46789271524882775,
    "receivedKBytesPerSec" : 894.3466227516748,
    "sentKBytesPerSec" : 15.340054310898626
  },
  "Reset counters" : {
    "transaction" : "Reset counters",
    "sampleCount" : 1,
    "errorCount" : 0,
    "errorPct" : 0.0,
    "meanResTime" : 34.0,
    "medianResTime" : 34.0,
    "minResTime" : 34.0,
    "maxResTime" : 34.0,
    "pct1ResTime" : 34.0,
    "pct2ResTime" : 34.0,
    "pct3ResTime" : 34.0,
    "throughput" : 29.41176470588235,
    "receivedKBytesPerSec" : 0.0,
    "sentKBytesPerSec" : 0.0
  },
  "1.0 Login" : {
    "transaction" : "1.0 Login",
    "sampleCount" : 1685,
    "errorCount" : 1,
    "errorPct" : 0.059347183,
    "meanResTime" : 1194.5086053412465,
    "medianResTime" : 1064.0,
    "minResTime" : 443.0,
    "maxResTime" : 3918.0,
    "pct1ResTime" : 1805.8000000000002,
    "pct2ResTime" : 2171.399999999998,
    "pct3ResTime" : 3089.099999999998,
    "throughput" : 0.46937135993457213,
    "receivedKBytesPerSec" : 811.9112425831142,
    "sentKBytesPerSec" : 15.362232668114336
  },
  "4.0 Vaccination for menacwy" : {
    "transaction" : "4.0 Vaccination for menacwy",
    "sampleCount" : 409,
    "errorCount" : 17,
    "errorPct" : 4.1564794,
    "meanResTime" : 1594.6601466992674,
    "medianResTime" : 1470.0,
    "minResTime" : 74.0,
    "maxResTime" : 6116.0,
    "pct1ResTime" : 2409.0,
    "pct2ResTime" : 2924.0,
    "pct3ResTime" : 4691.599999999991,
    "throughput" : 0.11797783112901322,
    "receivedKBytesPerSec" : 145.62136971180237,
    "sentKBytesPerSec" : 3.2989997795667874
  },
  "2.5 Select patient" : {
    "transaction" : "2.5 Select patient",
    "sampleCount" : 1668,
    "errorCount" : 0,
    "errorPct" : 0.0,
    "meanResTime" : 188.76258992805754,
    "medianResTime" : 124.5,
    "minResTime" : 71.0,
    "maxResTime" : 2232.0,
    "pct1ResTime" : 363.2000000000003,
    "pct2ResTime" : 537.55,
    "pct3ResTime" : 1103.6499999999992,
    "throughput" : 0.4702519146272873,
    "receivedKBytesPerSec" : 198.13138357767474,
    "sentKBytesPerSec" : 3.366041439364145
  },
  "Initialise vaccination list" : {
    "transaction" : "Initialise vaccination list",
    "sampleCount" : 1,
    "errorCount" : 0,
    "errorPct" : 0.0,
    "meanResTime" : 45.0,
    "medianResTime" : 45.0,
    "minResTime" : 45.0,
    "maxResTime" : 45.0,
    "pct1ResTime" : 45.0,
    "pct2ResTime" : 45.0,
    "pct3ResTime" : 45.0,
    "throughput" : 22.22222222222222,
    "receivedKBytesPerSec" : 6.380208333333334,
    "sentKBytesPerSec" : 13.715277777777779
  },
  "2.3 Search by first/last name" : {
    "transaction" : "2.3 Search by first/last name",
    "sampleCount" : 1676,
    "errorCount" : 0,
    "errorPct" : 0.0,
    "meanResTime" : 174.75536992840122,
    "medianResTime" : 115.0,
    "minResTime" : 75.0,
    "maxResTime" : 1966.0,
    "pct1ResTime" : 317.0,
    "pct2ResTime" : 488.1999999999989,
    "pct3ResTime" : 1030.3600000000006,
    "throughput" : 0.46879637091191245,
    "receivedKBytesPerSec" : 199.25769708625296,
    "sentKBytesPerSec" : 3.4804240256706573
  },
  "4.0 Vaccination for flu" : {
    "transaction" : "4.0 Vaccination for flu",
    "sampleCount" : 398,
    "errorCount" : 0,
    "errorPct" : 0.0,
    "meanResTime" : 1614.924623115577,
    "medianResTime" : 1464.5,
    "minResTime" : 635.0,
    "maxResTime" : 4435.0,
    "pct1ResTime" : 2339.2000000000007,
    "pct2ResTime" : 2724.999999999998,
    "pct3ResTime" : 3724.0799999999954,
    "throughput" : 0.11355767346005952,
    "receivedKBytesPerSec" : 140.45582678501322,
    "sentKBytesPerSec" : 3.2076838466278077
  },
  "4.0 Vaccination for hpv" : {
    "transaction" : "4.0 Vaccination for hpv",
    "sampleCount" : 425,
    "errorCount" : 0,
    "errorPct" : 0.0,
    "meanResTime" : 1625.6823529411765,
    "medianResTime" : 1443.0,
    "minResTime" : 268.0,
    "maxResTime" : 4900.0,
    "pct1ResTime" : 2551.4,
    "pct2ResTime" : 2967.2999999999997,
    "pct3ResTime" : 4408.360000000001,
    "throughput" : 0.12195576879481874,
    "receivedKBytesPerSec" : 150.1428992621138,
    "sentKBytesPerSec" : 3.4366471503061806
  },
  "1.2 Sign-in page" : {
    "transaction" : "1.2 Sign-in page",
    "sampleCount" : 1688,
    "errorCount" : 0,
    "errorPct" : 0.0,
    "meanResTime" : 229.05627962085302,
    "medianResTime" : 150.0,
    "minResTime" : 17.0,
    "maxResTime" : 2625.0,
    "pct1ResTime" : 450.10000000000014,
    "pct2ResTime" : 633.55,
    "pct3ResTime" : 1450.2699999999943,
    "throughput" : 0.46951203569626576,
    "receivedKBytesPerSec" : 195.97925407144538,
    "sentKBytesPerSec" : 3.953757171497337
  },
  "Debug Sampler" : {
    "transaction" : "Debug Sampler",
    "sampleCount" : 1675,
    "errorCount" : 0,
    "errorPct" : 0.0,
    "meanResTime" : 0.2955223880597018,
    "medianResTime" : 0.0,
    "minResTime" : 0.0,
    "maxResTime" : 6.0,
    "pct1ResTime" : 1.0,
    "pct2ResTime" : 1.0,
    "pct3ResTime" : 1.0,
    "throughput" : 0.4688353262799974,
    "receivedKBytesPerSec" : 2.62397526898902,
    "sentKBytesPerSec" : 0.0
  },
  "2.4 Patient attending session" : {
    "transaction" : "2.4 Patient attending session",
    "sampleCount" : 756,
    "errorCount" : 35,
    "errorPct" : 4.6296296,
    "meanResTime" : 913.3637566137569,
    "medianResTime" : 738.5,
    "minResTime" : 20.0,
    "maxResTime" : 5926.0,
    "pct1ResTime" : 1564.900000000001,
    "pct2ResTime" : 1947.0,
    "pct3ResTime" : 3158.029999999999,
    "throughput" : 0.2122247044153406,
    "receivedKBytesPerSec" : 90.40320897666285,
    "sentKBytesPerSec" : 1.834435601417021
  },
  "Check STS status" : {
    "transaction" : "Check STS status",
    "sampleCount" : 1,
    "errorCount" : 0,
    "errorPct" : 0.0,
    "meanResTime" : 29.0,
    "medianResTime" : 29.0,
    "minResTime" : 29.0,
    "maxResTime" : 29.0,
    "pct1ResTime" : 29.0,
    "pct2ResTime" : 29.0,
    "pct3ResTime" : 29.0,
    "throughput" : 34.48275862068965,
    "receivedKBytesPerSec" : 10.809536637931034,
    "sentKBytesPerSec" : 20.339439655172413
  },
  "Total" : {
    "transaction" : "Total",
    "sampleCount" : 20792,
    "errorCount" : 138,
    "errorPct" : 0.6637168,
    "meanResTime" : 348.5131781454391,
    "medianResTime" : 183.0,
    "minResTime" : 0.0,
    "maxResTime" : 6199.0,
    "pct1ResTime" : 838.0,
    "pct2ResTime" : 1141.9500000000007,
    "pct3ResTime" : 1947.0,
    "throughput" : 5.539397204245557,
    "receivedKBytesPerSec" : 2171.9987402159886,
    "sentKBytesPerSec" : 41.656442292539694
  },