{
  "7.3 Safe to vaccinate" : {
    "transaction" : "7.3 Safe to vaccinate",
    "sampleCount" : 9,
    "errorCount" : 0,
    "errorPct" : 0.0,
    "meanResTime" : 132.55555555555554,
    "medianResTime" : 125.0,
    "minResTime" : 95.0,
    "maxResTime" : 209.0,
    "pct1ResTime" : 209.0,
    "pct2ResTime" : 209.0,
    "pct3ResTime" : 209.0,
    "throughput" : 0.006049362800451686,
    "receivedKBytesPerSec" : 2.5410546675455046,
    "sentKBytesPerSec" : 0.026452177896636554
  },
  "2.0 Register attendance" : {
    "transaction" : "2.0 Register attendance",
    "sampleCount" : 842,
    "errorCount" : 12,
    "errorPct" : 1.4251782,
    "meanResTime" : 1705.0213776722092,
    "medianResTime" : 1571.0,
    "minResTime" : 628.0,
    "maxResTime" : 4728.0,
    "pct1ResTime" : 2434.4000000000005,
    "pct2ResTime" : 2746.85,
    "pct3ResTime" : 3649.4199999999996,
    "throughput" : 0.478438993346175,
    "receivedKBytesPerSec" : 990.1861064913858,
    "sentKBytesPerSec" : 10.392003592909216
  },
  "2.5 Select patient" : {
    "transaction" : "2.5 Select patient",
    "sampleCount" : 839,
    "errorCount" : 0,
    "errorPct" : 0.0,
    "meanResTime" : 149.27175208581667,
    "medianResTime" : 96.0,
    "minResTime" : 73.0,
    "maxResTime" : 1653.0,
    "pct1ResTime" : 265.0,
    "pct2ResTime" : 416.0,
    "pct3ResTime" : 795.4000000000008,
    "throughput" : 0.48024691216690385,
    "receivedKBytesPerSec" : 197.88079042939168,
    "sentKBytesPerSec" : 1.995615931332705
  },
  "7.1 Full name search" : {
    "transaction" : "7.1 Full name search",
    "sampleCount" : 10,
    "errorCount" : 0,
    "errorPct" : 0.0,
    "meanResTime" : 9086.2,
    "medianResTime" : 8140.0,
    "minResTime" : 7280.0,
    "maxResTime" : 15081.0,
    "pct1ResTime" : 14565.800000000003,
    "pct2ResTime" : 15081.0,
    "pct3ResTime" : 15081.0,
    "throughput" : 0.005871114936468666,
    "receivedKBytesPerSec" : 2.9771271407185895,
    "sentKBytesPerSec" : 0.02537651827032257
  },
  "2.3 Search by first/last name" : {
    "transaction" : "2.3 Search by first/last name",
    "sampleCount" : 849,
    "errorCount" : 0,
    "errorPct" : 0.0,
    "meanResTime" : 129.4935217903417,
    "medianResTime" : 92.0,
    "minResTime" : 71.0,
    "maxResTime" : 1208.0,
    "pct1ResTime" : 217.0,
    "pct2ResTime" : 323.5,
    "pct3ResTime" : 630.0,
    "throughput" : 0.47961874546650124,
    "receivedKBytesPerSec" : 200.3462658269949,
    "sentKBytesPerSec" : 2.071644965542585
  },
  "4.0 Vaccination for flu" : {
    "transaction" : "4.0 Vaccination for flu",
    "sampleCount" : 210,
    "errorCount" : 0,
    "errorPct" : 0.0,
    "meanResTime" : 1136.2952380952388,
    "medianResTime" : 1028.5,
    "minResTime" : 205.0,
    "maxResTime" : 2766.0,
    "pct1ResTime" : 1742.9,
    "pct2ResTime" : 1917.9499999999998,
    "pct3ResTime" : 2394.9799999999987,
    "throughput" : 0.12355783006562097,
    "receivedKBytesPerSec" : 147.95264928396767,
    "sentKBytesPerSec" : 2.0646080170130308
  },
  "4.0 Vaccination for hpv" : {
    "transaction" : "4.0 Vaccination for hpv",
    "sampleCount" : 208,
    "errorCount" : 0,
    "errorPct" : 0.0,
    "meanResTime" : 1234.1442307692316,
    "medianResTime" : 1062.5,
    "minResTime" : 190.0,
    "maxResTime" : 3510.0,
    "pct1ResTime" : 1942.8,
    "pct2ResTime" : 2154.85,
    "pct3ResTime" : 3005.6499999999987,
    "throughput" : 0.12253826227783313,
    "receivedKBytesPerSec" : 146.96056161443275,
    "sentKBytesPerSec" : 2.057237533020527
  },
  "7.6 First name search" : {
    "transaction" : "7.6 First name search",
    "sampleCount" : 9,
    "errorCount" : 0,
    "errorPct" : 0.0,
    "meanResTime" : 7118.666666666667,
    "medianResTime" : 6958.0,
    "minResTime" : 6160.0,
    "maxResTime" : 8201.0,
    "pct1ResTime" : 8201.0,
    "pct2ResTime" : 8201.0,
    "pct3ResTime" : 8201.0,
    "throughput" : 0.0060275257006998624,
    "receivedKBytesPerSec" : 3.0357427826658405,
    "sentKBytesPerSec" : 0.02601463349295114
  },
  "1.2 Sign-in page" : {
    "transaction" : "1.2 Sign-in page",
    "sampleCount" : 872,
    "errorCount" : 0,
    "errorPct" : 0.0,
    "meanResTime" : 219.204128440367,
    "medianResTime" : 112.0,
    "minResTime" : 13.0,
    "maxResTime" : 8193.0,
    "pct1ResTime" : 284.5000000000002,
    "pct2ResTime" : 458.849999999999,
    "pct3ResTime" : 5714.529999999997,
    "throughput" : 0.48564966502982676,
    "receivedKBytesPerSec" : 197.9305259305315,
    "sentKBytesPerSec" : 2.3844313612239376
  },
  "2.4 Patient attending session" : {
    "transaction" : "2.4 Patient attending session",
    "sampleCount" : 815,
    "errorCount" : 12,
    "errorPct" : 1.4723927,
    "meanResTime" : 712.5619631901837,
    "medianResTime" : 600.0,
    "minResTime" : 131.0,
    "maxResTime" : 3476.0,
    "pct1ResTime" : 1065.5999999999995,
    "pct2ResTime" : 1309.1999999999996,
    "pct3ResTime" : 1824.8400000000001,
    "throughput" : 0.4622285541547541,
    "receivedKBytesPerSec" : 193.49325767076084,
    "sentKBytesPerSec" : 2.352159351734378
  },
  "Check STS status" : {
    "transaction" : "Check STS status",
    "sampleCount" : 1,
    "errorCount" : 0,
    "errorPct" : 0.0,
    "meanResTime" : 29.0,
    "medianResTime" : 29.0,
    "minResTime" : 29.0,
    "maxResTime" : 29.0,
    "pct1ResTime" : 29.0,
    "pct2ResTime" : 29.0,
    "pct3ResTime" : 29.0,
    "throughput" : 34.48275862068965,
    "receivedKBytesPerSec" : 10.775862068965516,
    "sentKBytesPerSec" : 20.339439655172413
  },
  "1.1 Homepage" : {
    "transaction" : "1.1 Homepage",
    "sampleCount" : 875,
    "errorCount" : 0,
    "errorPct" : 0.0,
    "meanResTime" : 223.77142857142871,
    "medianResTime" : 118.0,
    "minResTime" : 29.0,
    "maxResTime" : 8433.0,
    "pct1ResTime" : 273.79999999999995,
    "pct2ResTime" : 424.9999999999993,
    "pct3ResTime" : 5789.52,
    "throughput" : 0.4861062500486106,
    "receivedKBytesPerSec" : 198.11847074671613,
    "sentKBytesPerSec" : 2.3732944094170167
  },
  "1.3 Sign-in" : {
    "transaction" : "1.3 Sign-in",
    "sampleCount" : 869,
    "errorCount" : 0,
    "errorPct" : 0.0,
    "meanResTime" : 255.5443037974687,
    "medianResTime" : 122.0,
    "minResTime" : 82.0,
    "maxResTime" : 8331.0,
    "pct1ResTime" : 385.0,
    "pct2ResTime" : 547.5,
    "pct3ResTime" : 5755.199999999997,
    "throughput" : 0.4849281647840591,
    "receivedKBytesPerSec" : 198.12155926482043,
    "sentKBytesPerSec" : 2.536554198255821
  },
  "Run some searches" : {
    "transaction" : "Run some searches",
    "sampleCount" : 9,
    "errorCount" : 0,
    "errorPct" : 0.0,
    "meanResTime" : 36056.11111111111,
    "medianResTime" : 33036.0,
    "minResTime" : 31339.0,
    "maxResTime" : 57284.0,
    "pct1ResTime" : 57284.0,
    "pct2ResTime" : 57284.0,
    "pct3ResTime" : 57284.0,
    "throughput" : 0.005833912403157054,
    "receivedKBytesPerSec" : 23.190342401636997,
    "sentKBytesPerSec" : 0.2029525450929018
  },
  "4.0 Vaccination for td_ipv" : {
    "transaction" : "4.0 Vaccination for td_ipv",
    "sampleCount" : 200,
    "errorCount" : 0,
    "errorPct" : 0.0,
    "meanResTime" : 1221.6700000000003,
    "medianResTime" : 1121.5,
    "minResTime" : 201.0,
    "maxResTime" : 2971.0,
    "pct1ResTime" : 1791.4,
    "pct2ResTime" : 2054.35,
    "pct3ResTime" : 2763.8100000000013,
    "throughput" : 0.11853818707696684,
    "receivedKBytesPerSec" : 142.88727236037684,
    "sentKBytesPerSec" : 1.9900680511062576
  },
  "2.1 Open session" : {
    "transaction" : "2.1 Open session",
    "sampleCount" : 853,
    "errorCount" : 0,
    "errorPct" : 0.0,
    "meanResTime" : 598.9413833528729,
    "medianResTime" : 486.0,
    "minResTime" : 285.0,
    "maxResTime" : 2429.0,
    "pct1ResTime" : 989.8000000000001,
    "pct2ResTime" : 1220.1999999999985,
    "pct3ResTime" : 1865.5400000000018,
    "throughput" : 0.47987371389062816,
    "receivedKBytesPerSec" : 197.01008007294868,
    "sentKBytesPerSec" : 1.9978230846119185
  },