{
  "2.0 Register attendance" : {
    "transaction" : "2.0 Register attendance",
    "sampleCount" : 100,
    "errorCount" : 0,
    "errorPct" : 0.0,
    "meanResTime" : 22641.189999999995,
    "medianResTime" : 23413.5,
    "minResTime" : 5677.0,
    "maxResTime" : 51426.0,
    "pct1ResTime" : 41011.0,
    "pct2ResTime" : 42350.1,
    "pct3ResTime" : 51394.54999999998,
    "throughput" : 0.24035977050449112,
    "receivedKBytesPerSec" : 87.83513099907942,
    "sentKBytesPerSec" : 1.0328381396273942
  },
  "2.5 Select patient" : {
    "transaction" : "2.5 Select patient",
    "sampleCount" : 100,
    "errorCount" : 0,
    "errorPct" : 0.0,
    "meanResTime" : 1627.22,
    "medianResTime" : 608.0,
    "minResTime" : 311.0,
    "maxResTime" : 19689.0,
    "pct1ResTime" : 3554.800000000001,
    "pct2ResTime" : 10085.499999999933,
    "pct3ResTime" : 19655.559999999983,
    "throughput" : 0.2513295332307909,
    "receivedKBytesPerSec" : 6.196919889810849,
    "sentKBytesPerSec" : 0.17426168807994288
  },
  "Vaccination" : {
    "transaction" : "Vaccination",
    "sampleCount" : 83,
    "errorCount" : 0,
    "errorPct" : 0.0,
    "meanResTime" : 32501.253012048182,
    "medianResTime" : 35596.0,
    "minResTime" : 7956.0,
    "maxResTime" : 58895.0,
    "pct1ResTime" : 48999.4,
    "pct2ResTime" : 52401.59999999999,
    "pct3ResTime" : 58895.0,
    "throughput" : 0.19930076646752598,
    "receivedKBytesPerSec" : 112.2942642612605,
    "sentKBytesPerSec" : 4.172592475255489
  },
  "1.4 Select Organisations" : {
    "transaction" : "1.4 Select Organisations",
    "sampleCount" : 70,
    "errorCount" : 0,
    "errorPct" : 0.0,
    "meanResTime" : 2568.342857142857,
    "medianResTime" : 895.0,
    "minResTime" : 367.0,
    "maxResTime" : 21567.0,
    "pct1ResTime" : 7005.299999999999,
    "pct2ResTime" : 10458.550000000012,
    "pct3ResTime" : 21567.0,
    "throughput" : 0.8945572580542102,
    "receivedKBytesPerSec" : 12.85314544702304,
    "sentKBytesPerSec" : 1.2929147870314757
  },
  "2.5 Select menacwy" : {
    "transaction" : "2.5 Select menacwy",
    "sampleCount" : 69,
    "errorCount" : 0,
    "errorPct" : 0.0,
    "meanResTime" : 402.50724637681157,
    "medianResTime" : 364.0,
    "minResTime" : 307.0,
    "maxResTime" : 797.0,
    "pct1ResTime" : 607.0,
    "pct2ResTime" : 646.5,
    "pct3ResTime" : 797.0,
    "throughput" : 0.18786296349740939,
    "receivedKBytesPerSec" : 4.242032181231946,
    "sentKBytesPerSec" : 0.13099038665737336
  },
  "Calculate Slug" : {
    "transaction" : "Calculate Slug",
    "sampleCount" : 70,
    "errorCount" : 0,
    "errorPct" : 0.0,
    "meanResTime" : 4.471428571428574,
    "medianResTime" : 1.0,
    "minResTime" : 0.0,
    "maxResTime" : 210.0,
    "pct1ResTime" : 3.0,
    "pct2ResTime" : 3.450000000000003,
    "pct3ResTime" : 210.0,
    "throughput" : 1.187165049860932,
    "receivedKBytesPerSec" : 2.7325498662319383,
    "sentKBytesPerSec" : 0.0
  },
  "2.3 Search by first/last name" : {
    "transaction" : "2.3 Search by first/last name",
    "sampleCount" : 100,
    "errorCount" : 0,
    "errorPct" : 0.0,
    "meanResTime" : 5526.399999999998,
    "medianResTime" : 3026.5,
    "minResTime" : 990.0,
    "maxResTime" : 23584.0,
    "pct1ResTime" : 13022.100000000002,
    "pct2ResTime" : 18067.499999999993,
    "pct3ResTime" : 23567.459999999992,
    "throughput" : 0.2436427515063213,
    "receivedKBytesPerSec" : 27.308854837953206,
    "sentKBytesPerSec" : 0.21018470100161535
  },
  "2.5 Select td_ipv" : {
    "transaction" : "2.5 Select td_ipv",
    "sampleCount" : 66,
    "errorCount" : 0,
    "errorPct" : 0.0,
    "meanResTime" : 411.93939393939394,
    "medianResTime" : 360.0,
    "minResTime" : 311.0,
    "maxResTime" : 643.0,
    "pct1ResTime" : 610.6,
    "pct2ResTime" : 625.75,
    "pct3ResTime" : 643.0,
    "throughput" : 0.28433078871637574,
    "receivedKBytesPerSec" : 6.512998406832124,
    "sentKBytesPerSec" : 0.19797641831521084
  },
  "4.0 Vaccination for hpv" : {
    "transaction" : "4.0 Vaccination for hpv",
    "sampleCount" : 99,
    "errorCount" : 0,
    "errorPct" : 0.0,
    "meanResTime" : 1967.5555555555559,
    "medianResTime" : 1961.0,
    "minResTime" : 835.0,
    "maxResTime" : 3519.0,
    "pct1ResTime" : 2172.0,
    "pct2ResTime" : 2432.0,
    "pct3ResTime" : 3519.0,
    "throughput" : 0.2491788424510137,
    "receivedKBytesPerSec" : 12.169511615761191,
    "sentKBytesPerSec" : 1.4160764596783328
  },
  "1.2 Sign-in page" : {
    "transaction" : "1.2 Sign-in page",
    "sampleCount" : 70,
    "errorCount" : 0,
    "errorPct" : 0.0,
    "meanResTime" : 120.11428571428571,
    "medianResTime" : 93.0,
    "minResTime" : 88.0,
    "maxResTime" : 1779.0,
    "pct1ResTime" : 97.0,
    "pct2ResTime" : 132.45000000000016,
    "pct3ResTime" : 1779.0,
    "throughput" : 1.1587677332847754,
    "receivedKBytesPerSec" : 6.983159845801122,
    "sentKBytesPerSec" : 0.6982028236686586
  },
  "2.4 Patient attending session" : {
    "transaction" : "2.4 Patient attending session",
    "sampleCount" : 100,
    "errorCount" : 0,
    "errorPct" : 0.0,
    "meanResTime" : 5290.929999999999,
    "medianResTime" : 2308.5,
    "minResTime" : 1141.0,
    "maxResTime" : 24537.0,
    "pct1ResTime" : 14463.100000000011,
    "pct2ResTime" : 18385.6,
    "pct3ResTime" : 24535.88,
    "throughput" : 0.2423449295382117,
    "receivedKBytesPerSec" : 22.930260702557952,
    "sentKBytesPerSec" : 0.3602040847237874
  },
  "5.4 Consent route" : {
    "transaction" : "5.4 Consent route",
    "sampleCount" : 1,
    "errorCount" : 0,
    "errorPct" : 0.0,
    "meanResTime" : 413.0,
    "medianResTime" : 413.0,
    "minResTime" : 413.0,
    "maxResTime" : 413.0,
    "pct1ResTime" : 413.0,
    "pct2ResTime" : 413.0,
    "pct3ResTime" : 413.0,
    "throughput" : 2.4213075060532687,
    "receivedKBytesPerSec" : 27.528185532687655,
    "sentKBytesPerSec" : 3.7667410714285716
  },
  "1.1 Homepage" : {
    "transaction" : "1.1 Homepage",
    "sampleCount" : 70,
    "errorCount" : 0,
    "errorPct" : 0.0,
    "meanResTime" : 277.15714285714284,
    "medianResTime" : 270.5,
    "minResTime" : 261.0,
    "maxResTime" : 586.0,
    "pct1ResTime" : 282.8,
    "pct2ResTime" : 287.45,
    "pct3ResTime" : 586.0,
    "throughput" : 1.1870040018992065,
    "receivedKBytesPerSec" : 6.126285302770806,
    "sentKBytesPerSec" : 0.643346895560605
  },
  "1.3 Sign-in" : {
    "transaction" : "1.3 Sign-in",
    "sampleCount" : 70,
    "errorCount" : 0,
    "errorPct" : 0.0,
    "meanResTime" : 2502.385714285714,
    "medianResTime" : 597.0,
    "minResTime" : 423.0,
    "maxResTime" : 15422.0,
    "pct1ResTime" : 6747.9,
    "pct2ResTime" : 11752.150000000005,
    "pct3ResTime" : 15422.0,
    "throughput" : 0.9355662180403898,
    "receivedKBytesPerSec" : 9.078829598307962,
    "sentKBytesPerSec" : 1.4718722434209648
  },
  "4.0 Vaccination for td_ipv" : {
    "transaction" : "4.0 Vaccination for td_ipv",
    "sampleCount" : 64,
    "errorCount" : 0,
    "errorPct" : 0.0,
    "meanResTime" : 2327.5468749999995,
    "medianResTime" : 2066.0,
    "minResTime" : 813.0,
    "maxResTime" : 6017.0,
    "pct1ResTime" : 3725.5,
    "pct2ResTime" : 4835.5,
    "pct3ResTime" : 6017.0,
    "throughput" : 0.31113271754982985,
    "receivedKBytesPerSec" : 16.566962657997085,
    "sentKBytesPerSec" : 1.7874227105614975
  },
  "2.1 Open session" : {
    "transaction" : "2.1 Open session",
    "sampleCount" : 100,
    "errorCount" : 0,
    "errorPct" : 0.0,
    "meanResTime" : 5761.42,
    "medianResTime" : 4217.5,
    "minResTime" : 1438.0,
    "maxResTime" : 19903.0,
    "pct1ResTime" : 11924.400000000001,
    "pct2ResTime" : 17338.199999999957,
    "pct3ResTime" : 19897.829999999998,
    "throughput" : 0.2426536604304676,
    "receivedKBytesPerSec" : 4.086650200340928,
    "sentKBytesPerSec" : 0.15116090819198758
  },
  "4.3 Vaccination confirm" : {
    "transaction" : "4.3 Vaccination confirm",
    "sampleCount" : 217,
    "errorCount" : 0,