{
  "7.3 Safe to vaccinate" : {
    "transaction" : "7.3 Safe to vaccinate",
    "sampleCount" : 27,
    "errorCount" : 0,
    "errorPct" : 0.0,
    "meanResTime" : 104.4074074074074,
    "medianResTime" : 98.0,
    "minResTime" : 89.0,
    "maxResTime" : 158.0,
    "pct1ResTime" : 133.6,
    "pct2ResTime" : 152.39999999999998,
    "pct3ResTime" : 158.0,
    "throughput" : 0.007886886852968565,
    "receivedKBytesPerSec" : 1.9402543240770005,
    "sentKBytesPerSec" : 0.058700369025975314
  },
  "2.0 Register attendance" : {
    "transaction" : "2.0 Register attendance",
    "sampleCount" : 1676,
    "errorCount" : 29,
    "errorPct" : 1.7303103,
    "meanResTime" : 1243.556085918856,
    "medianResTime" : 1027.0,
    "minResTime" : 439.0,
    "maxResTime" : 46748.0,
    "pct1ResTime" : 1748.1999999999998,
    "pct2ResTime" : 2181.3499999999985,
    "pct3ResTime" : 3937.1400000000003,
    "throughput" : 0.46923855685065896,
    "receivedKBytesPerSec" : 500.12401100047344,
    "sentKBytesPerSec" : 15.860594817265738
  },
  "2.5 Select patient" : {
    "transaction" : "2.5 Select patient",
    "sampleCount" : 1666,
    "errorCount" : 7,
    "errorPct" : 0.42016807,
    "meanResTime" : 137.83613445378143,
    "medianResTime" : 95.0,
    "minResTime" : 57.0,
    "maxResTime" : 7204.0,
    "pct1ResTime" : 195.29999999999995,
    "pct2ResTime" : 307.64999999999986,
    "pct3ResTime" : 943.289999999999,
    "throughput" : 0.46913164464714036,
    "receivedKBytesPerSec" : 103.98193632854364,
    "sentKBytesPerSec" : 3.376433160567486
  },
  "7.1 Full name search" : {
    "transaction" : "7.1 Full name search",
    "sampleCount" : 27,
    "errorCount" : 1,
    "errorPct" : 3.7037036,
    "meanResTime" : 315.88888888888897,
    "medianResTime" : 286.0,
    "minResTime" : 197.0,
    "maxResTime" : 626.0,
    "pct1ResTime" : 457.79999999999984,
    "pct2ResTime" : 622.4,
    "pct3ResTime" : 626.0,
    "throughput" : 0.0078867716639394,
    "receivedKBytesPerSec" : 1.7915457354071356,
    "sentKBytesPerSec" : 0.056588613612158944
  },
  "2.3 Search by first/last name" : {
    "transaction" : "2.3 Search by first/last name",
    "sampleCount" : 1678,
    "errorCount" : 6,
    "errorPct" : 0.35756853,
    "meanResTime" : 258.3057210965427,
    "medianResTime" : 135.0,
    "minResTime" : 62.0,
    "maxResTime" : 46243.0,
    "pct1ResTime" : 350.0,
    "pct2ResTime" : 518.0999999999999,
    "pct3ResTime" : 1358.2000000000007,
    "throughput" : 0.46943444619324476,
    "receivedKBytesPerSec" : 108.90641493719495,
    "sentKBytesPerSec" : 3.5053710929303956
  },
  "4.0 Vaccination for flu" : {
    "transaction" : "4.0 Vaccination for flu",
    "sampleCount" : 406,
    "errorCount" : 7,
    "errorPct" : 1.7241379,
    "meanResTime" : 931.8177339901478,
    "medianResTime" : 781.0,
    "minResTime" : 75.0,
    "maxResTime" : 6570.0,
    "pct1ResTime" : 1235.9,
    "pct2ResTime" : 1568.999999999999,
    "pct3ResTime" : 4157.690000000002,
    "throughput" : 0.11602910673020261,
    "receivedKBytesPerSec" : 76.34517628636556,
    "sentKBytesPerSec" : 3.2847500632837323
  },
  "4.0 Vaccination for hpv" : {
    "transaction" : "4.0 Vaccination for hpv",
    "sampleCount" : 412,
    "errorCount" : 11,
    "errorPct" : 2.6699028,
    "meanResTime" : 936.3689320388347,
    "medianResTime" : 780.5,
    "minResTime" : 215.0,
    "maxResTime" : 6755.0,
    "pct1ResTime" : 1319.4999999999995,
    "pct2ResTime" : 1616.699999999998,
    "pct3ResTime" : 5493.550000000005,
    "throughput" : 0.11856804337978784,
    "receivedKBytesPerSec" : 73.15287306808914,
    "sentKBytesPerSec" : 3.3516429520687248
  },
  "7.6 First name search" : {
    "transaction" : "7.6 First name search",
    "sampleCount" : 27,
    "errorCount" : 1,
    "errorPct" : 3.7037036,
    "meanResTime" : 1858.9629629629633,
    "medianResTime" : 1193.0,
    "minResTime" : 308.0,
    "maxResTime" : 5811.0,
    "pct1ResTime" : 5256.0,
    "pct2ResTime" : 5664.199999999999,
    "pct3ResTime" : 5811.0,
    "throughput" : 0.007883506303301261,
    "receivedKBytesPerSec" : 2.8580119768892094,
    "sentKBytesPerSec" : 0.056507301130524004
  },
  "1.2 Sign-in page" : {
    "transaction" : "1.2 Sign-in page",
    "sampleCount" : 1723,
    "errorCount" : 10,
    "errorPct" : 0.58038306,
    "meanResTime" : 175.29599535693538,
    "medianResTime" : 101.0,
    "minResTime" : 15.0,
    "maxResTime" : 7555.0,
    "pct1ResTime" : 291.60000000000014,
    "pct2ResTime" : 417.39999999999986,
    "pct3ResTime" : 1548.799999999999,
    "throughput" : 0.4790603632740036,
    "receivedKBytesPerSec" : 108.94372587755213,
    "sentKBytesPerSec" : 4.051619342802445
  },
  "2.4 Patient attending session" : {
    "transaction" : "2.4 Patient attending session",
    "sampleCount" : 915,
    "errorCount" : 12,
    "errorPct" : 1.3114754,
    "meanResTime" : 481.65464480874317,
    "medianResTime" : 385.0,
    "minResTime" : 66.0,
    "maxResTime" : 5946.0,
    "pct1ResTime" : 703.8,
    "pct2ResTime" : 889.9999999999997,
    "pct3ResTime" : 1964.2000000000144,
    "throughput" : 0.25755342263165554,
    "receivedKBytesPerSec" : 67.55809594422674,
    "sentKBytesPerSec" : 2.2449278930462264
  },
  "Check STS status" : {
    "transaction" : "Check STS status",
    "sampleCount" : 1,
    "errorCount" : 0,
    "errorPct" : 0.0,
    "meanResTime" : 30.0,
    "medianResTime" : 30.0,
    "minResTime" : 30.0,
    "maxResTime" : 30.0,
    "pct1ResTime" : 30.0,
    "pct2ResTime" : 30.0,
    "pct3ResTime" : 30.0,
    "throughput" : 33.333333333333336,
    "receivedKBytesPerSec" : 10.44921875,
    "sentKBytesPerSec" : 19.661458333333336
  },
  "1.1 Homepage" : {
    "transaction" : "1.1 Homepage",
    "sampleCount" : 1725,
    "errorCount" : 11,
    "errorPct" : 0.6376812,
    "meanResTime" : 152.92985507246354,
    "medianResTime" : 104.0,
    "minResTime" : 26.0,
    "maxResTime" : 6148.0,
    "pct1ResTime" : 255.4000000000001,
    "pct2ResTime" : 367.09999999999945,
    "pct3ResTime" : 823.22,
    "throughput" : 0.4793177849127433,
    "receivedKBytesPerSec" : 105.54568289238414,
    "sentKBytesPerSec" : 4.045263283094115
  },
  "1.3 Sign-in" : {
    "transaction" : "1.3 Sign-in",
    "sampleCount" : 1720,
    "errorCount" : 14,
    "errorPct" : 0.81395346,
    "meanResTime" : 184.6633720930235,
    "medianResTime" : 105.0,
    "minResTime" : 45.0,
    "maxResTime" : 9076.0,
    "pct1ResTime" : 323.9000000000001,
    "pct2ResTime" : 436.0,
    "pct3ResTime" : 1283.4299999999994,
    "throughput" : 0.4789178683699808,
    "receivedKBytesPerSec" : 107.26572093149525,
    "sentKBytesPerSec" : 4.207313377784058
  },
  "Run some searches" : {
    "transaction" : "Run some searches",
    "sampleCount" : 27,
    "errorCount" : 1,
    "errorPct" : 3.7037036,
    "meanResTime" : 7139.111111111111,
    "medianResTime" : 6280.0,
    "minResTime" : 3795.0,
    "maxResTime" : 14002.0,
    "pct1ResTime" : 12610.4,
    "pct2ResTime" : 13605.999999999998,
    "pct3ResTime" : 14002.0,
    "throughput" : 0.007823288713544199,
    "receivedKBytesPerSec" : 18.922063456143512,
    "sentKBytesPerSec" : 0.4608414496633668
  },
  "4.0 Vaccination for td_ipv" : {
    "transaction" : "4.0 Vaccination for td_ipv",
    "sampleCount" : 409,
    "errorCount" : 7,
    "errorPct" : 1.7114915,
    "meanResTime" : 1051.9755501222494,
    "medianResTime" : 829.0,
    "minResTime" : 220.0,
    "maxResTime" : 8845.0,
    "pct1ResTime" : 1364.0,
    "pct2ResTime" : 1944.0,
    "pct3ResTime" : 7853.699999999977,
    "throughput" : 0.11780126954629806,
    "receivedKBytesPerSec" : 75.89602382507275,
    "sentKBytesPerSec" : 3.336598831538856
  },
  "2.1 Open session" : {
    "transaction" : "2.1 Open session",
    "sampleCount" : 1687,
    "errorCount" : 9,
    "errorPct" : 0.53349143,
    "meanResTime" : 373.29697688203913,
    "medianResTime" : 318.0,
    "minResTime" : 103.0,
    "maxResTime" : 5583.0,
    "pct1ResTime" : 587.0,
    "pct2ResTime" : 744.0,