{
  "7.3 Safe to vaccinate" : {
    "transaction" : "7.3 Safe to vaccinate",
    "sampleCount" : 28,
    "errorCount" : 0,
    "errorPct" : 0.0,
    "meanResTime" : 115.92857142857143,
    "medianResTime" : 86.0,
    "minResTime" : 79.0,
    "maxResTime" : 723.0,
    "pct1ResTime" : 122.30000000000015,
    "pct2ResTime" : 498.44999999999857,
    "pct3ResTime" : 723.0,
    "throughput" : 0.00799488555749622,
    "receivedKBytesPerSec" : 0.24309671969845575,
    "sentKBytesPerSec" : 0.05944049069395321
  },
  "2.0 Register attendance" : {
    "transaction" : "2.0 Register attendance",
    "sampleCount" : 1674,
    "errorCount" : 1,
    "errorPct" : 0.059737157,
    "meanResTime" : 748.2132616487468,
    "medianResTime" : 737.0,
    "minResTime" : 358.0,
    "maxResTime" : 2704.0,
    "pct1ResTime" : 970.5,
    "pct2ResTime" : 1081.75,
    "pct3ResTime" : 1405.5,
    "throughput" : 0.46840399592818704,
    "receivedKBytesPerSec" : 64.59165615071947,
    "sentKBytesPerSec" : 16.21508936304961
  },
  "2.5 Select patient" : {
    "transaction" : "2.5 Select patient",
    "sampleCount" : 1668,
    "errorCount" : 0,
    "errorPct" : 0.0,
    "meanResTime" : 95.1798561151078,
    "medianResTime" : 85.0,
    "minResTime" : 56.0,
    "maxResTime" : 1175.0,
    "pct1ResTime" : 125.10000000000014,
    "pct2ResTime" : 165.0,
    "pct3ResTime" : 338.4099999999994,
    "throughput" : 0.47169691267583647,
    "receivedKBytesPerSec" : 11.900251870827583,
    "sentKBytesPerSec" : 3.402427484022964
  },
  "7.1 Full name search" : {
    "transaction" : "7.1 Full name search",
    "sampleCount" : 28,
    "errorCount" : 0,
    "errorPct" : 0.0,
    "meanResTime" : 552.1785714285714,
    "medianResTime" : 499.0,
    "minResTime" : 276.0,
    "maxResTime" : 1959.0,
    "pct1ResTime" : 780.4000000000003,
    "pct2ResTime" : 1523.3999999999974,
    "pct3ResTime" : 1959.0,
    "throughput" : 0.007990311176961423,
    "receivedKBytesPerSec" : 0.30128171680896076,
    "sentKBytesPerSec" : 0.05898121543833705
  },
  "2.3 Search by first/last name" : {
    "transaction" : "2.3 Search by first/last name",
    "sampleCount" : 1679,
    "errorCount" : 0,
    "errorPct" : 0.0,
    "meanResTime" : 94.3924955330553,
    "medianResTime" : 84.0,
    "minResTime" : 58.0,
    "maxResTime" : 648.0,
    "pct1ResTime" : 122.0,
    "pct2ResTime" : 179.0,
    "pct3ResTime" : 305.6000000000006,
    "throughput" : 0.4698338148267127,
    "receivedKBytesPerSec" : 13.501412074564643,
    "sentKBytesPerSec" : 3.5141478606925953
  },
  "4.0 Vaccination for flu" : {
    "transaction" : "4.0 Vaccination for flu",
    "sampleCount" : 407,
    "errorCount" : 0,
    "errorPct" : 0.0,
    "meanResTime" : 651.0319410319411,
    "medianResTime" : 619.0,
    "minResTime" : 171.0,
    "maxResTime" : 2481.0,
    "pct1ResTime" : 799.2,
    "pct2ResTime" : 848.8,
    "pct3ResTime" : 1149.3600000000017,
    "throughput" : 0.116377652631293,
    "receivedKBytesPerSec" : 6.153815755518288,
    "sentKBytesPerSec" : 3.305963831962965
  },
  "4.0 Vaccination for hpv" : {
    "transaction" : "4.0 Vaccination for hpv",
    "sampleCount" : 433,
    "errorCount" : 0,
    "errorPct" : 0.0,
    "meanResTime" : 647.6812933025399,
    "medianResTime" : 616.0,
    "minResTime" : 172.0,
    "maxResTime" : 1870.0,
    "pct1ResTime" : 788.2000000000002,
    "pct2ResTime" : 884.0999999999983,
    "pct3ResTime" : 1425.3199999999952,
    "throughput" : 0.12420753156606765,
    "receivedKBytesPerSec" : 6.07881786754744,
    "sentKBytesPerSec" : 3.5174963824197865
  },
  "7.6 First name search" : {
    "transaction" : "7.6 First name search",
    "sampleCount" : 27,
    "errorCount" : 0,
    "errorPct" : 0.0,
    "meanResTime" : 1925.0000000000002,
    "medianResTime" : 1672.0,
    "minResTime" : 1294.0,
    "maxResTime" : 4012.0,
    "pct1ResTime" : 3285.7999999999997,
    "pct2ResTime" : 3836.399999999999,
    "pct3ResTime" : 4012.0,
    "throughput" : 0.00802620943828722,
    "receivedKBytesPerSec" : 1.0715218936971664,
    "sentKBytesPerSec" : 0.05918923040988068
  },
  "1.2 Sign-in page" : {
    "transaction" : "1.2 Sign-in page",
    "sampleCount" : 1717,
    "errorCount" : 0,
    "errorPct" : 0.0,
    "meanResTime" : 109.60337798485735,
    "medianResTime" : 81.0,
    "minResTime" : 12.0,
    "maxResTime" : 4206.0,
    "pct1ResTime" : 131.0,
    "pct2ResTime" : 212.0,
    "pct3ResTime" : 1048.0199999999993,
    "throughput" : 0.47739518506501,
    "receivedKBytesPerSec" : 10.337025228385773,
    "sentKBytesPerSec" : 4.051893153772131
  },
  "2.4 Patient attending session" : {
    "transaction" : "2.4 Patient attending session",
    "sampleCount" : 1049,
    "errorCount" : 0,
    "errorPct" : 0.0,
    "meanResTime" : 317.64156339370834,
    "medianResTime" : 296.0,
    "minResTime" : 224.0,
    "maxResTime" : 1515.0,
    "pct1ResTime" : 399.0,
    "pct2ResTime" : 470.5,
    "pct3ResTime" : 696.0,
    "throughput" : 0.2955536503129798,
    "receivedKBytesPerSec" : 9.022410374464926,
    "sentKBytesPerSec" : 2.594858894086983
  },
  "Check STS status" : {
    "transaction" : "Check STS status",
    "sampleCount" : 1,
    "errorCount" : 0,
    "errorPct" : 0.0,
    "meanResTime" : 24.0,
    "medianResTime" : 24.0,
    "minResTime" : 24.0,
    "maxResTime" : 24.0,
    "pct1ResTime" : 24.0,
    "pct2ResTime" : 24.0,
    "pct3ResTime" : 24.0,
    "throughput" : 41.666666666666664,
    "receivedKBytesPerSec" : 13.0615234375,
    "sentKBytesPerSec" : 24.576822916666668
  },
  "1.1 Homepage" : {
    "transaction" : "1.1 Homepage",
    "sampleCount" : 1718,
    "errorCount" : 0,
    "errorPct" : 0.0,
    "meanResTime" : 112.59545983701975,
    "medianResTime" : 86.0,
    "minResTime" : 26.0,
    "maxResTime" : 3266.0,
    "pct1ResTime" : 133.0,
    "pct2ResTime" : 195.0,
    "pct3ResTime" : 1068.2399999999998,
    "throughput" : 0.47728440177345327,
    "receivedKBytesPerSec" : 18.470851708267688,
    "sentKBytesPerSec" : 4.042391325599085
  },
  "1.3 Sign-in" : {
    "transaction" : "1.3 Sign-in",
    "sampleCount" : 1715,
    "errorCount" : 0,
    "errorPct" : 0.0,
    "meanResTime" : 122.44431486880472,
    "medianResTime" : 83.0,
    "minResTime" : 55.0,
    "maxResTime" : 3265.0,
    "pct1ResTime" : 182.0,
    "pct2ResTime" : 294.1999999999998,
    "pct3ResTime" : 1050.5199999999998,
    "throughput" : 0.47748205753282935,
    "receivedKBytesPerSec" : 10.546357212992914,
    "sentKBytesPerSec" : 4.2145244077726005
  },
  "Run some searches" : {
    "transaction" : "Run some searches",
    "sampleCount" : 27,
    "errorCount" : 0,
    "errorPct" : 0.0,
    "meanResTime" : 8119.814814814814,
    "medianResTime" : 7135.0,
    "minResTime" : 6418.0,
    "maxResTime" : 13279.0,
    "pct1ResTime" : 12445.199999999999,
    "pct2ResTime" : 13224.199999999999,
    "pct3ResTime" : 13279.0,
    "throughput" : 0.007998333976656122,
    "receivedKBytesPerSec" : 5.31259537365254,
    "sentKBytesPerSec" : 0.4740881704862661
  },
  "4.0 Vaccination for td_ipv" : {
    "transaction" : "4.0 Vaccination for td_ipv",
    "sampleCount" : 406,
    "errorCount" : 0,
    "errorPct" : 0.0,
    "meanResTime" : 652.6871921182276,
    "medianResTime" : 621.0,
    "minResTime" : 176.0,
    "maxResTime" : 1476.0,
    "pct1ResTime" : 805.0,
    "pct2ResTime" : 907.1999999999998,
    "pct3ResTime" : 1211.1100000000001,
    "throughput" : 0.11731469551490895,
    "receivedKBytesPerSec" : 5.854744141904405,
    "sentKBytesPerSec" : 3.330037330218763
  },
  "2.1 Open session" : {
    "transaction" : "2.1 Open session",
    "sampleCount" : 1681,
    "errorCount" : 1,
    "errorPct" : 0.0594884,
    "meanResTime" : 253.5823914336703,
    "medianResTime" : 221.0,
    "minResTime" : 104.0,
    "maxResTime" : 1126.0,
    "pct1ResTime" : 387.0,
    "pct2ResTime" : 473.0,
    "pct3ResTime" : 617.1800000000001,
    "throughput" : 0.46938262642057355,
    "receivedKBytesPerSec" : 10.82713613946053,
    "sentKBytesPerSec" : 3.3888387574868064
  },