{
  "4.3 Vaccination confirm" : {
    "transaction" : "4.3 Vaccination confirm",
    "sampleCount" : 874,
    "errorCount" : 0,
    "errorPct" : 0.0,
    "meanResTime" : 936.9656750572085,
    "medianResTime" : 746.0,
    "minResTime" : 422.0,
    "maxResTime" : 8412.0,
    "pct1ResTime" : 1548.0,
    "pct2ResTime" : 2045.25,
    "pct3ResTime" : 4099.25,
    "throughput" : 0.5252498542641995,
    "receivedKBytesPerSec" : 220.0109480264067,
    "sentKBytesPerSec" : 5.374377970118151
  },
  "4.1 Vaccination questions" : {
    "transaction" : "4.1 Vaccination questions",
    "sampleCount" : 893,
    "errorCount" : 0,
    "errorPct" : 0.0,
    "meanResTime" : 157.44792833146687,
    "medianResTime" : 117.0,
    "minResTime" : 72.0,
    "maxResTime" : 5814.0,
    "pct1ResTime" : 229.0,
    "pct2ResTime" : 317.0,
    "pct3ResTime" : 797.1799999999998,
    "throughput" : 0.5219713096979113,
    "receivedKBytesPerSec" : 213.91023093084056,
    "sentKBytesPerSec" : 4.859509557028727
  },
  "2.0 Register attendance" : {
    "transaction" : "2.0 Register attendance",
    "sampleCount" : 935,
    "errorCount" : 9,
    "errorPct" : 0.96256685,
    "meanResTime" : 1333.616042780748,
    "medianResTime" : 1184.0,
    "minResTime" : 373.0,
    "maxResTime" : 7884.0,
    "pct1ResTime" : 2190.7999999999997,
    "pct2ResTime" : 2670.3999999999996,
    "pct3ResTime" : 4189.039999999999,
    "throughput" : 0.5265707012682751,
    "receivedKBytesPerSec" : 1062.7032239299983,
    "sentKBytesPerSec" : 18.5949662208063
  },
  "Reset counters" : {
    "transaction" : "Reset counters",
    "sampleCount" : 1,
    "errorCount" : 0,
    "errorPct" : 0.0,
    "meanResTime" : 37.0,
    "medianResTime" : 37.0,
    "minResTime" : 37.0,
    "maxResTime" : 37.0,
    "pct1ResTime" : 37.0,
    "pct2ResTime" : 37.0,
    "pct3ResTime" : 37.0,
    "throughput" : 27.027027027027028,
    "receivedKBytesPerSec" : 0.0,
    "sentKBytesPerSec" : 0.0
  },
  "1.0 Login" : {
    "transaction" : "1.0 Login",
    "sampleCount" : 941,
    "errorCount" : 0,
    "errorPct" : 0.0,
    "meanResTime" : 966.3071200850156,
    "medianResTime" : 815.0,
    "minResTime" : 276.0,
    "maxResTime" : 6124.0,
    "pct1ResTime" : 1537.6000000000001,
    "pct2ResTime" : 1856.5,
    "pct3ResTime" : 3221.360000000006,
    "throughput" : 0.5254388335592924,
    "receivedKBytesPerSec" : 908.1722121501867,
    "sentKBytesPerSec" : 17.00032408488629
  },
  "4.0 Vaccination for menacwy" : {
    "transaction" : "4.0 Vaccination for menacwy",
    "sampleCount" : 220,
    "errorCount" : 0,
    "errorPct" : 0.0,
    "meanResTime" : 1227.1500000000005,
    "medianResTime" : 1005.5,
    "minResTime" : 204.0,
    "maxResTime" : 6753.0,
    "pct1ResTime" : 1853.3000000000002,
    "pct2ResTime" : 2133.7999999999997,
    "pct3ResTime" : 5627.069999999985,
    "throughput" : 0.13013724155187478,
    "receivedKBytesPerSec" : 161.08593120572007,
    "sentKBytesPerSec" : 3.677548586295484
  },
  "2.5 Select patient" : {
    "transaction" : "2.5 Select patient",
    "sampleCount" : 928,
    "errorCount" : 0,
    "errorPct" : 0.0,
    "meanResTime" : 136.59267241379283,
    "medianResTime" : 102.0,
    "minResTime" : 55.0,
    "maxResTime" : 2044.0,
    "pct1ResTime" : 238.60000000000014,
    "pct2ResTime" : 389.2999999999997,
    "pct3ResTime" : 890.3000000000011,
    "throughput" : 0.5309604892160095,
    "receivedKBytesPerSec" : 223.8108842278344,
    "sentKBytesPerSec" : 3.800591169148678
  },
  "Initialise vaccination list" : {
    "transaction" : "Initialise vaccination list",
    "sampleCount" : 1,
    "errorCount" : 0,
    "errorPct" : 0.0,
    "meanResTime" : 45.0,
    "medianResTime" : 45.0,
    "minResTime" : 45.0,
    "maxResTime" : 45.0,
    "pct1ResTime" : 45.0,
    "pct2ResTime" : 45.0,
    "pct3ResTime" : 45.0,
    "throughput" : 22.22222222222222,
    "receivedKBytesPerSec" : 6.380208333333334,
    "sentKBytesPerSec" : 13.715277777777779
  },
  "2.3 Search by first/last name" : {
    "transaction" : "2.3 Search by first/last name",
    "sampleCount" : 937,
    "errorCount" : 0,
    "errorPct" : 0.0,
    "meanResTime" : 140.360725720384,
    "medianResTime" : 99.0,
    "minResTime" : 57.0,
    "maxResTime" : 2409.0,
    "pct1ResTime" : 239.0,
    "pct2ResTime" : 391.49999999999955,
    "pct3ResTime" : 899.44,
    "throughput" : 0.5282891213035266,
    "receivedKBytesPerSec" : 224.79674516974177,
    "sentKBytesPerSec" : 3.922089511741324
  },
  "4.0 Vaccination for flu" : {
    "transaction" : "4.0 Vaccination for flu",
    "sampleCount" : 225,
    "errorCount" : 0,
    "errorPct" : 0.0,
    "meanResTime" : 1192.4444444444448,
    "medianResTime" : 1031.0,
    "minResTime" : 188.0,
    "maxResTime" : 3924.0,
    "pct1ResTime" : 1931.2,
    "pct2ResTime" : 2455.299999999999,
    "pct3ResTime" : 3531.8200000000006,
    "throughput" : 0.13234087480259152,
    "receivedKBytesPerSec" : 162.64247035104887,
    "sentKBytesPerSec" : 3.71185538506048
  },
  "4.0 Vaccination for hpv" : {
    "transaction" : "4.0 Vaccination for hpv",
    "sampleCount" : 221,
    "errorCount" : 0,
    "errorPct" : 0.0,
    "meanResTime" : 1267.8552036199096,
    "medianResTime" : 1025.0,
    "minResTime" : 242.0,
    "maxResTime" : 8251.0,
    "pct1ResTime" : 1827.6000000000004,
    "pct2ResTime" : 2559.299999999999,
    "pct3ResTime" : 6626.880000000001,
    "throughput" : 0.12982321133280267,
    "receivedKBytesPerSec" : 159.99475059973477,
    "sentKBytesPerSec" : 3.661660623731507
  },
  "1.2 Sign-in page" : {
    "transaction" : "1.2 Sign-in page",
    "sampleCount" : 941,
    "errorCount" : 0,
    "errorPct" : 0.0,
    "meanResTime" : 174.56535600425082,
    "medianResTime" : 116.0,
    "minResTime" : 14.0,
    "maxResTime" : 2774.0,
    "pct1ResTime" : 322.80000000000007,
    "pct2ResTime" : 458.89999999999975,
    "pct3ResTime" : 1316.4800000000023,
    "throughput" : 0.5255929118126588,
    "receivedKBytesPerSec" : 219.14184213106842,
    "sentKBytesPerSec" : 4.338129710472872
  },
  "Debug Sampler" : {
    "transaction" : "Debug Sampler",
    "sampleCount" : 937,
    "errorCount" : 0,
    "errorPct" : 0.0,
    "meanResTime" : 0.29562433297758844,
    "medianResTime" : 0.0,
    "minResTime" : 0.0,
    "maxResTime" : 8.0,
    "pct1ResTime" : 1.0,
    "pct2ResTime" : 1.0,
    "pct3ResTime" : 1.0,
    "throughput" : 0.5283913050588533,
    "receivedKBytesPerSec" : 3.025186267451152,
    "sentKBytesPerSec" : 0.0
  },
  "2.4 Patient attending session" : {
    "transaction" : "2.4 Patient attending session",
    "sampleCount" : 693,
    "errorCount" : 9,
    "errorPct" : 1.2987013,
    "meanResTime" : 760.0303030303038,
    "medianResTime" : 600.0,
    "minResTime" : 214.0,
    "maxResTime" : 7342.0,
    "pct1ResTime" : 1235.4,
    "pct2ResTime" : 1810.199999999999,
    "pct3ResTime" : 3014.9599999999773,
    "throughput" : 0.39310584247176783,
    "receivedKBytesPerSec" : 167.6578187406616,
    "sentKBytesPerSec" : 3.417749382900406
  },
  "Check STS status" : {
    "transaction" : "Check STS status",
    "sampleCount" : 1,
    "errorCount" : 0,
    "errorPct" : 0.0,
    "meanResTime" : 20.0,
    "medianResTime" : 20.0,
    "minResTime" : 20.0,
    "maxResTime" : 20.0,
    "pct1ResTime" : 20.0,
    "pct2ResTime" : 20.0,
    "pct3ResTime" : 20.0,
    "throughput" : 50.0,
    "receivedKBytesPerSec" : 15.673828125,
    "sentKBytesPerSec" : 29.4921875
  },
  "Total" : {
    "transaction" : "Total",
    "sampleCount" : 11794,
    "errorCount" : 9,
    "errorPct" : 0.07630999,
    "meanResTime" : 276.152619976259,
    "medianResTime" : 132.0,
    "minResTime" : 0.0,
    "maxResTime" : 8412.0,
    "pct1ResTime" : 664.0,
    "pct2ResTime" : 895.0,
    "pct3ResTime" : 1750.0499999999993,
    "throughput" : 6.040680608616241,
    "receivedKBytesPerSec" : 2364.213342152903,
    "sentKBytesPerSec" : 45.38500003553266
  },
  "1.4 Open Sessions list" : {
    "transaction" : "1.4 Open Sessions list",
    "sampleCount" : 939,
    "errorCount" : 0,