{
  "7.3 Safe to vaccinate" : {
    "transaction" : "7.3 Safe to vaccinate",
    "sampleCount" : 26,
    "errorCount" : 0,
    "errorPct" : 0.0,
    "meanResTime" : 269.38461538461536,
    "medianResTime" : 168.0,
    "minResTime" : 93.0,
    "maxResTime" : 1582.0,
    "pct1ResTime" : 585.0000000000001,
    "pct2ResTime" : 1269.7999999999988,
    "pct3ResTime" : 1582.0,
    "throughput" : 0.007676321412301422,
    "receivedKBytesPerSec" : 1.3256087904139868,
    "sentKBytesPerSec" : 0.056436416513066426
  },
  "2.0 Register attendance" : {
    "transaction" : "2.0 Register attendance",
    "sampleCount" : 1620,
    "errorCount" : 7,
    "errorPct" : 0.43209878,
    "meanResTime" : 3991.216049382711,
    "medianResTime" : 3145.5,
    "minResTime" : 960.0,
    "maxResTime" : 27837.0,
    "pct1ResTime" : 6881.300000000001,
    "pct2ResTime" : 9553.999999999993,
    "pct3ResTime" : 17455.989999999998,
    "throughput" : 0.4536054069764512,
    "receivedKBytesPerSec" : 283.41721571602386,
    "sentKBytesPerSec" : 14.565821202713737
  },
  "2.5 Select patient" : {
    "transaction" : "2.5 Select patient",
    "sampleCount" : 1615,
    "errorCount" : 0,
    "errorPct" : 0.0,
    "meanResTime" : 518.1188854489159,
    "medianResTime" : 186.0,
    "minResTime" : 82.0,
    "maxResTime" : 17163.0,
    "pct1ResTime" : 1163.6000000000004,
    "pct2ResTime" : 1961.9999999999918,
    "pct3ResTime" : 5723.439999999974,
    "throughput" : 0.45328638240698715,
    "receivedKBytesPerSec" : 59.44834815925382,
    "sentKBytesPerSec" : 3.232015560177767
  },
  "7.1 Full name search" : {
    "transaction" : "7.1 Full name search",
    "sampleCount" : 26,
    "errorCount" : 0,
    "errorPct" : 0.0,
    "meanResTime" : 1608.8461538461536,
    "medianResTime" : 904.5,
    "minResTime" : 446.0,
    "maxResTime" : 15666.0,
    "pct1ResTime" : 2494.4000000000005,
    "pct2ResTime" : 11202.449999999983,
    "pct3ResTime" : 15666.0,
    "throughput" : 0.007674828157645692,
    "receivedKBytesPerSec" : 1.3779836286506353,
    "sentKBytesPerSec" : 0.05601552200786493
  },
  "2.3 Search by first/last name" : {
    "transaction" : "2.3 Search by first/last name",
    "sampleCount" : 1621,
    "errorCount" : 0,
    "errorPct" : 0.0,
    "meanResTime" : 401.19494139420055,
    "medianResTime" : 188.0,
    "minResTime" : 94.0,
    "maxResTime" : 9062.0,
    "pct1ResTime" : 848.8,
    "pct2ResTime" : 1541.8999999999999,
    "pct3ResTime" : 3277.56,
    "throughput" : 0.4539248114573871,
    "receivedKBytesPerSec" : 62.33668180691548,
    "sentKBytesPerSec" : 3.3574991866947106
  },
  "4.0 Vaccination for flu" : {
    "transaction" : "4.0 Vaccination for flu",
    "sampleCount" : 397,
    "errorCount" : 0,
    "errorPct" : 0.0,
    "meanResTime" : 3137.3576826196463,
    "medianResTime" : 2292.0,
    "minResTime" : 269.0,
    "maxResTime" : 21438.0,
    "pct1ResTime" : 6201.199999999999,
    "pct2ResTime" : 7432.499999999995,
    "pct3ResTime" : 13264.519999999979,
    "throughput" : 0.11300937123806178,
    "receivedKBytesPerSec" : 43.52255396268641,
    "sentKBytesPerSec" : 3.1657818698880695
  },
  "4.0 Vaccination for hpv" : {
    "transaction" : "4.0 Vaccination for hpv",
    "sampleCount" : 413,
    "errorCount" : 0,
    "errorPct" : 0.0,
    "meanResTime" : 3053.486682808717,
    "medianResTime" : 2333.0,
    "minResTime" : 262.0,
    "maxResTime" : 23810.0,
    "pct1ResTime" : 5465.4000000000015,
    "pct2ResTime" : 6936.3,
    "pct3ResTime" : 14071.72000000003,
    "throughput" : 0.11832414053126107,
    "receivedKBytesPerSec" : 42.35516930692924,
    "sentKBytesPerSec" : 3.330004004541584
  },
  "7.6 First name search" : {
    "transaction" : "7.6 First name search",
    "sampleCount" : 26,
    "errorCount" : 0,
    "errorPct" : 0.0,
    "meanResTime" : 3041.8846153846152,
    "medianResTime" : 1650.5,
    "minResTime" : 849.0,
    "maxResTime" : 15282.0,
    "pct1ResTime" : 8654.600000000002,
    "pct2ResTime" : 13435.749999999993,
    "pct3ResTime" : 15282.0,
    "throughput" : 0.00765625082820021,
    "receivedKBytesPerSec" : 1.9730066937165442,
    "sentKBytesPerSec" : 0.05582558282105163
  },
  "1.2 Sign-in page" : {
    "transaction" : "1.2 Sign-in page",
    "sampleCount" : 1656,
    "errorCount" : 0,
    "errorPct" : 0.0,
    "meanResTime" : 516.3502415458942,
    "medianResTime" : 220.5,
    "minResTime" : 18.0,
    "maxResTime" : 7811.0,
    "pct1ResTime" : 1272.1999999999994,
    "pct2ResTime" : 1880.4499999999996,
    "pct3ResTime" : 4167.600000000014,
    "throughput" : 0.46103335503939247,
    "receivedKBytesPerSec" : 61.37764685929031,
    "sentKBytesPerSec" : 3.8654198226698955
  },
  "2.4 Patient attending session" : {
    "transaction" : "2.4 Patient attending session",
    "sampleCount" : 622,
    "errorCount" : 7,
    "errorPct" : 1.125402,
    "meanResTime" : 1793.8135048231513,
    "medianResTime" : 1036.5,
    "minResTime" : 270.0,
    "maxResTime" : 16096.0,
    "pct1ResTime" : 3515.600000000003,
    "pct2ResTime" : 5674.200000000001,
    "pct3ResTime" : 13977.979999999996,
    "throughput" : 0.17543157012383437,
    "receivedKBytesPerSec" : 32.48249679192208,
    "sentKBytesPerSec" : 1.519950638893856
  },
  "Check STS status" : {
    "transaction" : "Check STS status",
    "sampleCount" : 1,
    "errorCount" : 0,
    "errorPct" : 0.0,
    "meanResTime" : 22.0,
    "medianResTime" : 22.0,
    "minResTime" : 22.0,
    "maxResTime" : 22.0,
    "pct1ResTime" : 22.0,
    "pct2ResTime" : 22.0,
    "pct3ResTime" : 22.0,
    "throughput" : 45.45454545454545,
    "receivedKBytesPerSec" : 14.24893465909091,
    "sentKBytesPerSec" : 26.811079545454547
  },
  "1.1 Homepage" : {
    "transaction" : "1.1 Homepage",
    "sampleCount" : 1657,
    "errorCount" : 0,
    "errorPct" : 0.0,
    "meanResTime" : 482.1617380808697,
    "medianResTime" : 214.0,
    "minResTime" : 37.0,
    "maxResTime" : 10380.0,
    "pct1ResTime" : 1107.6000000000001,
    "pct2ResTime" : 1792.2999999999997,
    "pct3ResTime" : 4549.440000000017,
    "throughput" : 0.4602329050695335,
    "receivedKBytesPerSec" : 61.70519495225951,
    "sentKBytesPerSec" : 3.8502835057783256
  },
  "1.3 Sign-in" : {
    "transaction" : "1.3 Sign-in",
    "sampleCount" : 1656,
    "errorCount" : 0,
    "errorPct" : 0.0,
    "meanResTime" : 536.591183574878,
    "medianResTime" : 240.0,
    "minResTime" : 93.0,
    "maxResTime" : 16159.0,
    "pct1ResTime" : 1205.2999999999995,
    "pct2ResTime" : 1887.1499999999971,
    "pct3ResTime" : 4627.170000000001,
    "throughput" : 0.4610794381958652,
    "receivedKBytesPerSec" : 61.14415437376725,
    "sentKBytesPerSec" : 4.023945786308892
  },
  "Run some searches" : {
    "transaction" : "Run some searches",
    "sampleCount" : 26,
    "errorCount" : 0,
    "errorPct" : 0.0,
    "meanResTime" : 12602.884615384615,
    "medianResTime" : 10543.5,
    "minResTime" : 6417.0,
    "maxResTime" : 29599.0,
    "pct1ResTime" : 27438.5,
    "pct2ResTime" : 28986.149999999998,
    "pct3ResTime" : 29599.0,
    "throughput" : 0.0076226640565883125,
    "receivedKBytesPerSec" : 13.114431902362616,
    "sentKBytesPerSec" : 0.4467690243554378
  },
  "4.0 Vaccination for td_ipv" : {
    "transaction" : "4.0 Vaccination for td_ipv",
    "sampleCount" : 389,
    "errorCount" : 0,
    "errorPct" : 0.0,
    "meanResTime" : 3005.285347043702,
    "medianResTime" : 2266.0,
    "minResTime" : 376.0,
    "maxResTime" : 25271.0,
    "pct1ResTime" : 5214.0,
    "pct2ResTime" : 6814.5,
    "pct3ResTime" : 15843.000000000047,
    "throughput" : 0.11268516286916704,
    "receivedKBytesPerSec" : 38.16982194250609,
    "sentKBytesPerSec" : 3.1653122955046733
  },
  "2.1 Open session" : {
    "transaction" : "2.1 Open session",
    "sampleCount" : 1624,
    "errorCount" : 0,
    "errorPct" : 0.0,
    "meanResTime" : 1905.20812807882,
    "medianResTime" : 1509.5,
    "minResTime" : 171.0,
    "maxResTime" : 15652.0,
    "pct1ResTime" : 3417.0,
    "pct2ResTime" : 4769.25,