{
  "2.0 Register attendance" : {
    "transaction" : "2.0 Register attendance",
    "sampleCount" : 1475,
    "errorCount" : 7,
    "errorPct" : 0.47457626,
    "meanResTime" : 2298.6854237288107,
    "medianResTime" : 1639.0,
    "minResTime" : 527.0,
    "maxResTime" : 12865.0,
    "pct1ResTime" : 4489.8,
    "pct2ResTime" : 5337.6,
    "pct3ResTime" : 7198.120000000002,
    "throughput" : 0.4148093985966787,
    "receivedKBytesPerSec" : 64.40463728565251,
    "sentKBytesPerSec" : 24.07687222288623
  },
  "2.5 Select patient" : {
    "transaction" : "2.5 Select patient",
    "sampleCount" : 1470,
    "errorCount" : 0,
    "errorPct" : 0.0,
    "meanResTime" : 362.5897959183677,
    "medianResTime" : 112.0,
    "minResTime" : 68.0,
    "maxResTime" : 4549.0,
    "pct1ResTime" : 1351.900000000002,
    "pct2ResTime" : 1971.2500000000002,
    "pct3ResTime" : 3298.3199999999997,
    "throughput" : 0.4153045665703555,
    "receivedKBytesPerSec" : 11.133967576861716,
    "sentKBytesPerSec" : 4.649702781777791
  },
  "7.1 Full name search" : {
    "transaction" : "7.1 Full name search",
    "sampleCount" : 144,
    "errorCount" : 0,
    "errorPct" : 0.0,
    "meanResTime" : 2408.2638888888896,
    "medianResTime" : 1408.5,
    "minResTime" : 288.0,
    "maxResTime" : 13891.0,
    "pct1ResTime" : 6362.5,
    "pct2ResTime" : 7660.75,
    "pct3ResTime" : 12701.20000000003,
    "throughput" : 0.04133416346111618,
    "receivedKBytesPerSec" : 1.5981256558031014,
    "sentKBytesPerSec" : 0.4697029372515824
  },
  "2.3 Search by first/last name" : {
    "transaction" : "2.3 Search by first/last name",
    "sampleCount" : 1478,
    "errorCount" : 0,
    "errorPct" : 0.0,
    "meanResTime" : 355.79296346414066,
    "medianResTime" : 110.0,
    "minResTime" : 70.0,
    "maxResTime" : 5781.0,
    "pct1ResTime" : 1029.30000000001,
    "pct2ResTime" : 2002.5999999999995,
    "pct3ResTime" : 3455.4100000000008,
    "throughput" : 0.41453172079185097,
    "receivedKBytesPerSec" : 13.028613399106822,
    "sentKBytesPerSec" : 4.7514967745126935
  },
  "4.0 Vaccination for flu" : {
    "transaction" : "4.0 Vaccination for flu",
    "sampleCount" : 396,
    "errorCount" : 0,
    "errorPct" : 0.0,
    "meanResTime" : 1832.335858585859,
    "medianResTime" : 1178.0,
    "minResTime" : 184.0,
    "maxResTime" : 7436.0,
    "pct1ResTime" : 3878.5,
    "pct2ResTime" : 4390.2,
    "pct3ResTime" : 6465.389999999999,
    "throughput" : 0.11335307852362768,
    "receivedKBytesPerSec" : 6.020028132441479,
    "sentKBytesPerSec" : 4.927279453749081
  },
  "4.0 Vaccination for hpv" : {
    "transaction" : "4.0 Vaccination for hpv",
    "sampleCount" : 398,
    "errorCount" : 0,
    "errorPct" : 0.0,
    "meanResTime" : 1712.9422110552764,
    "medianResTime" : 1066.0,
    "minResTime" : 209.0,
    "maxResTime" : 7058.0,
    "pct1ResTime" : 3686.6000000000004,
    "pct2ResTime" : 4416.949999999999,
    "pct3ResTime" : 5603.599999999998,
    "throughput" : 0.11422323179997733,
    "receivedKBytesPerSec" : 5.630754210546707,
    "sentKBytesPerSec" : 4.958761958193006
  },
  "1.2 Sign-in page" : {
    "transaction" : "1.2 Sign-in page",
    "sampleCount" : 2819,
    "errorCount" : 0,
    "errorPct" : 0.0,
    "meanResTime" : 1851.5594182334203,
    "medianResTime" : 384.0,
    "minResTime" : 14.0,
    "maxResTime" : 29251.0,
    "pct1ResTime" : 5841.0,
    "pct2ResTime" : 8864.0,
    "pct3ResTime" : 11579.400000000034,
    "throughput" : 0.7823638155486413,
    "receivedKBytesPerSec" : 50.89143252819799,
    "sentKBytesPerSec" : 10.388692539780106
  },
  "7.2 First name search" : {
    "transaction" : "7.2 First name search",
    "sampleCount" : 128,
    "errorCount" : 0,
    "errorPct" : 0.0,
    "meanResTime" : 3530.3671874999986,
    "medianResTime" : 2609.5,
    "minResTime" : 409.0,
    "maxResTime" : 16960.0,
    "pct1ResTime" : 8513.800000000001,
    "pct2ResTime" : 9928.75,
    "pct3ResTime" : 16502.959999999992,
    "throughput" : 0.03645654877815022,
    "receivedKBytesPerSec" : 4.9441106910894215,
    "sentKBytesPerSec" : 0.4140240341577925
  },
  "7.7 Due vaccination search" : {
    "transaction" : "7.7 Due vaccination search",
    "sampleCount" : 151,
    "errorCount" : 0,
    "errorPct" : 0.0,
    "meanResTime" : 1464.9470198675494,
    "medianResTime" : 1084.0,
    "minResTime" : 855.0,
    "maxResTime" : 6201.0,
    "pct1ResTime" : 2874.2,
    "pct2ResTime" : 3727.200000000002,
    "pct3ResTime" : 5815.679999999992,
    "throughput" : 0.04550802628977582,
    "receivedKBytesPerSec" : 6.100075387266522,
    "sentKBytesPerSec" : 0.5260079053054825
  },
  "2.4 Patient attending session" : {
    "transaction" : "2.4 Patient attending session",
    "sampleCount" : 1416,
    "errorCount" : 7,
    "errorPct" : 0.49435028,
    "meanResTime" : 724.1278248587579,
    "medianResTime" : 433.0,
    "minResTime" : 156.0,
    "maxResTime" : 6002.0,
    "pct1ResTime" : 1858.3999999999996,
    "pct2ResTime" : 2438.0499999999993,
    "pct3ResTime" : 4018.199999999997,
    "throughput" : 0.3984217322172648,
    "receivedKBytesPerSec" : 12.962047802061212,
    "sentKBytesPerSec" : 5.397616427830518
  },
  "Check STS status" : {
    "transaction" : "Check STS status",
    "sampleCount" : 1,
    "errorCount" : 0,
    "errorPct" : 0.0,
    "meanResTime" : 31.0,
    "medianResTime" : 31.0,
    "minResTime" : 31.0,
    "maxResTime" : 31.0,
    "pct1ResTime" : 31.0,
    "pct2ResTime" : 31.0,
    "pct3ResTime" : 31.0,
    "throughput" : 32.25806451612903,
    "receivedKBytesPerSec" : 10.080645161290322,
    "sentKBytesPerSec" : 19.027217741935484
  },
  "1.1 Homepage" : {
    "transaction" : "1.1 Homepage",
    "sampleCount" : 2821,
    "errorCount" : 0,
    "errorPct" : 0.0,
    "meanResTime" : 1829.8762850053147,
    "medianResTime" : 267.0,
    "minResTime" : 29.0,
    "maxResTime" : 44508.0,
    "pct1ResTime" : 5756.800000000006,
    "pct2ResTime" : 9015.700000000004,
    "pct3ResTime" : 12142.800000000003,
    "throughput" : 0.7834085129651193,
    "receivedKBytesPerSec" : 61.46728692784588,
    "sentKBytesPerSec" : 10.390448493997107
  },
  "1.3 Sign-in" : {
    "transaction" : "1.3 Sign-in",
    "sampleCount" : 2813,
    "errorCount" : 0,
    "errorPct" : 0.0,
    "meanResTime" : 1839.4987557767502,
    "medianResTime" : 366.0,
    "minResTime" : 72.0,
    "maxResTime" : 23870.0,
    "pct1ResTime" : 5825.6,
    "pct2ResTime" : 8918.999999999996,
    "pct3ResTime" : 12217.660000000003,
    "throughput" : 0.7832137769892739,
    "receivedKBytesPerSec" : 51.138793960674896,
    "sentKBytesPerSec" : 10.715376984624173
  },
  "Run some searches" : {
    "transaction" : "Run some searches",
    "sampleCount" : 1286,
    "errorCount" : 0,
    "errorPct" : 0.0,
    "meanResTime" : 3698.754276827376,
    "medianResTime" : 2388.5,
    "minResTime" : 0.0,
    "maxResTime" : 41964.0,
    "pct1ResTime" : 8971.6,
    "pct2ResTime" : 9968.699999999992,
    "pct3ResTime" : 15384.91,
    "throughput" : 0.3591303014655923,
    "receivedKBytesPerSec" : 42.11644523599762,
    "sentKBytesPerSec" : 4.118279301234643
  },
  "4.0 Vaccination for td_ipv" : {
    "transaction" : "4.0 Vaccination for td_ipv",
    "sampleCount" : 334,
    "errorCount" : 0,
    "errorPct" : 0.0,
    "meanResTime" : 1772.3203592814361,
    "medianResTime" : 1167.0,
    "minResTime" : 625.0,
    "maxResTime" : 8625.0,
    "pct1ResTime" : 3638.5,
    "pct2ResTime" : 4488.25,
    "pct3ResTime" : 7366.149999999982,
    "throughput" : 0.10857166819067915,
    "receivedKBytesPerSec" : 5.491693612174524,
    "sentKBytesPerSec" : 4.744368195173176
  },
  "2.1 Open session" : {
    "transaction" : "2.1 Open session",
    "sampleCount" : 1480,
    "errorCount" : 0,
    "errorPct" : 0.0,
    "meanResTime" : 511.60067567567467,
    "medianResTime" : 294.5,
    "minResTime" : 127.0,
    "maxResTime" : 4620.0,
    "pct1ResTime" : 1282.4000000000005,
    "pct2ResTime" : 2108.3500000000004,
    "pct3ResTime" : 3217.76,