{
  "2.0 Register attendance" : {
    "transaction" : "2.0 Register attendance",
    "sampleCount" : 1617,
    "errorCount" : 4,
    "errorPct" : 0.24737167,
    "meanResTime" : 1118.4718614718613,
    "medianResTime" : 1075.0,
    "minResTime" : 425.0,
    "maxResTime" : 3886.0,
    "pct1ResTime" : 1454.0,
    "pct2ResTime" : 1591.2999999999997,
    "pct3ResTime" : 2063.64,
    "throughput" : 0.45287001118311665,
    "receivedKBytesPerSec" : 70.75209276243635,
    "sentKBytesPerSec" : 16.912158223350616
  },
  "2.5 Select patient" : {
    "transaction" : "2.5 Select patient",
    "sampleCount" : 1612,
    "errorCount" : 0,
    "errorPct" : 0.0,
    "meanResTime" : 133.99069478908223,
    "medianResTime" : 106.0,
    "minResTime" : 58.0,
    "maxResTime" : 1845.0,
    "pct1ResTime" : 220.0,
    "pct2ResTime" : 305.3499999999999,
    "pct3ResTime" : 545.189999999996,
    "throughput" : 0.4549822960517867,
    "receivedKBytesPerSec" : 11.512838350304616,
    "sentKBytesPerSec" : 3.2811587107094424
  },
  "7.1 Full name search" : {
    "transaction" : "7.1 Full name search",
    "sampleCount" : 194,
    "errorCount" : 0,
    "errorPct" : 0.0,
    "meanResTime" : 538.5979381443296,
    "medianResTime" : 317.5,
    "minResTime" : 185.0,
    "maxResTime" : 4494.0,
    "pct1ResTime" : 1107.0,
    "pct2ResTime" : 2114.25,
    "pct3ResTime" : 3972.450000000006,
    "throughput" : 0.05483441701969856,
    "receivedKBytesPerSec" : 2.281228617845522,
    "sentKBytesPerSec" : 0.40464810940328283
  },
  "2.3 Search by first/last name" : {
    "transaction" : "2.3 Search by first/last name",
    "sampleCount" : 1623,
    "errorCount" : 0,
    "errorPct" : 0.0,
    "meanResTime" : 119.87122612446099,
    "medianResTime" : 101.0,
    "minResTime" : 61.0,
    "maxResTime" : 858.0,
    "pct1ResTime" : 180.60000000000014,
    "pct2ResTime" : 233.0,
    "pct3ResTime" : 407.76,
    "throughput" : 0.4547987998691928,
    "receivedKBytesPerSec" : 14.274794170617083,
    "sentKBytesPerSec" : 3.401072158222065
  },
  "4.0 Vaccination for flu" : {
    "transaction" : "4.0 Vaccination for flu",
    "sampleCount" : 406,
    "errorCount" : 2,
    "errorPct" : 0.49261084,
    "meanResTime" : 915.9999999999997,
    "medianResTime" : 867.0,
    "minResTime" : 213.0,
    "maxResTime" : 3009.0,
    "pct1ResTime" : 1181.6,
    "pct2ResTime" : 1330.25,
    "pct3ResTime" : 2049.04,
    "throughput" : 0.11664082469085153,
    "receivedKBytesPerSec" : 6.155443564981724,
    "sentKBytesPerSec" : 3.3133028954827823
  },
  "4.0 Vaccination for hpv" : {
    "transaction" : "4.0 Vaccination for hpv",
    "sampleCount" : 408,
    "errorCount" : 5,
    "errorPct" : 1.2254902,
    "meanResTime" : 904.3137254901961,
    "medianResTime" : 855.0,
    "minResTime" : 221.0,
    "maxResTime" : 2073.0,
    "pct1ResTime" : 1190.2,
    "pct2ResTime" : 1367.7499999999998,
    "pct3ResTime" : 1832.0999999999997,
    "throughput" : 0.11689810868601655,
    "receivedKBytesPerSec" : 5.731391503924969,
    "sentKBytesPerSec" : 3.317969848382007
  },
  "1.2 Sign-in page" : {
    "transaction" : "1.2 Sign-in page",
    "sampleCount" : 3330,
    "errorCount" : 0,
    "errorPct" : 0.0,
    "meanResTime" : 732.0330330330338,
    "medianResTime" : 226.0,
    "minResTime" : 12.0,
    "maxResTime" : 9048.0,
    "pct1ResTime" : 1882.4000000000015,
    "pct2ResTime" : 3697.45,
    "pct3ResTime" : 4733.7400000000025,
    "throughput" : 0.9260479776280157,
    "receivedKBytesPerSec" : 64.49122692944738,
    "sentKBytesPerSec" : 8.042902340210839
  },
  "7.7 Due vaccination search" : {
    "transaction" : "7.7 Due vaccination search",
    "sampleCount" : 186,
    "errorCount" : 0,
    "errorPct" : 0.0,
    "meanResTime" : 719.833333333333,
    "medianResTime" : 665.0,
    "minResTime" : 529.0,
    "maxResTime" : 3172.0,
    "pct1ResTime" : 934.3000000000002,
    "pct2ResTime" : 1026.0000000000002,
    "pct3ResTime" : 1503.3399999999913,
    "throughput" : 0.05425698558689431,
    "receivedKBytesPerSec" : 7.263093896125584,
    "sentKBytesPerSec" : 0.4110232154629492
  },
  "7.2 First name search" : {
    "transaction" : "7.2 First name search",
    "sampleCount" : 197,
    "errorCount" : 0,
    "errorPct" : 0.0,
    "meanResTime" : 1173.8477157360398,
    "medianResTime" : 667.0,
    "minResTime" : 252.0,
    "maxResTime" : 8952.0,
    "pct1ResTime" : 2742.000000000005,
    "pct2ResTime" : 4831.5,
    "pct3ResTime" : 5723.880000000034,
    "throughput" : 0.058995265704794284,
    "receivedKBytesPerSec" : 7.993317763755255,
    "sentKBytesPerSec" : 0.43493567120291343
  },
  "2.4 Patient attending session" : {
    "transaction" : "2.4 Patient attending session",
    "sampleCount" : 1517,
    "errorCount" : 4,
    "errorPct" : 0.2636783,
    "meanResTime" : 451.2643375082399,
    "medianResTime" : 413.0,
    "minResTime" : 120.0,
    "maxResTime" : 3085.0,
    "pct1ResTime" : 616.0,
    "pct2ResTime" : 733.3999999999996,
    "pct3ResTime" : 1004.0,
    "throughput" : 0.4266151616272458,
    "receivedKBytesPerSec" : 13.908898955077591,
    "sentKBytesPerSec" : 3.7429188070074
  },
  "Check STS status" : {
    "transaction" : "Check STS status",
    "sampleCount" : 1,
    "errorCount" : 0,
    "errorPct" : 0.0,
    "meanResTime" : 19.0,
    "medianResTime" : 19.0,
    "minResTime" : 19.0,
    "maxResTime" : 19.0,
    "pct1ResTime" : 19.0,
    "pct2ResTime" : 19.0,
    "pct3ResTime" : 19.0,
    "throughput" : 52.63157894736842,
    "receivedKBytesPerSec" : 16.49876644736842,
    "sentKBytesPerSec" : 31.044407894736842
  },
  "1.1 Homepage" : {
    "transaction" : "1.1 Homepage",
    "sampleCount" : 3332,
    "errorCount" : 0,
    "errorPct" : 0.0,
    "meanResTime" : 733.599939975991,
    "medianResTime" : 235.0,
    "minResTime" : 28.0,
    "maxResTime" : 8973.0,
    "pct1ResTime" : 1883.2000000000044,
    "pct2ResTime" : 3677.7,
    "pct3ResTime" : 4646.34,
    "throughput" : 0.9263007130180279,
    "receivedKBytesPerSec" : 74.94079867573679,
    "sentKBytesPerSec" : 8.032031255646904
  },
  "1.3 Sign-in" : {
    "transaction" : "1.3 Sign-in",
    "sampleCount" : 3328,
    "errorCount" : 0,
    "errorPct" : 0.0,
    "meanResTime" : 744.4002403846141,
    "medianResTime" : 267.0,
    "minResTime" : 50.0,
    "maxResTime" : 9612.0,
    "pct1ResTime" : 1915.199999999999,
    "pct2ResTime" : 3666.5499999999997,
    "pct3ResTime" : 4802.980000000001,
    "throughput" : 0.925663749305335,
    "receivedKBytesPerSec" : 64.71632216658722,
    "sentKBytesPerSec" : 8.295616840988881
  },
  "Run some searches" : {
    "transaction" : "Run some searches",
    "sampleCount" : 1680,
    "errorCount" : 1,
    "errorPct" : 0.05952381,
    "meanResTime" : 1380.3404761904778,
    "medianResTime" : 829.5,
    "minResTime" : 0.0,
    "maxResTime" : 60006.0,
    "pct1ResTime" : 3672.9,
    "pct2ResTime" : 4019.749999999999,
    "pct3ResTime" : 5257.310000000003,
    "throughput" : 0.4702190409042984,
    "receivedKBytesPerSec" : 55.13852646603731,
    "sentKBytesPerSec" : 3.5148999040459272
  },
  "4.0 Vaccination for td_ipv" : {
    "transaction" : "4.0 Vaccination for td_ipv",
    "sampleCount" : 384,
    "errorCount" : 2,
    "errorPct" : 0.5208333,
    "meanResTime" : 903.7265624999995,
    "medianResTime" : 851.0,
    "minResTime" : 221.0,
    "maxResTime" : 1702.0,
    "pct1ResTime" : 1203.5,
    "pct2ResTime" : 1297.25,
    "pct3ResTime" : 1502.6499999999978,
    "throughput" : 0.11143370782604153,
    "receivedKBytesPerSec" : 5.57961607650693,
    "sentKBytesPerSec" : 3.1738208276927273
  },
  "2.1 Open session" : {
    "transaction" : "2.1 Open session",
    "sampleCount" : 1626,
    "errorCount" : 0,
    "errorPct" : 0.0,
    "meanResTime" : 302.5147601476015,
    "medianResTime" : 261.0,
    "minResTime" : 108.0,
    "maxResTime" : 2046.0,
    "pct1ResTime" : 487.0,
    "pct2ResTime" : 572.6499999999999,
    "pct3ResTime" : 769.2200000000003,
    "throughput" : 0.4541099040923234,
    "receivedKBytesPerSec" : 10.393620762129636,