{
  "2.0 Register attendance" : {
    "transaction" : "2.0 Register attendance",
    "sampleCount" : 674,
    "errorCount" : 1,
    "errorPct" : 0.14836796,
    "meanResTime" : 838.0044510385754,
    "medianResTime" : 825.5,
    "minResTime" : 390.0,
    "maxResTime" : 1527.0,
    "pct1ResTime" : 1112.5,
    "pct2ResTime" : 1196.25,
    "pct3ResTime" : 1353.75,
    "throughput" : 0.38205411337370787,
    "receivedKBytesPerSec" : 55.69990775114957,
    "sentKBytesPerSec" : 13.026295129433585
  },
  "2.5 Select patient" : {
    "transaction" : "2.5 Select patient",
    "sampleCount" : 673,
    "errorCount" : 0,
    "errorPct" : 0.0,
    "meanResTime" : 105.10252600297179,
    "medianResTime" : 88.0,
    "minResTime" : 56.0,
    "maxResTime" : 530.0,
    "pct1ResTime" : 154.60000000000002,
    "pct2ResTime" : 250.0,
    "pct3ResTime" : 359.81999999999994,
    "throughput" : 0.38206204505947794,
    "receivedKBytesPerSec" : 9.638872133363781,
    "sentKBytesPerSec" : 2.7552389699099176
  },
  "7.1 Full name search" : {
    "transaction" : "7.1 Full name search",
    "sampleCount" : 68,
    "errorCount" : 0,
    "errorPct" : 0.0,
    "meanResTime" : 389.25000000000006,
    "medianResTime" : 256.5,
    "minResTime" : 140.0,
    "maxResTime" : 1777.0,
    "pct1ResTime" : 903.4,
    "pct2ResTime" : 1296.9999999999993,
    "pct3ResTime" : 1777.0,
    "throughput" : 0.04145613453247234,
    "receivedKBytesPerSec" : 1.5348474151338058,
    "sentKBytesPerSec" : 0.3059235538972424
  },
  "2.3 Search by first/last name" : {
    "transaction" : "2.3 Search by first/last name",
    "sampleCount" : 675,
    "errorCount" : 0,
    "errorPct" : 0.0,
    "meanResTime" : 103.08148148148145,
    "medianResTime" : 86.0,
    "minResTime" : 60.0,
    "maxResTime" : 653.0,
    "pct1ResTime" : 157.0,
    "pct2ResTime" : 215.0,
    "pct3ResTime" : 346.8000000000002,
    "throughput" : 0.3812047425258457,
    "receivedKBytesPerSec" : 10.9713785787713,
    "sentKBytesPerSec" : 2.8507204301951994
  },
  "4.0 Vaccination for flu" : {
    "transaction" : "4.0 Vaccination for flu",
    "sampleCount" : 182,
    "errorCount" : 0,
    "errorPct" : 0.0,
    "meanResTime" : 698.2747252747251,
    "medianResTime" : 670.0,
    "minResTime" : 191.0,
    "maxResTime" : 1407.0,
    "pct1ResTime" : 941.8000000000004,
    "pct2ResTime" : 1098.6999999999998,
    "pct3ResTime" : 1392.8899999999999,
    "throughput" : 0.10640897764359074,
    "receivedKBytesPerSec" : 5.5191937751332745,
    "sentKBytesPerSec" : 2.980887342527868
  },
  "4.0 Vaccination for hpv" : {
    "transaction" : "4.0 Vaccination for hpv",
    "sampleCount" : 176,
    "errorCount" : 0,
    "errorPct" : 0.0,
    "meanResTime" : 689.0738636363635,
    "medianResTime" : 661.5,
    "minResTime" : 171.0,
    "maxResTime" : 1484.0,
    "pct1ResTime" : 910.4000000000001,
    "pct2ResTime" : 1054.5,
    "pct3ResTime" : 1380.8199999999986,
    "throughput" : 0.10324524441258442,
    "receivedKBytesPerSec" : 5.002178929288153,
    "sentKBytesPerSec" : 2.904881006006116
  },
  "1.2 Sign-in page" : {
    "transaction" : "1.2 Sign-in page",
    "sampleCount" : 1354,
    "errorCount" : 0,
    "errorPct" : 0.0,
    "meanResTime" : 1204.3655834564238,
    "medianResTime" : 156.0,
    "minResTime" : 12.0,
    "maxResTime" : 18755.0,
    "pct1ResTime" : 1857.5,
    "pct2ResTime" : 5581.75,
    "pct3ResTime" : 15149.100000000004,
    "throughput" : 0.7506246427741845,
    "receivedKBytesPerSec" : 47.5055438432148,
    "sentKBytesPerSec" : 6.358657954064156
  },
  "7.2 First name search" : {
    "transaction" : "7.2 First name search",
    "sampleCount" : 73,
    "errorCount" : 0,
    "errorPct" : 0.0,
    "meanResTime" : 1496.6712328767128,
    "medianResTime" : 1124.0,
    "minResTime" : 599.0,
    "maxResTime" : 6295.0,
    "pct1ResTime" : 3143.200000000001,
    "pct2ResTime" : 4105.0999999999985,
    "pct3ResTime" : 6295.0,
    "throughput" : 0.042375291838054406,
    "receivedKBytesPerSec" : 5.657115065461118,
    "sentKBytesPerSec" : 0.31240836978043796
  },
  "7.7 Due vaccination search" : {
    "transaction" : "7.7 Due vaccination search",
    "sampleCount" : 72,
    "errorCount" : 0,
    "errorPct" : 0.0,
    "meanResTime" : 854.2361111111113,
    "medianResTime" : 771.5,
    "minResTime" : 691.0,
    "maxResTime" : 1820.0,
    "pct1ResTime" : 1169.4,
    "pct2ResTime" : 1422.2499999999998,
    "pct3ResTime" : 1820.0,
    "throughput" : 0.044649999813958334,
    "receivedKBytesPerSec" : 5.86545042315177,
    "sentKBytesPerSec" : 0.33785214974245636
  },
  "2.4 Patient attending session" : {
    "transaction" : "2.4 Patient attending session",
    "sampleCount" : 383,
    "errorCount" : 1,
    "errorPct" : 0.2610966,
    "meanResTime" : 336.402088772846,
    "medianResTime" : 307.0,
    "minResTime" : 219.0,
    "maxResTime" : 773.0,
    "pct1ResTime" : 474.4000000000001,
    "pct2ResTime" : 520.5999999999999,
    "pct3ResTime" : 679.079999999998,
    "throughput" : 0.24175141642344244,
    "receivedKBytesPerSec" : 7.25554564651777,
    "sentKBytesPerSec" : 2.1210211466607376
  },
  "Check STS status" : {
    "transaction" : "Check STS status",
    "sampleCount" : 1,
    "errorCount" : 0,
    "errorPct" : 0.0,
    "meanResTime" : 27.0,
    "medianResTime" : 27.0,
    "minResTime" : 27.0,
    "maxResTime" : 27.0,
    "pct1ResTime" : 27.0,
    "pct2ResTime" : 27.0,
    "pct3ResTime" : 27.0,
    "throughput" : 37.03703703703704,
    "receivedKBytesPerSec" : 11.610243055555555,
    "sentKBytesPerSec" : 21.846064814814817
  },
  "1.1 Homepage" : {
    "transaction" : "1.1 Homepage",
    "sampleCount" : 1358,
    "errorCount" : 0,
    "errorPct" : 0.0,
    "meanResTime" : 1192.210603829161,
    "medianResTime" : 154.5,
    "minResTime" : 27.0,
    "maxResTime" : 19562.0,
    "pct1ResTime" : 1851.3000000000004,
    "pct2ResTime" : 5365.0499999999965,
    "pct3ResTime" : 15119.28,
    "throughput" : 0.7540586177850112,
    "receivedKBytesPerSec" : 68.64611467809388,
    "sentKBytesPerSec" : 6.3703738470829645
  },
  "1.3 Sign-in" : {
    "transaction" : "1.3 Sign-in",
    "sampleCount" : 1350,
    "errorCount" : 0,
    "errorPct" : 0.0,
    "meanResTime" : 1217.9896296296304,
    "medianResTime" : 224.5,
    "minResTime" : 58.0,
    "maxResTime" : 18054.0,
    "pct1ResTime" : 1879.0,
    "pct2ResTime" : 5431.500000000013,
    "pct3ResTime" : 15455.67,
    "throughput" : 0.7520447260496038,
    "receivedKBytesPerSec" : 48.08154217285776,
    "sentKBytesPerSec" : 6.70737016626734
  },
  "Run some searches" : {
    "transaction" : "Run some searches",
    "sampleCount" : 628,
    "errorCount" : 0,
    "errorPct" : 0.0,
    "meanResTime" : 2453.7101910828014,
    "medianResTime" : 994.5,
    "minResTime" : 0.0,
    "maxResTime" : 16277.0,
    "pct1ResTime" : 12786.200000000003,
    "pct2ResTime" : 14631.2,
    "pct3ResTime" : 15617.580000000004,
    "throughput" : 0.35356279258306333,
    "receivedKBytesPerSec" : 40.28132651055903,
    "sentKBytesPerSec" : 2.632894046752768
  },
  "4.0 Vaccination for td_ipv" : {
    "transaction" : "4.0 Vaccination for td_ipv",
    "sampleCount" : 150,
    "errorCount" : 0,
    "errorPct" : 0.0,
    "meanResTime" : 721.1533333333331,
    "medianResTime" : 676.0,
    "minResTime" : 517.0,
    "maxResTime" : 1418.0,
    "pct1ResTime" : 935.0,
    "pct2ResTime" : 1010.0,
    "pct3ResTime" : 1369.5500000000009,
    "throughput" : 0.1003946177776112,
    "receivedKBytesPerSec" : 5.0516741555474045,
    "sentKBytesPerSec" : 2.8663042469767834
  },
  "2.1 Open session" : {
    "transaction" : "2.1 Open session",
    "sampleCount" : 676,
    "errorCount" : 0,
    "errorPct" : 0.0,
    "meanResTime" : 310.16568047337284,
    "medianResTime" : 299.5,
    "minResTime" : 129.0,
    "maxResTime" : 1017.0,
    "pct1ResTime" : 478.30000000000007,
    "pct2ResTime" : 534.15,
    "pct3ResTime" : 733.7500000000005,
    "throughput" : 0.3800274226888739,
    "receivedKBytesPerSec" : 8.68614298131232,