{
  "7.3 Safe to vaccinate" : {
    "transaction" : "7.3 Safe to vaccinate",
    "sampleCount" : 27,
    "errorCount" : 0,
    "errorPct" : 0.0,
    "meanResTime" : 117.11111111111111,
    "medianResTime" : 106.0,
    "minResTime" : 87.0,
    "maxResTime" : 296.0,
    "pct1ResTime" : 144.0,
    "pct2ResTime" : 236.79999999999967,
    "pct3ResTime" : 296.0,
    "throughput" : 0.00790779163496228,
    "receivedKBytesPerSec" : 3.5871445227999206,
    "sentKBytesPerSec" : 0.058790460893188
  },
  "2.0 Register attendance" : {
    "transaction" : "2.0 Register attendance",
    "sampleCount" : 1679,
    "errorCount" : 5,
    "errorPct" : 0.2977963,
    "meanResTime" : 994.2346634901725,
    "medianResTime" : 940.0,
    "minResTime" : 380.0,
    "maxResTime" : 6166.0,
    "pct1ResTime" : 1369.0,
    "pct2ResTime" : 1617.0,
    "pct3ResTime" : 2180.200000000001,
    "throughput" : 0.46973707034025863,
    "receivedKBytesPerSec" : 970.2525897372836,
    "sentKBytesPerSec" : 15.944627408486602
  },
  "2.5 Select patient" : {
    "transaction" : "2.5 Select patient",
    "sampleCount" : 1673,
    "errorCount" : 0,
    "errorPct" : 0.0,
    "meanResTime" : 126.53795576808136,
    "medianResTime" : 100.0,
    "minResTime" : 75.0,
    "maxResTime" : 1442.0,
    "pct1ResTime" : 175.0,
    "pct2ResTime" : 282.0,
    "pct3ResTime" : 517.52,
    "throughput" : 0.47142762543342176,
    "receivedKBytesPerSec" : 211.74905297960294,
    "sentKBytesPerSec" : 3.400169326841928
  },
  "7.1 Full name search" : {
    "transaction" : "7.1 Full name search",
    "sampleCount" : 27,
    "errorCount" : 0,
    "errorPct" : 0.0,
    "meanResTime" : 635.5185185185186,
    "medianResTime" : 314.0,
    "minResTime" : 195.0,
    "maxResTime" : 5392.0,
    "pct1ResTime" : 1280.199999999999,
    "pct2ResTime" : 4214.799999999994,
    "pct3ResTime" : 5392.0,
    "throughput" : 0.00790109005779501,
    "receivedKBytesPerSec" : 3.628573322847319,
    "sentKBytesPerSec" : 0.05832197856463531
  },
  "2.3 Search by first/last name" : {
    "transaction" : "2.3 Search by first/last name",
    "sampleCount" : 1682,
    "errorCount" : 0,
    "errorPct" : 0.0,
    "meanResTime" : 143.10285374554107,
    "medianResTime" : 101.0,
    "minResTime" : 82.0,
    "maxResTime" : 2726.0,
    "pct1ResTime" : 224.70000000000005,
    "pct2ResTime" : 335.6999999999998,
    "pct3ResTime" : 739.8500000000004,
    "throughput" : 0.47020094521012834,
    "receivedKBytesPerSec" : 212.85111881468757,
    "sentKBytesPerSec" : 3.516578468609055
  },
  "4.0 Vaccination for flu" : {
    "transaction" : "4.0 Vaccination for flu",
    "sampleCount" : 407,
    "errorCount" : 0,
    "errorPct" : 0.0,
    "meanResTime" : 913.3931203931206,
    "medianResTime" : 834.0,
    "minResTime" : 225.0,
    "maxResTime" : 2319.0,
    "pct1ResTime" : 1285.8,
    "pct2ResTime" : 1478.6,
    "pct3ResTime" : 1931.5600000000004,
    "throughput" : 0.11614057175404223,
    "receivedKBytesPerSec" : 152.85012248041662,
    "sentKBytesPerSec" : 3.290090336034339
  },
  "4.0 Vaccination for hpv" : {
    "transaction" : "4.0 Vaccination for hpv",
    "sampleCount" : 422,
    "errorCount" : 0,
    "errorPct" : 0.0,
    "meanResTime" : 887.2725118483414,
    "medianResTime" : 799.0,
    "minResTime" : 226.0,
    "maxResTime" : 2359.0,
    "pct1ResTime" : 1211.6,
    "pct2ResTime" : 1498.6999999999998,
    "pct3ResTime" : 1961.389999999998,
    "throughput" : 0.12146796627795958,
    "receivedKBytesPerSec" : 160.22094935589956,
    "sentKBytesPerSec" : 3.4625853073197117
  },
  "7.6 First name search" : {
    "transaction" : "7.6 First name search",
    "sampleCount" : 27,
    "errorCount" : 0,
    "errorPct" : 0.0,
    "meanResTime" : 1327.4444444444443,
    "medianResTime" : 855.0,
    "minResTime" : 368.0,
    "maxResTime" : 5933.0,
    "pct1ResTime" : 2586.599999999999,
    "pct2ResTime" : 4984.199999999995,
    "pct3ResTime" : 5933.0,
    "throughput" : 0.00790913053463379,
    "receivedKBytesPerSec" : 4.391192583099331,
    "sentKBytesPerSec" : 0.05832011147626558
  },
  "1.2 Sign-in page" : {
    "transaction" : "1.2 Sign-in page",
    "sampleCount" : 1719,
    "errorCount" : 0,
    "errorPct" : 0.0,
    "meanResTime" : 150.22803955788237,
    "medianResTime" : 108.0,
    "minResTime" : 20.0,
    "maxResTime" : 5296.0,
    "pct1ResTime" : 219.0,
    "pct2ResTime" : 368.0,
    "pct3ResTime" : 807.3999999999994,
    "throughput" : 0.4781808764368376,
    "receivedKBytesPerSec" : 213.63044035062148,
    "sentKBytesPerSec" : 4.058277451101207
  },
  "2.4 Patient attending session" : {
    "transaction" : "2.4 Patient attending session",
    "sampleCount" : 925,
    "errorCount" : 5,
    "errorPct" : 0.5405405,
    "meanResTime" : 440.57189189189234,
    "medianResTime" : 385.0,
    "minResTime" : 194.0,
    "maxResTime" : 2717.0,
    "pct1ResTime" : 595.0,
    "pct2ResTime" : 757.2999999999994,
    "pct3ResTime" : 1252.0,
    "throughput" : 0.2605892189873475,
    "receivedKBytesPerSec" : 118.38175959190178,
    "sentKBytesPerSec" : 2.2855836911505025
  },
  "Check STS status" : {
    "transaction" : "Check STS status",
    "sampleCount" : 1,
    "errorCount" : 0,
    "errorPct" : 0.0,
    "meanResTime" : 29.0,
    "medianResTime" : 29.0,
    "minResTime" : 29.0,
    "maxResTime" : 29.0,
    "pct1ResTime" : 29.0,
    "pct2ResTime" : 29.0,
    "pct3ResTime" : 29.0,
    "throughput" : 34.48275862068965,
    "receivedKBytesPerSec" : 10.809536637931034,
    "sentKBytesPerSec" : 20.339439655172413
  },
  "1.1 Homepage" : {
    "transaction" : "1.1 Homepage",
    "sampleCount" : 1721,
    "errorCount" : 0,
    "errorPct" : 0.0,
    "meanResTime" : 150.68797210923893,
    "medianResTime" : 113.0,
    "minResTime" : 38.0,
    "maxResTime" : 5082.0,
    "pct1ResTime" : 212.79999999999995,
    "pct2ResTime" : 321.7999999999997,
    "pct3ResTime" : 713.78,
    "throughput" : 0.4780732177049874,
    "receivedKBytesPerSec" : 213.35944277594143,
    "sentKBytesPerSec" : 4.048855908687043
  },
  "1.3 Sign-in" : {
    "transaction" : "1.3 Sign-in",
    "sampleCount" : 1717,
    "errorCount" : 0,
    "errorPct" : 0.0,
    "meanResTime" : 170.09551543389617,
    "medianResTime" : 114.0,
    "minResTime" : 76.0,
    "maxResTime" : 5026.0,
    "pct1ResTime" : 313.0,
    "pct2ResTime" : 415.0999999999999,
    "pct3ResTime" : 803.4599999999998,
    "throughput" : 0.4789726274256881,
    "receivedKBytesPerSec" : 214.18995479355848,
    "sentKBytesPerSec" : 4.227325559692905
  },
  "Run some searches" : {
    "transaction" : "Run some searches",
    "sampleCount" : 27,
    "errorCount" : 0,
    "errorPct" : 0.0,
    "meanResTime" : 6574.333333333333,
    "medianResTime" : 4915.0,
    "minResTime" : 3640.0,
    "maxResTime" : 20006.0,
    "pct1ResTime" : 10621.6,
    "pct2ResTime" : 16457.99999999998,
    "pct3ResTime" : 20006.0,
    "throughput" : 0.007906927845183525,
    "receivedKBytesPerSec" : 31.96312407212568,
    "sentKBytesPerSec" : 0.46865134643267237
  },
  "4.0 Vaccination for td_ipv" : {
    "transaction" : "4.0 Vaccination for td_ipv",
    "sampleCount" : 409,
    "errorCount" : 0,
    "errorPct" : 0.0,
    "meanResTime" : 910.8190709046452,
    "medianResTime" : 845.0,
    "minResTime" : 221.0,
    "maxResTime" : 2264.0,
    "pct1ResTime" : 1258.0,
    "pct2ResTime" : 1458.5,
    "pct3ResTime" : 1855.9999999999977,
    "throughput" : 0.1181041881073414,
    "receivedKBytesPerSec" : 156.10275779054498,
    "sentKBytesPerSec" : 3.358284422245285
  },
  "2.1 Open session" : {
    "transaction" : "2.1 Open session",
    "sampleCount" : 1687,
    "errorCount" : 0,
    "errorPct" : 0.0,
    "meanResTime" : 324.21813870776515,
    "medianResTime" : 286.0,
    "minResTime" : 125.0,
    "maxResTime" : 1597.0,
    "pct1ResTime" : 524.4000000000001,
    "pct2ResTime" : 623.5999999999999,
    "pct3ResTime" : 982.519999999995,
    "throughput" : 0.4710552335297506,
    "receivedKBytesPerSec" : 210.55032072139025,
    "sentKBytesPerSec" : 3.4003200761150705
  },