{
  "1.4 Select Organisations-0" : {
    "transaction" : "1.4 Select Organisations-0",
    "sampleCount" : 70,
    "errorCount" : 0,
    "errorPct" : 0.0,
    "meanResTime" : 140.54285714285717,
    "medianResTime" : 130.0,
    "minResTime" : 113.0,
    "maxResTime" : 331.0,
    "pct1ResTime" : 162.8,
    "pct2ResTime" : 194.2500000000001,
    "pct3ResTime" : 331.0,
    "throughput" : 0.0780495637029389,
    "receivedKBytesPerSec" : 0.05663166585086289,
    "sentKBytesPerSec" : 0.06234818662988674
  },
  "1.4 Select Organisations-1" : {
    "transaction" : "1.4 Select Organisations-1",
    "sampleCount" : 70,
    "errorCount" : 0,
    "errorPct" : 0.0,
    "meanResTime" : 236.47142857142856,
    "medianResTime" : 146.5,
    "minResTime" : 120.0,
    "maxResTime" : 3474.0,
    "pct1ResTime" : 208.1,
    "pct2ResTime" : 729.9500000000028,
    "pct3ResTime" : 3474.0,
    "throughput" : 0.07775954748386768,
    "receivedKBytesPerSec" : 1.0606888273971324,
    "sentKBytesPerSec" : 0.05027033245539101
  },
  "2.0 Register attendance" : {
    "transaction" : "2.0 Register attendance",
    "sampleCount" : 1000,
    "errorCount" : 0,
    "errorPct" : 0.0,
    "meanResTime" : 9574.043000000005,
    "medianResTime" : 6916.5,
    "minResTime" : 2943.0,
    "maxResTime" : 41230.0,
    "pct1ResTime" : 19811.499999999996,
    "pct2ResTime" : 24882.35,
    "pct3ResTime" : 34174.39000000001,
    "throughput" : 0.30052149495018704,
    "receivedKBytesPerSec" : 90.57878184842282,
    "sentKBytesPerSec" : 1.3095987185312674
  },
  "1.3 Sign-in-1" : {
    "transaction" : "1.3 Sign-in-1",
    "sampleCount" : 70,
    "errorCount" : 0,
    "errorPct" : 0.0,
    "meanResTime" : 144.01428571428573,
    "medianResTime" : 137.0,
    "minResTime" : 115.0,
    "maxResTime" : 279.0,
    "pct1ResTime" : 175.0,
    "pct2ResTime" : 193.70000000000002,
    "pct3ResTime" : 279.0,
    "throughput" : 0.07811357937622959,
    "receivedKBytesPerSec" : 0.7025645176319087,
    "sentKBytesPerSec" : 0.05156716763508907
  },
  "1.3 Sign-in-0" : {
    "transaction" : "1.3 Sign-in-0",
    "sampleCount" : 70,
    "errorCount" : 0,
    "errorPct" : 0.0,
    "meanResTime" : 540.2285714285713,
    "medianResTime" : 401.5,
    "minResTime" : 339.0,
    "maxResTime" : 3266.0,
    "pct1ResTime" : 842.5,
    "pct2ResTime" : 1360.9000000000017,
    "pct3ResTime" : 3266.0,
    "throughput" : 0.0780886573994023,
    "receivedKBytesPerSec" : 0.055439896415395956,
    "sentKBytesPerSec" : 0.07130165494964955
  },
  "1.4 Select Organisations" : {
    "transaction" : "1.4 Select Organisations",
    "sampleCount" : 70,
    "errorCount" : 0,
    "errorPct" : 0.0,
    "meanResTime" : 377.21428571428567,
    "medianResTime" : 284.5,
    "minResTime" : 245.0,
    "maxResTime" : 3625.0,
    "pct1ResTime" : 388.29999999999995,
    "pct2ResTime" : 943.8000000000025,
    "pct3ResTime" : 3625.0,
    "throughput" : 0.07774840615767377,
    "receivedKBytesPerSec" : 1.1169500029155652,
    "sentKBytesPerSec" : 0.11237074327476286
  },
  "2.4 Patient attending session-1" : {
    "transaction" : "2.4 Patient attending session-1",
    "sampleCount" : 997,
    "errorCount" : 0,
    "errorPct" : 0.0,
    "meanResTime" : 1535.3951855566709,
    "medianResTime" : 636.0,
    "minResTime" : 268.0,
    "maxResTime" : 20909.0,
    "pct1ResTime" : 3834.0000000000055,
    "pct2ResTime" : 7408.699999999999,
    "pct3ResTime" : 14159.51999999999,
    "throughput" : 0.30032354816758955,
    "receivedKBytesPerSec" : 32.993365830323064,
    "sentKBytesPerSec" : 0.2006067450650696
  },
  "2.4 Patient attending session-0" : {
    "transaction" : "2.4 Patient attending session-0",
    "sampleCount" : 997,
    "errorCount" : 0,
    "errorPct" : 0.0,
    "meanResTime" : 826.1825476429287,
    "medianResTime" : 298.0,
    "minResTime" : 168.0,
    "maxResTime" : 19699.0,
    "pct1ResTime" : 1518.000000000003,
    "pct2ResTime" : 4014.699999999984,
    "pct3ResTime" : 9779.299999999994,
    "throughput" : 0.30033684720415615,
    "receivedKBytesPerSec" : 0.22320072820765474,
    "sentKBytesPerSec" : 0.24578347456746372
  },
  "2.3 Search by first/last name" : {
    "transaction" : "2.3 Search by first/last name",
    "sampleCount" : 1000,
    "errorCount" : 0,
    "errorPct" : 0.0,
    "meanResTime" : 741.861,
    "medianResTime" : 352.5,
    "minResTime" : 250.0,
    "maxResTime" : 21675.0,
    "pct1ResTime" : 1019.6999999999999,
    "pct2ResTime" : 2979.0999999999976,
    "pct3ResTime" : 7708.450000000002,
    "throughput" : 0.30085919368532654,
    "receivedKBytesPerSec" : 12.574975580105416,
    "sentKBytesPerSec" : 0.2595677383910472
  },
  "1.2 Sign-in page" : {
    "transaction" : "1.2 Sign-in page",
    "sampleCount" : 70,
    "errorCount" : 0,
    "errorPct" : 0.0,
    "meanResTime" : 170.68571428571423,
    "medianResTime" : 119.0,
    "minResTime" : 107.0,
    "maxResTime" : 2266.0,
    "pct1ResTime" : 150.8,
    "pct2ResTime" : 161.9,
    "pct3ResTime" : 2266.0,
    "throughput" : 0.0790141740140442,
    "receivedKBytesPerSec" : 0.47616842562565115,
    "sentKBytesPerSec" : 0.04760912633463406
  },
  "3.0 Nurse triage" : {
    "transaction" : "3.0 Nurse triage",
    "sampleCount" : 996,
    "errorCount" : 0,
    "errorPct" : 0.0,
    "meanResTime" : 3301.3905622489965,
    "medianResTime" : 1631.0,
    "minResTime" : 756.0,
    "maxResTime" : 24925.0,
    "pct1ResTime" : 7791.500000000004,
    "pct2ResTime" : 11275.899999999998,
    "pct3ResTime" : 16447.84,
    "throughput" : 0.30059240243648855,
    "receivedKBytesPerSec" : 33.87508210599609,
    "sentKBytesPerSec" : 0.9027904758911917
  },
  "4.2 Vaccination batch-2" : {
    "transaction" : "4.2 Vaccination batch-2",
    "sampleCount" : 996,
    "errorCount" : 0,
    "errorPct" : 0.0,
    "meanResTime" : 0.36947791164658617,
    "medianResTime" : 0.0,
    "minResTime" : 0.0,
    "maxResTime" : 14.0,
    "pct1ResTime" : 1.0,
    "pct2ResTime" : 1.0,
    "pct3ResTime" : 1.0,
    "throughput" : 0.29955508851161117,
    "receivedKBytesPerSec" : 1.4954651267575176,
    "sentKBytesPerSec" : 0.0
  },
  "2.4 Patient attending session" : {
    "transaction" : "2.4 Patient attending session",
    "sampleCount" : 997,
    "errorCount" : 0,
    "errorPct" : 0.0,
    "meanResTime" : 2361.719157472417,
    "medianResTime" : 1034.0,
    "minResTime" : 446.0,
    "maxResTime" : 24706.0,
    "pct1ResTime" : 6775.2,
    "pct2ResTime" : 9314.499999999989,
    "pct3ResTime" : 17363.5,
    "throughput" : 0.3002850147537226,
    "receivedKBytesPerSec" : 33.212294780454606,
    "sentKBytesPerSec" : 0.44632206294449783
  },
  "4.2 Vaccination batch-0" : {
    "transaction" : "4.2 Vaccination batch-0",
    "sampleCount" : 996,
    "errorCount" : 0,
    "errorPct" : 0.0,
    "meanResTime" : 374.713855421687,
    "medianResTime" : 152.0,
    "minResTime" : 119.0,
    "maxResTime" : 9652.0,
    "pct1ResTime" : 388.2000000000003,
    "pct2ResTime" : 1307.6499999999992,
    "pct3ResTime" : 5102.429999999998,
    "throughput" : 0.2995387824530422,
    "receivedKBytesPerSec" : 0.22406905015530304,
    "sentKBytesPerSec" : 0.26911687486015506
  },
  "4.2 Vaccination batch-1" : {
    "transaction" : "4.2 Vaccination batch-1",
    "sampleCount" : 996,
    "errorCount" : 0,
    "errorPct" : 0.0,
    "meanResTime" : 499.4407630522096,
    "medianResTime" : 185.0,
    "minResTime" : 134.0,
    "maxResTime" : 16355.0,
    "pct1ResTime" : 670.3000000000008,
    "pct2ResTime" : 2404.2499999999977,
    "pct3ResTime" : 6614.649999999988,
    "throughput" : 0.2995376113679937,
    "receivedKBytesPerSec" : 4.0749184711101085,
    "sentKBytesPerSec" : 0.2147880953723544
  },
  "1.1 Homepage" : {
    "transaction" : "1.1 Homepage",
    "sampleCount" : 70,
    "errorCount" : 0,
    "errorPct" : 0.0,
    "meanResTime" : 362.4285714285715,
    "medianResTime" : 357.0,
    "minResTime" : 316.0,
    "maxResTime" : 570.0,
    "pct1ResTime" : 391.0,
    "pct2ResTime" : 429.00000000000006,
    "pct3ResTime" : 570.0,