{
  "4.3 Vaccination confirm" : {
    "transaction" : "4.3 Vaccination confirm",
    "sampleCount" : 1440,
    "errorCount" : 0,
    "errorPct" : 0.0,
    "meanResTime" : 2957.1229166666685,
    "medianResTime" : 2446.0,
    "minResTime" : 1496.0,
    "maxResTime" : 24127.0,
    "pct1ResTime" : 4616.8,
    "pct2ResTime" : 6014.350000000002,
    "pct3ResTime" : 9955.959999999995,
    "throughput" : 0.4168223720145459,
    "receivedKBytesPerSec" : 154.16083022251297,
    "sentKBytesPerSec" : 2.492667379419656
  },
  "4.1 Vaccination questions" : {
    "transaction" : "4.1 Vaccination questions",
    "sampleCount" : 1470,
    "errorCount" : 0,
    "errorPct" : 0.0,
    "meanResTime" : 1363.6102040816313,
    "medianResTime" : 1143.0,
    "minResTime" : 494.0,
    "maxResTime" : 15607.0,
    "pct1ResTime" : 1889.4000000000005,
    "pct2ResTime" : 2325.7000000000003,
    "pct3ResTime" : 4320.819999999994,
    "throughput" : 0.4202916824276048,
    "receivedKBytesPerSec" : 153.14742689238832,
    "sentKBytesPerSec" : 2.3817369097903947
  },
  "2.0 Register attendance" : {
    "transaction" : "2.0 Register attendance",
    "sampleCount" : 1493,
    "errorCount" : 32,
    "errorPct" : 2.1433356,
    "meanResTime" : 5218.243804420622,
    "medianResTime" : 4659.0,
    "minResTime" : 1751.0,
    "maxResTime" : 26460.0,
    "pct1ResTime" : 7733.4000000000015,
    "pct2ResTime" : 9701.699999999997,
    "pct3ResTime" : 16015.219999999987,
    "throughput" : 0.418395385040053,
    "receivedKBytesPerSec" : 776.3277489227474,
    "sentKBytesPerSec" : 8.853709911511338
  },
  "1.0 Login" : {
    "transaction" : "1.0 Login",
    "sampleCount" : 1501,
    "errorCount" : 0,
    "errorPct" : 0.0,
    "meanResTime" : 4380.914723517659,
    "medianResTime" : 3887.0,
    "minResTime" : 2063.0,
    "maxResTime" : 24951.0,
    "pct1ResTime" : 5711.2,
    "pct2ResTime" : 7628.999999999969,
    "pct3ResTime" : 12235.440000000004,
    "throughput" : 0.41795357011985607,
    "receivedKBytesPerSec" : 647.829550477326,
    "sentKBytesPerSec" : 7.984147615054181
  },
  "4.0 Vaccination for menacwy" : {
    "transaction" : "4.0 Vaccination for menacwy",
    "sampleCount" : 357,
    "errorCount" : 0,
    "errorPct" : 0.0,
    "meanResTime" : 5308.551820728295,
    "medianResTime" : 4602.0,
    "minResTime" : 1280.0,
    "maxResTime" : 27788.0,
    "pct1ResTime" : 7886.599999999999,
    "pct2ResTime" : 11008.599999999999,
    "pct3ResTime" : 13996.880000000006,
    "throughput" : 0.10301083056449648,
    "receivedKBytesPerSec" : 113.57991175189105,
    "sentKBytesPerSec" : 1.7216738362769808
  },
  "2.5 Select patient" : {
    "transaction" : "2.5 Select patient",
    "sampleCount" : 1485,
    "errorCount" : 0,
    "errorPct" : 0.0,
    "meanResTime" : 626.5030303030311,
    "medianResTime" : 433.0,
    "minResTime" : 254.0,
    "maxResTime" : 12824.0,
    "pct1ResTime" : 1107.8000000000006,
    "pct2ResTime" : 1521.6000000000008,
    "pct3ResTime" : 2984.00000000001,
    "throughput" : 0.419874868806775,
    "receivedKBytesPerSec" : 157.3678679654525,
    "sentKBytesPerSec" : 1.7302244149884867
  },
  "2.3 Search by first/last name" : {
    "transaction" : "2.3 Search by first/last name",
    "sampleCount" : 1494,
    "errorCount" : 0,
    "errorPct" : 0.0,
    "meanResTime" : 561.8058902275766,
    "medianResTime" : 423.0,
    "minResTime" : 254.0,
    "maxResTime" : 4983.0,
    "pct1ResTime" : 896.0,
    "pct2ResTime" : 1268.25,
    "pct3ResTime" : 2586.7999999999975,
    "throughput" : 0.41884851981624494,
    "receivedKBytesPerSec" : 157.8909497175541,
    "sentKBytesPerSec" : 1.7946087669389743
  },
  "4.0 Vaccination for flu" : {
    "transaction" : "4.0 Vaccination for flu",
    "sampleCount" : 374,
    "errorCount" : 0,
    "errorPct" : 0.0,
    "meanResTime" : 5088.002673796794,
    "medianResTime" : 4610.0,
    "minResTime" : 1632.0,
    "maxResTime" : 16281.0,
    "pct1ResTime" : 6893.0,
    "pct2ResTime" : 9233.5,
    "pct3ResTime" : 13388.25,
    "throughput" : 0.10703166563307656,
    "receivedKBytesPerSec" : 116.99616262011013,
    "sentKBytesPerSec" : 1.7877426089841348
  },
  "4.0 Vaccination for hpv" : {
    "transaction" : "4.0 Vaccination for hpv",
    "sampleCount" : 376,
    "errorCount" : 0,
    "errorPct" : 0.0,
    "meanResTime" : 4998.569148936169,
    "medianResTime" : 4505.5,
    "minResTime" : 1487.0,
    "maxResTime" : 14878.0,
    "pct1ResTime" : 6858.1,
    "pct2ResTime" : 8760.849999999999,
    "pct3ResTime" : 11568.430000000004,
    "throughput" : 0.10784868829032866,
    "receivedKBytesPerSec" : 118.34896777412713,
    "sentKBytesPerSec" : 1.7971205323465753
  },
  "1.2 Sign-in page" : {
    "transaction" : "1.2 Sign-in page",
    "sampleCount" : 1503,
    "errorCount" : 0,
    "errorPct" : 0.0,
    "meanResTime" : 1027.9807052561541,
    "medianResTime" : 728.0,
    "minResTime" : 292.0,
    "maxResTime" : 13445.0,
    "pct1ResTime" : 1759.0000000000034,
    "pct2ResTime" : 2348.2,
    "pct3ResTime" : 4786.760000000004,
    "throughput" : 0.41802706245457816,
    "receivedKBytesPerSec" : 156.53470847079834,
    "sentKBytesPerSec" : 2.0559309449469763
  },
  "2.4 Patient attending session" : {
    "transaction" : "2.4 Patient attending session",
    "sampleCount" : 1337,
    "errorCount" : 32,
    "errorPct" : 2.393418,
    "meanResTime" : 2342.8713537771173,
    "medianResTime" : 1943.0,
    "minResTime" : 469.0,
    "maxResTime" : 15121.0,
    "pct1ResTime" : 3632.8,
    "pct2ResTime" : 4552.9,
    "pct3ResTime" : 8743.899999999983,
    "throughput" : 0.37657845379759797,
    "receivedKBytesPerSec" : 145.30918769790085,
    "sentKBytesPerSec" : 1.8978435906072546
  },
  "Total" : {
    "transaction" : "Total",
    "sampleCount" : 17699,
    "errorCount" : 32,
    "errorPct" : 0.18080117,
    "meanResTime" : 1241.089948584664,
    "medianResTime" : 928.0,
    "minResTime" : 254.0,
    "maxResTime" : 24127.0,
    "pct1ResTime" : 2342.0,
    "pct2ResTime" : 3138.0,
    "pct3ResTime" : 5749.0,
    "throughput" : 4.914082000394259,
    "receivedKBytesPerSec" : 1863.4418836842913,
    "sentKBytesPerSec" : 23.559557501131412
  },
  "1.4 Open Sessions list" : {
    "transaction" : "1.4 Open Sessions list",
    "sampleCount" : 1500,
    "errorCount" : 0,
    "errorPct" : 0.0,
    "meanResTime" : 1421.0879999999993,
    "medianResTime" : 1245.5,
    "minResTime" : 723.0,
    "maxResTime" : 9584.0,
    "pct1ResTime" : 2031.7000000000003,
    "pct2ResTime" : 2366.8,
    "pct3ResTime" : 4155.860000000001,
    "throughput" : 0.4187384916704539,
    "receivedKBytesPerSec" : 180.09089837778615,
    "sentKBytesPerSec" : 1.7250580990933473
  },
  "4.2 Vaccination batch" : {
    "transaction" : "4.2 Vaccination batch",
    "sampleCount" : 1467,
    "errorCount" : 0,
    "errorPct" : 0.0,
    "meanResTime" : 901.6864349011574,
    "medianResTime" : 726.0,
    "minResTime" : 378.0,
    "maxResTime" : 6379.0,
    "pct1ResTime" : 1364.6000000000001,
    "pct2ResTime" : 1751.9999999999986,
    "pct3ResTime" : 3371.3199999999983,
    "throughput" : 0.42011127364450396,
    "receivedKBytesPerSec" : 155.0816583681326,
    "sentKBytesPerSec" : 2.166392001530242
  },
  "1.1 Homepage" : {
    "transaction" : "1.1 Homepage",
    "sampleCount" : 1506,
    "errorCount" : 0,
    "errorPct" : 0.0,
    "meanResTime" : 871.6128818061104,
    "medianResTime" : 660.0,
    "minResTime" : 366.0,
    "maxResTime" : 15316.0,
    "pct1ResTime" : 1399.1999999999998,
    "pct2ResTime" : 1856.6999999999975,
    "pct3ResTime" : 4280.94000000003,
    "throughput" : 0.4183221780752513,
    "receivedKBytesPerSec" : 155.36586314946533,
    "sentKBytesPerSec" : 2.04934910503081
  },
  "1.3 Sign-in" : {
    "transaction" : "1.3 Sign-in",
    "sampleCount" : 1501,
    "errorCount" : 0,
    "errorPct" : 0.0,
    "meanResTime" : 1059.8141239173897,
    "medianResTime" : 885.0,
    "minResTime" : 367.0,
    "maxResTime" : 14242.0,
    "pct1ResTime" : 1687.6,
    "pct2ResTime" : 2205.0999999999985,