{
  "4.3 Vaccination confirm" : {
    "transaction" : "4.3 Vaccination confirm",
    "sampleCount" : 732,
    "errorCount" : 0,
    "errorPct" : 0.0,
    "meanResTime" : 2956.228142076502,
    "medianResTime" : 2692.5,
    "minResTime" : 1684.0,
    "maxResTime" : 8427.0,
    "pct1ResTime" : 4131.0,
    "pct2ResTime" : 5027.800000000001,
    "pct3ResTime" : 6553.249999999993,
    "throughput" : 0.44120385968993975,
    "receivedKBytesPerSec" : 178.1877095407547,
    "sentKBytesPerSec" : 2.638468748926374
  },
  "4.1 Vaccination questions" : {
    "transaction" : "4.1 Vaccination questions",
    "sampleCount" : 752,
    "errorCount" : 0,
    "errorPct" : 0.0,
    "meanResTime" : 1783.7460106382978,
    "medianResTime" : 1646.0,
    "minResTime" : 807.0,
    "maxResTime" : 4168.0,
    "pct1ResTime" : 2294.1000000000004,
    "pct2ResTime" : 2539.7,
    "pct3ResTime" : 3050.2900000000054,
    "throughput" : 0.4398867291672395,
    "receivedKBytesPerSec" : 173.63552831705013,
    "sentKBytesPerSec" : 2.491766999070213
  },
  "2.0 Register attendance" : {
    "transaction" : "2.0 Register attendance",
    "sampleCount" : 780,
    "errorCount" : 18,
    "errorPct" : 2.3076923,
    "meanResTime" : 5196.914102564105,
    "medianResTime" : 5122.5,
    "minResTime" : 2021.0,
    "maxResTime" : 10138.0,
    "pct1ResTime" : 6624.4,
    "pct2ResTime" : 7150.499999999999,
    "pct3ResTime" : 8292.76,
    "throughput" : 0.4419932080377032,
    "receivedKBytesPerSec" : 894.770325981147,
    "sentKBytesPerSec" : 9.510959837833825
  },
  "1.0 Login" : {
    "transaction" : "1.0 Login",
    "sampleCount" : 793,
    "errorCount" : 0,
    "errorPct" : 0.0,
    "meanResTime" : 4878.375788146282,
    "medianResTime" : 4737.0,
    "minResTime" : 2563.0,
    "maxResTime" : 8035.0,
    "pct1ResTime" : 5800.0,
    "pct2ResTime" : 6210.799999999999,
    "pct3ResTime" : 7356.439999999999,
    "throughput" : 0.4432485366649824,
    "receivedKBytesPerSec" : 737.5337877445971,
    "sentKBytesPerSec" : 8.410677446069565
  },
  "4.0 Vaccination for menacwy" : {
    "transaction" : "4.0 Vaccination for menacwy",
    "sampleCount" : 182,
    "errorCount" : 0,
    "errorPct" : 0.0,
    "meanResTime" : 5780.472527472528,
    "medianResTime" : 5579.0,
    "minResTime" : 2326.0,
    "maxResTime" : 10298.0,
    "pct1ResTime" : 7609.900000000006,
    "pct2ResTime" : 8619.199999999999,
    "pct3ResTime" : 9971.809999999996,
    "throughput" : 0.10831715023529223,
    "receivedKBytesPerSec" : 128.40389876088454,
    "sentKBytesPerSec" : 1.8029614232486695
  },
  "2.5 Select patient" : {
    "transaction" : "2.5 Select patient",
    "sampleCount" : 773,
    "errorCount" : 0,
    "errorPct" : 0.0,
    "meanResTime" : 596.5058214747737,
    "medianResTime" : 465.0,
    "minResTime" : 350.0,
    "maxResTime" : 3292.0,
    "pct1ResTime" : 1013.2,
    "pct2ResTime" : 1354.2999999999995,
    "pct3ResTime" : 1883.0,
    "throughput" : 0.4433694471991727,
    "receivedKBytesPerSec" : 180.3105973166541,
    "sentKBytesPerSec" : 1.8270404691485413
  },
  "2.3 Search by first/last name" : {
    "transaction" : "2.3 Search by first/last name",
    "sampleCount" : 784,
    "errorCount" : 0,
    "errorPct" : 0.0,
    "meanResTime" : 584.4579081632648,
    "medianResTime" : 498.0,
    "minResTime" : 349.0,
    "maxResTime" : 2361.0,
    "pct1ResTime" : 946.0,
    "pct2ResTime" : 1184.75,
    "pct3ResTime" : 1739.249999999999,
    "throughput" : 0.4436532125811902,
    "receivedKBytesPerSec" : 180.6110346189916,
    "sentKBytesPerSec" : 1.900897314617751
  },
  "4.0 Vaccination for flu" : {
    "transaction" : "4.0 Vaccination for flu",
    "sampleCount" : 192,
    "errorCount" : 0,
    "errorPct" : 0.0,
    "meanResTime" : 5724.942708333334,
    "medianResTime" : 5582.5,
    "minResTime" : 2421.0,
    "maxResTime" : 10148.0,
    "pct1ResTime" : 7253.800000000002,
    "pct2ResTime" : 7976.799999999999,
    "pct3ResTime" : 9186.379999999994,
    "throughput" : 0.11420264545669757,
    "receivedKBytesPerSec" : 135.51040390003521,
    "sentKBytesPerSec" : 1.9019008662300398
  },
  "4.0 Vaccination for hpv" : {
    "transaction" : "4.0 Vaccination for hpv",
    "sampleCount" : 192,
    "errorCount" : 0,
    "errorPct" : 0.0,
    "meanResTime" : 5719.43229166667,
    "medianResTime" : 5585.0,
    "minResTime" : 2317.0,
    "maxResTime" : 11888.0,
    "pct1ResTime" : 7159.000000000002,
    "pct2ResTime" : 7924.799999999999,
    "pct3ResTime" : 11516.929999999997,
    "throughput" : 0.11338049253194583,
    "receivedKBytesPerSec" : 134.3077208157062,
    "sentKBytesPerSec" : 1.8908167078851998
  },
  "1.2 Sign-in page" : {
    "transaction" : "1.2 Sign-in page",
    "sampleCount" : 797,
    "errorCount" : 0,
    "errorPct" : 0.0,
    "meanResTime" : 1140.816813048934,
    "medianResTime" : 904.0,
    "minResTime" : 326.0,
    "maxResTime" : 3801.0,
    "pct1ResTime" : 1901.8000000000004,
    "pct2ResTime" : 2254.999999999998,
    "pct3ResTime" : 3055.059999999998,
    "throughput" : 0.4438177908008879,
    "receivedKBytesPerSec" : 178.33442042937284,
    "sentKBytesPerSec" : 2.155700396122692
  },
  "2.4 Patient attending session" : {
    "transaction" : "2.4 Patient attending session",
    "sampleCount" : 758,
    "errorCount" : 18,
    "errorPct" : 2.3746703,
    "meanResTime" : 2251.4102902374625,
    "medianResTime" : 2046.5,
    "minResTime" : 542.0,
    "maxResTime" : 7088.0,
    "pct1ResTime" : 3343.3,
    "pct2ResTime" : 3790.999999999999,
    "pct3ResTime" : 5118.82,
    "throughput" : 0.4308433844509873,
    "receivedKBytesPerSec" : 175.71550546387425,
    "sentKBytesPerSec" : 2.171389777203383
  },
  "Total" : {
    "transaction" : "Total",
    "sampleCount" : 9304,
    "errorCount" : 18,
    "errorPct" : 0.19346517,
    "meanResTime" : 1317.7998710232182,
    "medianResTime" : 1081.0,
    "minResTime" : 326.0,
    "maxResTime" : 8427.0,
    "pct1ResTime" : 2404.5,
    "pct2ResTime" : 2944.5,
    "pct3ResTime" : 4208.400000000023,
    "throughput" : 5.161633925648949,
    "receivedKBytesPerSec" : 2109.23474628803,
    "sentKBytesPerSec" : 24.675567769676512
  },
  "1.4 Open Sessions list" : {
    "transaction" : "1.4 Open Sessions list",
    "sampleCount" : 790,
    "errorCount" : 0,
    "errorPct" : 0.0,
    "meanResTime" : 1480.498734177215,
    "medianResTime" : 1295.5,
    "minResTime" : 781.0,
    "maxResTime" : 4178.0,
    "pct1ResTime" : 2249.6,
    "pct2ResTime" : 2426.35,
    "pct3ResTime" : 3269.9000000000005,
    "throughput" : 0.44281344605831574,
    "receivedKBytesPerSec" : 203.64877951120403,
    "sentKBytesPerSec" : 1.823277357603247
  },
  "4.2 Vaccination batch" : {
    "transaction" : "4.2 Vaccination batch",
    "sampleCount" : 749,
    "errorCount" : 0,
    "errorPct" : 0.0,
    "meanResTime" : 1065.8357810413877,
    "medianResTime" : 993.0,
    "minResTime" : 514.0,
    "maxResTime" : 4990.0,
    "pct1ResTime" : 1531.0,
    "pct2ResTime" : 1767.5,
    "pct3ResTime" : 2251.5,
    "throughput" : 0.4417815652633466,
    "receivedKBytesPerSec" : 175.5526799264543,
    "sentKBytesPerSec" : 2.277093501424141
  },
  "1.1 Homepage" : {
    "transaction" : "1.1 Homepage",
    "sampleCount" : 801,
    "errorCount" : 0,
    "errorPct" : 0.0,
    "meanResTime" : 964.9063670411987,
    "medianResTime" : 830.0,
    "minResTime" : 505.0,
    "maxResTime" : 3900.0,
    "pct1ResTime" : 1467.4000000000005,
    "pct2ResTime" : 1819.6999999999998,
    "pct3ResTime" : 2430.92,
    "throughput" : 0.44495031388161654,
    "receivedKBytesPerSec" : 178.60475523809563,
    "sentKBytesPerSec" : 2.148370124711074
  },
  "1.3 Sign-in" : {
    "transaction" : "1.3 Sign-in",
    "sampleCount" : 793,
    "errorCount" : 0,
    "errorPct" : 0.0,
    "meanResTime" : 1296.4640605296338,
    "medianResTime" : 1193.0,
    "minResTime" : 507.0,
    "maxResTime" : 4872.0,
    "pct1ResTime" : 1940.6,
    "pct2ResTime" : 2284.2999999999993,
    "pct3ResTime" : 2778.339999999998,
    "throughput" : 0.443602612612411,