{
  "2.0 Register attendance" : {
    "transaction" : "2.0 Register attendance",
    "sampleCount" : 98,
    "errorCount" : 0,
    "errorPct" : 0.0,
    "meanResTime" : 1762.1734693877547,
    "medianResTime" : 1711.5,
    "minResTime" : 1335.0,
    "maxResTime" : 2786.0,
    "pct1ResTime" : 2057.4,
    "pct2ResTime" : 2083.2,
    "pct3ResTime" : 2786.0,
    "throughput" : 0.12310660780998368,
    "receivedKBytesPerSec" : 16.528651963801632,
    "sentKBytesPerSec" : 0.5346535483281369
  },
  "1.4 Select Organisations" : {
    "transaction" : "1.4 Select Organisations",
    "sampleCount" : 25,
    "errorCount" : 0,
    "errorPct" : 0.0,
    "meanResTime" : 317.76,
    "medianResTime" : 314.0,
    "minResTime" : 298.0,
    "maxResTime" : 414.0,
    "pct1ResTime" : 324.20000000000005,
    "pct2ResTime" : 388.49999999999994,
    "pct3ResTime" : 414.0,
    "throughput" : 1.3090375955597444,
    "receivedKBytesPerSec" : 18.807188579956016,
    "sentKBytesPerSec" : 1.8919683998324432
  },
  "2.3 Search by first/last name" : {
    "transaction" : "2.3 Search by first/last name",
    "sampleCount" : 100,
    "errorCount" : 0,
    "errorPct" : 0.0,
    "meanResTime" : 262.27,
    "medianResTime" : 231.0,
    "minResTime" : 207.0,
    "maxResTime" : 536.0,
    "pct1ResTime" : 334.6,
    "pct2ResTime" : 522.8499999999999,
    "pct3ResTime" : 535.99,
    "throughput" : 0.1258662746351766,
    "receivedKBytesPerSec" : 2.8509202870002794,
    "sentKBytesPerSec" : 0.10857072433838393
  },
  "1.2 Sign-in page" : {
    "transaction" : "1.2 Sign-in page",
    "sampleCount" : 25,
    "errorCount" : 0,
    "errorPct" : 0.0,
    "meanResTime" : 105.72,
    "medianResTime" : 105.0,
    "minResTime" : 99.0,
    "maxResTime" : 125.0,
    "pct1ResTime" : 109.4,
    "pct2ResTime" : 120.49999999999999,
    "pct3ResTime" : 125.0,
    "throughput" : 2.6957084321759757,
    "receivedKBytesPerSec" : 16.24532884273237,
    "sentKBytesPerSec" : 1.6242696314966574
  },
  "3.0 Nurse triage" : {
    "transaction" : "3.0 Nurse triage",
    "sampleCount" : 97,
    "errorCount" : 0,
    "errorPct" : 0.0,
    "meanResTime" : 1234.5154639175257,
    "medianResTime" : 1259.0,
    "minResTime" : 999.0,
    "maxResTime" : 1663.0,
    "pct1ResTime" : 1398.2,
    "pct2ResTime" : 1535.6999999999998,
    "pct3ResTime" : 1663.0,
    "throughput" : 0.12145191380670364,
    "receivedKBytesPerSec" : 11.453300144693678,
    "sentKBytesPerSec" : 0.36361476345048643
  },
  "2.4 Patient attending session" : {
    "transaction" : "2.4 Patient attending session",
    "sampleCount" : 98,
    "errorCount" : 0,
    "errorPct" : 0.0,
    "meanResTime" : 479.8265306122448,
    "medianResTime" : 428.0,
    "minResTime" : 387.0,
    "maxResTime" : 745.0,
    "pct1ResTime" : 711.2,
    "pct2ResTime" : 735.0,
    "pct3ResTime" : 745.0,
    "throughput" : 0.12308743478249946,
    "receivedKBytesPerSec" : 2.8535906853740727,
    "sentKBytesPerSec" : 0.18294831615133222
  },
  "1.1 Homepage" : {
    "transaction" : "1.1 Homepage",
    "sampleCount" : 25,
    "errorCount" : 0,
    "errorPct" : 0.0,
    "meanResTime" : 356.0,
    "medianResTime" : 314.0,
    "minResTime" : 296.0,
    "maxResTime" : 867.0,
    "pct1ResTime" : 584.2,
    "pct2ResTime" : 785.3999999999999,
    "pct3ResTime" : 867.0,
    "throughput" : 2.6354627872654435,
    "receivedKBytesPerSec" : 13.601973467478388,
    "sentKBytesPerSec" : 1.4284002411448449
  },
  "1.3 Sign-in" : {
    "transaction" : "1.3 Sign-in",
    "sampleCount" : 25,
    "errorCount" : 0,
    "errorPct" : 0.0,
    "meanResTime" : 481.3999999999999,
    "medianResTime" : 446.0,
    "minResTime" : 432.0,
    "maxResTime" : 1079.0,
    "pct1ResTime" : 531.0000000000002,
    "pct2ResTime" : 937.0999999999997,
    "pct3ResTime" : 1079.0,
    "throughput" : 1.3461849119595066,
    "receivedKBytesPerSec" : 13.063515107560173,
    "sentKBytesPerSec" : 2.117874895670669
  },
  "5.9 Patient return to activity vaccination page" : {
    "transaction" : "5.9 Patient return to activity vaccination page",
    "sampleCount" : 26,
    "errorCount" : 0,
    "errorPct" : 0.0,
    "meanResTime" : 279.65384615384625,
    "medianResTime" : 249.0,
    "minResTime" : 223.0,
    "maxResTime" : 440.0,
    "pct1ResTime" : 434.5,
    "pct2ResTime" : 439.3,
    "pct3ResTime" : 440.0,
    "throughput" : 0.033039115771603136,
    "receivedKBytesPerSec" : 0.5952215610251529,
    "sentKBytesPerSec" : 0.02306930446942992
  },
  "2.1 Open session" : {
    "transaction" : "2.1 Open session",
    "sampleCount" : 100,
    "errorCount" : 0,
    "errorPct" : 0.0,
    "meanResTime" : 321.79,
    "medianResTime" : 268.5,
    "minResTime" : 219.0,
    "maxResTime" : 619.0,
    "pct1ResTime" : 529.9000000000001,
    "pct2ResTime" : 562.75,
    "pct3ResTime" : 618.6799999999998,
    "throughput" : 0.12569935981316047,
    "receivedKBytesPerSec" : 2.107191415535058,
    "sentKBytesPerSec" : 0.08123198374644428
  },
  "3.3 Nurse triage complete" : {
    "transaction" : "3.3 Nurse triage complete",
    "sampleCount" : 97,
    "errorCount" : 0,
    "errorPct" : 0.0,
    "meanResTime" : 289.783505154639,
    "medianResTime" : 265.0,
    "minResTime" : 233.0,
    "maxResTime" : 610.0,
    "pct1ResTime" : 377.40000000000003,
    "pct2ResTime" : 550.0999999999999,
    "pct3ResTime" : 610.0,
    "throughput" : 0.12150531303902325,
    "receivedKBytesPerSec" : 2.8378147649154037,
    "sentKBytesPerSec" : 0.08211101232715243
  },
  "4.3 Vaccination confirm" : {
    "transaction" : "4.3 Vaccination confirm",
    "sampleCount" : 97,
    "errorCount" : 0,
    "errorPct" : 0.0,
    "meanResTime" : 774.7628865979382,
    "medianResTime" : 724.0,
    "minResTime" : 637.0,
    "maxResTime" : 1049.0,
    "pct1ResTime" : 986.4,
    "pct2ResTime" : 1000.3,
    "pct3ResTime" : 1049.0,
    "throughput" : 0.12208967171723528,
    "receivedKBytesPerSec" : 2.9788279537047293,
    "sentKBytesPerSec" : 0.28394993599732155
  },
  "4.1 Vaccination questions" : {
    "transaction" : "4.1 Vaccination questions",
    "sampleCount" : 98,
    "errorCount" : 1,
    "errorPct" : 1.0204082,
    "meanResTime" : 475.173469387755,
    "medianResTime" : 528.0,
    "minResTime" : 300.0,
    "maxResTime" : 587.0,
    "pct1ResTime" : 559.0,
    "pct2ResTime" : 567.1,
    "pct3ResTime" : 587.0,
    "throughput" : 0.1182523747007491,
    "receivedKBytesPerSec" : 1.3672541960739004,
    "sentKBytesPerSec" : 0.239205586881709
  },
  "3.1 Nurse triage new" : {
    "transaction" : "3.1 Nurse triage new",
    "sampleCount" : 97,
    "errorCount" : 0,
    "errorPct" : 0.0,
    "meanResTime" : 271.27835051546407,
    "medianResTime" : 220.0,
    "minResTime" : 199.0,
    "maxResTime" : 469.0,
    "pct1ResTime" : 413.4,
    "pct2ResTime" : 432.2,
    "pct3ResTime" : 469.0,
    "throughput" : 0.12099002268874756,
    "receivedKBytesPerSec" : 1.3630891286410824,
    "sentKBytesPerSec" : 0.08318064059851393
  },
  "3.2 Nurse triage result" : {
    "transaction" : "3.2 Nurse triage result",
    "sampleCount" : 97,
    "errorCount" : 0,
    "errorPct" : 0.0,
    "meanResTime" : 673.4536082474226,
    "medianResTime" : 598.0,
    "minResTime" : 438.0,
    "maxResTime" : 1066.0,
    "pct1ResTime" : 884.8000000000001,
    "pct2ResTime" : 919.3999999999999,
    "pct3ResTime" : 1066.0,
    "throughput" : 0.12190876448609171,
    "receivedKBytesPerSec" : 7.275705252413982,
    "sentKBytesPerSec" : 0.1987865954086897
  },
  "1.0 Login" : {
    "transaction" : "1.0 Login",
    "sampleCount" : 25,
    "errorCount" : 0,
    "errorPct" : 0.0,
    "meanResTime" : 1476.36,
    "medianResTime" : 1409.0,
    "minResTime" : 1338.0,
    "maxResTime" : 2159.0,
    "pct1ResTime" : 1797.0000000000007,
    "pct2ResTime" : 2110.7,
    "pct3ResTime" : 2159.0,
    "throughput" : 2.3564897728343857,
    "receivedKBytesPerSec" : 110.74121176595344,
    "sentKBytesPerSec" : 11.218640275944953
  },
  "5.0 Consent" : {
    "transaction" : "5.0 Consent",
    "sampleCount" : 71,
    "errorCount" : 71,