{
  "7.3 Safe to vaccinate" : {
    "transaction" : "7.3 Safe to vaccinate",
    "sampleCount" : 28,
    "errorCount" : 0,
    "errorPct" : 0.0,
    "meanResTime" : 100.10714285714286,
    "medianResTime" : 86.5,
    "minResTime" : 65.0,
    "maxResTime" : 211.0,
    "pct1ResTime" : 177.60000000000002,
    "pct2ResTime" : 202.44999999999993,
    "pct3ResTime" : 211.0,
    "throughput" : 0.008311503268943919,
    "receivedKBytesPerSec" : 3.3593106461451696,
    "sentKBytesPerSec" : 0.03639906208025053
  },
  "2.0 Register attendance" : {
    "transaction" : "2.0 Register attendance",
    "sampleCount" : 1527,
    "errorCount" : 15,
    "errorPct" : 0.9823183,
    "meanResTime" : 1558.1532416502941,
    "medianResTime" : 1467.0,
    "minResTime" : 527.0,
    "maxResTime" : 5359.0,
    "pct1ResTime" : 2227.0,
    "pct2ResTime" : 2610.1999999999975,
    "pct3ResTime" : 3559.4400000000032,
    "throughput" : 0.44183529178924197,
    "receivedKBytesPerSec" : 871.9679836941763,
    "sentKBytesPerSec" : 9.304297672856121
  },
  "2.5 Select patient" : {
    "transaction" : "2.5 Select patient",
    "sampleCount" : 1527,
    "errorCount" : 0,
    "errorPct" : 0.0,
    "meanResTime" : 153.6037982973149,
    "medianResTime" : 108.0,
    "minResTime" : 67.0,
    "maxResTime" : 2083.0,
    "pct1ResTime" : 261.20000000000005,
    "pct2ResTime" : 389.7999999999997,
    "pct3ResTime" : 960.9200000000003,
    "throughput" : 0.44284898936466394,
    "receivedKBytesPerSec" : 180.12128015322733,
    "sentKBytesPerSec" : 1.840084439930159
  },
  "2.3 Search by first/last name" : {
    "transaction" : "2.3 Search by first/last name",
    "sampleCount" : 1527,
    "errorCount" : 0,
    "errorPct" : 0.0,
    "meanResTime" : 133.77341191879518,
    "medianResTime" : 95.0,
    "minResTime" : 62.0,
    "maxResTime" : 2668.0,
    "pct1ResTime" : 227.0,
    "pct2ResTime" : 339.7999999999997,
    "pct3ResTime" : 756.0800000000011,
    "throughput" : 0.44220404690548387,
    "receivedKBytesPerSec" : 179.98453825414322,
    "sentKBytesPerSec" : 1.9098974594117788
  },
  "4.0 Vaccination for flu" : {
    "transaction" : "4.0 Vaccination for flu",
    "sampleCount" : 386,
    "errorCount" : 0,
    "errorPct" : 0.0,
    "meanResTime" : 1201.2227979274617,
    "medianResTime" : 1082.5,
    "minResTime" : 720.0,
    "maxResTime" : 4129.0,
    "pct1ResTime" : 1669.8000000000002,
    "pct2ResTime" : 1942.4999999999984,
    "pct3ResTime" : 3189.2299999999996,
    "throughput" : 0.11561102222307416,
    "receivedKBytesPerSec" : 138.16980281609804,
    "sentKBytesPerSec" : 1.9553335968588246
  },
  "4.0 Vaccination for hpv" : {
    "transaction" : "4.0 Vaccination for hpv",
    "sampleCount" : 378,
    "errorCount" : 0,
    "errorPct" : 0.0,
    "meanResTime" : 1186.8624338624354,
    "medianResTime" : 1047.0,
    "minResTime" : 697.0,
    "maxResTime" : 4805.0,
    "pct1ResTime" : 1653.1,
    "pct2ResTime" : 2174.5,
    "pct3ResTime" : 3432.869999999997,
    "throughput" : 0.11617700211700316,
    "receivedKBytesPerSec" : 138.6090229273047,
    "sentKBytesPerSec" : 1.9676441238333124
  },
  "1.2 Sign-in page" : {
    "transaction" : "1.2 Sign-in page",
    "sampleCount" : 1625,
    "errorCount" : 0,
    "errorPct" : 0.0,
    "meanResTime" : 199.5359999999998,
    "medianResTime" : 125.0,
    "minResTime" : 16.0,
    "maxResTime" : 2812.0,
    "pct1ResTime" : 348.0,
    "pct2ResTime" : 524.0999999999995,
    "pct3ResTime" : 1518.14,
    "throughput" : 0.45338643395247785,
    "receivedKBytesPerSec" : 183.03113067653766,
    "sentKBytesPerSec" : 2.2519864930426805
  },
  "7.1 Name search" : {
    "transaction" : "7.1 Name search",
    "sampleCount" : 29,
    "errorCount" : 0,
    "errorPct" : 0.0,
    "meanResTime" : 6612.862068965516,
    "medianResTime" : 6214.0,
    "minResTime" : 5592.0,
    "maxResTime" : 9141.0,
    "pct1ResTime" : 7926.0,
    "pct2ResTime" : 9087.5,
    "pct3ResTime" : 9141.0,
    "throughput" : 0.008305605023229919,
    "receivedKBytesPerSec" : 3.357201569498009,
    "sentKBytesPerSec" : 0.03598321707514969
  },
  "2.4 Patient attending session" : {
    "transaction" : "2.4 Patient attending session",
    "sampleCount" : 1275,
    "errorCount" : 15,
    "errorPct" : 1.1764706,
    "meanResTime" : 681.1654901960792,
    "medianResTime" : 577.0,
    "minResTime" : 103.0,
    "maxResTime" : 3939.0,
    "pct1ResTime" : 980.8000000000002,
    "pct2ResTime" : 1261.8000000000004,
    "pct3ResTime" : 2498.840000000001,
    "throughput" : 0.3690559202213988,
    "receivedKBytesPerSec" : 150.606690620205,
    "sentKBytesPerSec" : 1.8787999191550444
  },
  "Check STS status" : {
    "transaction" : "Check STS status",
    "sampleCount" : 1,
    "errorCount" : 0,
    "errorPct" : 0.0,
    "meanResTime" : 28.0,
    "medianResTime" : 28.0,
    "minResTime" : 28.0,
    "maxResTime" : 28.0,
    "pct1ResTime" : 28.0,
    "pct2ResTime" : 28.0,
    "pct3ResTime" : 28.0,
    "throughput" : 35.714285714285715,
    "receivedKBytesPerSec" : 11.195591517857142,
    "sentKBytesPerSec" : 21.065848214285715
  },
  "1.1 Homepage" : {
    "transaction" : "1.1 Homepage",
    "sampleCount" : 1626,
    "errorCount" : 0,
    "errorPct" : 0.0,
    "meanResTime" : 197.45079950799484,
    "medianResTime" : 134.5,
    "minResTime" : 31.0,
    "maxResTime" : 2239.0,
    "pct1ResTime" : 328.29999999999995,
    "pct2ResTime" : 490.64999999999986,
    "pct3ResTime" : 1509.0300000000002,
    "throughput" : 0.45194184903696916,
    "receivedKBytesPerSec" : 182.47112471416625,
    "sentKBytesPerSec" : 2.236402682115749
  },
  "1.3 Sign-in" : {
    "transaction" : "1.3 Sign-in",
    "sampleCount" : 1625,
    "errorCount" : 0,
    "errorPct" : 0.0,
    "meanResTime" : 210.52000000000012,
    "medianResTime" : 133.0,
    "minResTime" : 76.0,
    "maxResTime" : 2958.0,
    "pct1ResTime" : 389.4000000000001,
    "pct2ResTime" : 540.6999999999998,
    "pct3ResTime" : 1453.88,
    "throughput" : 0.4535029685606625,
    "receivedKBytesPerSec" : 183.4069615570592,
    "sentKBytesPerSec" : 2.3640586478411305
  },
  "Run some searches" : {
    "transaction" : "Run some searches",
    "sampleCount" : 28,
    "errorCount" : 0,
    "errorPct" : 0.0,
    "meanResTime" : 10716.214285714279,
    "medianResTime" : 9830.0,
    "minResTime" : 9065.0,
    "maxResTime" : 23075.0,
    "pct1ResTime" : 13411.700000000003,
    "pct2ResTime" : 19276.099999999977,
    "pct3ResTime" : 23075.0,
    "throughput" : 0.008268443279512658,
    "receivedKBytesPerSec" : 18.52768067406786,
    "sentKBytesPerSec" : 0.18082865129656572
  },
  "4.0 Vaccination for td_ipv" : {
    "transaction" : "4.0 Vaccination for td_ipv",
    "sampleCount" : 382,
    "errorCount" : 0,
    "errorPct" : 0.0,
    "meanResTime" : 1200.623036649214,
    "medianResTime" : 1092.0,
    "minResTime" : 712.0,
    "maxResTime" : 3202.0,
    "pct1ResTime" : 1732.7999999999997,
    "pct2ResTime" : 2109.699999999997,
    "pct3ResTime" : 2527.540000000006,
    "throughput" : 0.11188093525432703,
    "receivedKBytesPerSec" : 134.2380623778865,
    "sentKBytesPerSec" : 1.8955084691964255
  },
  "2.1 Open session" : {
    "transaction" : "2.1 Open session",
    "sampleCount" : 1527,
    "errorCount" : 0,
    "errorPct" : 0.0,
    "meanResTime" : 546.7622789783887,
    "medianResTime" : 466.0,
    "minResTime" : 212.0,
    "maxResTime" : 3107.0,
    "pct1ResTime" : 886.0,
    "pct2ResTime" : 1113.1999999999998,
    "pct3ResTime" : 1756.16,
    "throughput" : 0.44199413163783574,
    "receivedKBytesPerSec" : 178.18405036714168,
    "sentKBytesPerSec" : 1.839727418318645
  },
  "4.3 Vaccination confirm" : {
    "transaction" : "4.3 Vaccination confirm",
    "sampleCount" : 1527,
    "errorCount" : 0,
    "errorPct" : 0.0,
    "meanResTime" : 846.251473477408,
    "medianResTime" : 724.0,
    "minResTime" : 466.0,
    "maxResTime" : 4480.0,
    "pct1ResTime" : 1257.2000000000003,
    "pct2ResTime" : 1603.3999999999996,
    "pct3ResTime" : 2552.32,
    "throughput" : 0.4420138347146145,