{
  "5.0 Consent for menacwy" : {
    "transaction" : "5.0 Consent for menacwy",
    "sampleCount" : 15,
    "errorCount" : 0,
    "errorPct" : 0.0,
    "meanResTime" : 13634.666666666664,
    "medianResTime" : 11988.0,
    "minResTime" : 6167.0,
    "maxResTime" : 26810.0,
    "pct1ResTime" : 25436.600000000002,
    "pct2ResTime" : 26810.0,
    "pct3ResTime" : 26810.0,
    "throughput" : 0.0030725830140236783,
    "receivedKBytesPerSec" : 0.6884230263416637,
    "sentKBytesPerSec" : 0.04913352294840559
  },
  "2.0 Register attendance" : {
    "transaction" : "2.0 Register attendance",
    "sampleCount" : 1423,
    "errorCount" : 0,
    "errorPct" : 0.0,
    "meanResTime" : 12033.852424455374,
    "medianResTime" : 10446.0,
    "minResTime" : 4324.0,
    "maxResTime" : 40392.0,
    "pct1ResTime" : 19763.2,
    "pct2ResTime" : 23596.399999999994,
    "pct3ResTime" : 31120.079999999998,
    "throughput" : 0.2677165620979195,
    "receivedKBytesPerSec" : 70.22013786691561,
    "sentKBytesPerSec" : 1.1560316542616507
  },
  "2.5 Select patient" : {
    "transaction" : "2.5 Select patient",
    "sampleCount" : 1386,
    "errorCount" : 0,
    "errorPct" : 0.0,
    "meanResTime" : 1141.1385281385283,
    "medianResTime" : 775.0,
    "minResTime" : 407.0,
    "maxResTime" : 13233.0,
    "pct1ResTime" : 1826.8999999999994,
    "pct2ResTime" : 3906.5499999999993,
    "pct3ResTime" : 7899.979999999947,
    "throughput" : 0.26145600814022346,
    "receivedKBytesPerSec" : 6.823157092675686,
    "sentKBytesPerSec" : 0.18128297439410024
  },
  "1.4 Select Organisations" : {
    "transaction" : "1.4 Select Organisations",
    "sampleCount" : 121,
    "errorCount" : 0,
    "errorPct" : 0.0,
    "meanResTime" : 599.859504132231,
    "medianResTime" : 521.0,
    "minResTime" : 478.0,
    "maxResTime" : 1614.0,
    "pct1ResTime" : 797.3999999999999,
    "pct2ResTime" : 1086.499999999999,
    "pct3ResTime" : 1601.46,
    "throughput" : 0.1351094833458021,
    "receivedKBytesPerSec" : 1.941407165966926,
    "sentKBytesPerSec" : 0.1952754251482296
  },
  "2.5 Select menacwy" : {
    "transaction" : "2.5 Select menacwy",
    "sampleCount" : 996,
    "errorCount" : 0,
    "errorPct" : 0.0,
    "meanResTime" : 1165.444779116466,
    "medianResTime" : 774.0,
    "minResTime" : 408.0,
    "maxResTime" : 12832.0,
    "pct1ResTime" : 1956.1000000000004,
    "pct2ResTime" : 4081.0499999999997,
    "pct3ResTime" : 6883.729999999992,
    "throughput" : 0.19663870224774224,
    "receivedKBytesPerSec" : 4.524945154386059,
    "sentKBytesPerSec" : 0.1371094076219609
  },
  "2.3 Search by first/last name" : {
    "transaction" : "2.3 Search by first/last name",
    "sampleCount" : 1433,
    "errorCount" : 0,
    "errorPct" : 0.0,
    "meanResTime" : 2072.669923237965,
    "medianResTime" : 1521.0,
    "minResTime" : 760.0,
    "maxResTime" : 14692.0,
    "pct1ResTime" : 3709.600000000005,
    "pct2ResTime" : 5648.2999999999965,
    "pct3ResTime" : 10298.520000000002,
    "throughput" : 0.26874516263395765,
    "receivedKBytesPerSec" : 21.22620919470174,
    "sentKBytesPerSec" : 0.23185669355259161
  },
  "2.5 Select td_ipv" : {
    "transaction" : "2.5 Select td_ipv",
    "sampleCount" : 983,
    "errorCount" : 0,
    "errorPct" : 0.0,
    "meanResTime" : 1153.395727365208,
    "medianResTime" : 790.0,
    "minResTime" : 410.0,
    "maxResTime" : 13048.0,
    "pct1ResTime" : 1976.8000000000006,
    "pct2ResTime" : 3732.7999999999993,
    "pct3ResTime" : 6948.759999999998,
    "throughput" : 0.19777167853229674,
    "receivedKBytesPerSec" : 4.620235207400222,
    "sentKBytesPerSec" : 0.13770625663430427
  },
  "4.0 Vaccination for flu" : {
    "transaction" : "4.0 Vaccination for flu",
    "sampleCount" : 1366,
    "errorCount" : 0,
    "errorPct" : 0.0,
    "meanResTime" : 5674.3887262079115,
    "medianResTime" : 4169.5,
    "minResTime" : 2170.0,
    "maxResTime" : 28672.0,
    "pct1ResTime" : 11072.8,
    "pct2ResTime" : 14100.599999999966,
    "pct3ResTime" : 19516.619999999948,
    "throughput" : 0.26097219977402786,
    "receivedKBytesPerSec" : 13.686835549865654,
    "sentKBytesPerSec" : 1.5401323295981448
  },
  "5.8 Consent confirm" : {
    "transaction" : "5.8 Consent confirm",
    "sampleCount" : 80,
    "errorCount" : 0,
    "errorPct" : 0.0,
    "meanResTime" : 2550.525,
    "medianResTime" : 1899.0,
    "minResTime" : 1093.0,
    "maxResTime" : 9784.0,
    "pct1ResTime" : 4840.500000000002,
    "pct2ResTime" : 6817.850000000001,
    "pct3ResTime" : 9784.0,
    "throughput" : 0.01570042644320773,
    "receivedKBytesPerSec" : 1.5559406255501282,
    "sentKBytesPerSec" : 0.034622583459051226
  },
  "4.0 Vaccination for hpv" : {
    "transaction" : "4.0 Vaccination for hpv",
    "sampleCount" : 1334,
    "errorCount" : 0,
    "errorPct" : 0.0,
    "meanResTime" : 5551.088455772114,
    "medianResTime" : 4107.0,
    "minResTime" : 2325.0,
    "maxResTime" : 30764.0,
    "pct1ResTime" : 10557.5,
    "pct2ResTime" : 14292.25,
    "pct3ResTime" : 20356.450000000026,
    "throughput" : 0.2606303581615987,
    "receivedKBytesPerSec" : 13.364825888443761,
    "sentKBytesPerSec" : 1.5389882116781548
  },
  "1.2 Sign-in page" : {
    "transaction" : "1.2 Sign-in page",
    "sampleCount" : 121,
    "errorCount" : 0,
    "errorPct" : 0.0,
    "meanResTime" : 122.5206611570248,
    "medianResTime" : 121.0,
    "minResTime" : 114.0,
    "maxResTime" : 153.0,
    "pct1ResTime" : 131.0,
    "pct2ResTime" : 136.79999999999998,
    "pct3ResTime" : 151.9,
    "throughput" : 0.1356325858969013,
    "receivedKBytesPerSec" : 0.8173717652048612,
    "sentKBytesPerSec" : 0.08172393115076963
  },
  "5.9 Patient home page" : {
    "transaction" : "5.9 Patient home page",
    "sampleCount" : 78,
    "errorCount" : 0,
    "errorPct" : 0.0,
    "meanResTime" : 925.7307692307689,
    "medianResTime" : 638.0,
    "minResTime" : 425.0,
    "maxResTime" : 6556.0,
    "pct1ResTime" : 1650.5000000000002,
    "pct2ResTime" : 2133.8499999999985,
    "pct3ResTime" : 6556.0,
    "throughput" : 0.015635959579841718,
    "receivedKBytesPerSec" : 0.3811173139110326,
    "sentKBytesPerSec" : 0.011669806972074375
  },
  "2.4 Patient attending session" : {
    "transaction" : "2.4 Patient attending session",
    "sampleCount" : 1387,
    "errorCount" : 0,
    "errorPct" : 0.0,
    "meanResTime" : 2758.966834895455,
    "medianResTime" : 1935.0,
    "minResTime" : 984.0,
    "maxResTime" : 24127.0,
    "pct1ResTime" : 5412.200000000002,
    "pct2ResTime" : 7444.599999999984,
    "pct3ResTime" : 12340.159999999993,
    "throughput" : 0.26077011600791977,
    "receivedKBytesPerSec" : 18.070883334150395,
    "sentKBytesPerSec" : 0.38758995758208387
  },
  "5.4 Consent route" : {
    "transaction" : "5.4 Consent route",
    "sampleCount" : 81,
    "errorCount" : 0,
    "errorPct" : 0.0,
    "meanResTime" : 1118.6296296296298,
    "medianResTime" : 727.0,
    "minResTime" : 497.0,
    "maxResTime" : 7553.0,
    "pct1ResTime" : 2116.5999999999995,
    "pct2ResTime" : 3516.9999999999995,
    "pct3ResTime" : 7553.0,
    "throughput" : 0.01581881094880447,
    "receivedKBytesPerSec" : 0.189964001036718,
    "sentKBytesPerSec" : 0.025124263107056635
  },
  "1.1 Homepage" : {
    "transaction" : "1.1 Homepage",
    "sampleCount" : 121,
    "errorCount" : 0,
    "errorPct" : 0.0,
    "meanResTime" : 375.84297520661147,
    "medianResTime" : 357.0,
    "minResTime" : 332.0,
    "maxResTime" : 1034.0,
    "pct1ResTime" : 408.0,
    "pct2ResTime" : 435.79999999999995,
    "pct3ResTime" : 936.9800000000005,
    "throughput" : 0.13558683888809828,
    "receivedKBytesPerSec" : 0.699781683128515,
    "sentKBytesPerSec" : 0.07348700740517045
  },
  "1.3 Sign-in" : {
    "transaction" : "1.3 Sign-in",
    "sampleCount" : 121,
    "errorCount" : 0,
    "errorPct" : 0.0,
    "meanResTime" : 597.6776859504132,
    "medianResTime" : 546.0,
    "minResTime" : 487.0,
    "maxResTime" : 1063.0,
    "pct1ResTime" : 788.6,