{
  "4.3 Vaccination confirm" : {
    "transaction" : "4.3 Vaccination confirm",
    "sampleCount" : 1553,
    "errorCount" : 0,
    "errorPct" : 0.0,
    "meanResTime" : 1082.3129426915623,
    "medianResTime" : 756.0,
    "minResTime" : 474.0,
    "maxResTime" : 18338.0,
    "pct1ResTime" : 1990.2000000000003,
    "pct2ResTime" : 2771.499999999999,
    "pct3ResTime" : 5470.240000000003,
    "throughput" : 0.44836174738092355,
    "receivedKBytesPerSec" : 187.792628363489,
    "sentKBytesPerSec" : 4.584572960877911
  },
  "4.1 Vaccination questions" : {
    "transaction" : "4.1 Vaccination questions",
    "sampleCount" : 1581,
    "errorCount" : 0,
    "errorPct" : 0.0,
    "meanResTime" : 245.52308665401662,
    "medianResTime" : 130.0,
    "minResTime" : 72.0,
    "maxResTime" : 4224.0,
    "pct1ResTime" : 488.5999999999999,
    "pct2ResTime" : 858.7999999999997,
    "pct3ResTime" : 1676.6800000000017,
    "throughput" : 0.45041669954813035,
    "receivedKBytesPerSec" : 184.5728083789258,
    "sentKBytesPerSec" : 4.191464053342898
  },
  "2.0 Register attendance" : {
    "transaction" : "2.0 Register attendance",
    "sampleCount" : 1614,
    "errorCount" : 38,
    "errorPct" : 2.354399,
    "meanResTime" : 2087.102230483272,
    "medianResTime" : 1700.0,
    "minResTime" : 407.0,
    "maxResTime" : 16336.0,
    "pct1ResTime" : 3734.0,
    "pct2ResTime" : 4807.75,
    "pct3ResTime" : 6697.899999999997,
    "throughput" : 0.45153837782459777,
    "receivedKBytesPerSec" : 934.5807951639092,
    "sentKBytesPerSec" : 16.40026196709589
  },
  "Reset counters" : {
    "transaction" : "Reset counters",
    "sampleCount" : 1,
    "errorCount" : 0,
    "errorPct" : 0.0,
    "meanResTime" : 34.0,
    "medianResTime" : 34.0,
    "minResTime" : 34.0,
    "maxResTime" : 34.0,
    "pct1ResTime" : 34.0,
    "pct2ResTime" : 34.0,
    "pct3ResTime" : 34.0,
    "throughput" : 29.41176470588235,
    "receivedKBytesPerSec" : 0.0,
    "sentKBytesPerSec" : 0.0
  },
  "1.0 Login" : {
    "transaction" : "1.0 Login",
    "sampleCount" : 1617,
    "errorCount" : 0,
    "errorPct" : 0.0,
    "meanResTime" : 1403.3778602350017,
    "medianResTime" : 1131.0,
    "minResTime" : 590.0,
    "maxResTime" : 6881.0,
    "pct1ResTime" : 2383.2000000000007,
    "pct2ResTime" : 3022.3999999999996,
    "pct3ResTime" : 4601.859999999995,
    "throughput" : 0.45121253952295365,
    "receivedKBytesPerSec" : 780.1691528068621,
    "sentKBytesPerSec" : 14.753331509700093
  },
  "4.0 Vaccination for menacwy" : {
    "transaction" : "4.0 Vaccination for menacwy",
    "sampleCount" : 384,
    "errorCount" : 0,
    "errorPct" : 0.0,
    "meanResTime" : 1603.703125,
    "medianResTime" : 1173.0,
    "minResTime" : 196.0,
    "maxResTime" : 18778.0,
    "pct1ResTime" : 3070.5,
    "pct2ResTime" : 3963.25,
    "pct3ResTime" : 5944.849999999988,
    "throughput" : 0.11076452327699149,
    "receivedKBytesPerSec" : 136.94179537709192,
    "sentKBytesPerSec" : 3.123983159952481
  },
  "2.5 Select patient" : {
    "transaction" : "2.5 Select patient",
    "sampleCount" : 1606,
    "errorCount" : 0,
    "errorPct" : 0.0,
    "meanResTime" : 199.12764632627673,
    "medianResTime" : 98.0,
    "minResTime" : 59.0,
    "maxResTime" : 6763.0,
    "pct1ResTime" : 355.29999999999995,
    "pct2ResTime" : 714.1499999999985,
    "pct3ResTime" : 2010.900000000002,
    "throughput" : 0.4526299887941666,
    "receivedKBytesPerSec" : 190.6820944219695,
    "sentKBytesPerSec" : 3.2376773837127044
  },
  "Initialise vaccination list" : {
    "transaction" : "Initialise vaccination list",
    "sampleCount" : 1,
    "errorCount" : 0,
    "errorPct" : 0.0,
    "meanResTime" : 42.0,
    "medianResTime" : 42.0,
    "minResTime" : 42.0,
    "maxResTime" : 42.0,
    "pct1ResTime" : 42.0,
    "pct2ResTime" : 42.0,
    "pct3ResTime" : 42.0,
    "throughput" : 23.809523809523807,
    "receivedKBytesPerSec" : 6.812686011904762,
    "sentKBytesPerSec" : 14.694940476190474
  },
  "2.3 Search by first/last name" : {
    "transaction" : "2.3 Search by first/last name",
    "sampleCount" : 1614,
    "errorCount" : 0,
    "errorPct" : 0.0,
    "meanResTime" : 181.06009913258993,
    "medianResTime" : 106.0,
    "minResTime" : 67.0,
    "maxResTime" : 3152.0,
    "pct1ResTime" : 306.0,
    "pct2ResTime" : 613.25,
    "pct3ResTime" : 1383.2499999999995,
    "throughput" : 0.45185301730871413,
    "receivedKBytesPerSec" : 192.1876811528334,
    "sentKBytesPerSec" : 3.3524704907119567
  },
  "4.0 Vaccination for flu" : {
    "transaction" : "4.0 Vaccination for flu",
    "sampleCount" : 401,
    "errorCount" : 0,
    "errorPct" : 0.0,
    "meanResTime" : 1553.2369077306732,
    "medianResTime" : 1186.0,
    "minResTime" : 194.0,
    "maxResTime" : 11112.0,
    "pct1ResTime" : 2750.0,
    "pct2ResTime" : 3722.7999999999984,
    "pct3ResTime" : 5695.320000000002,
    "throughput" : 0.1146965789242605,
    "receivedKBytesPerSec" : 141.65030457966134,
    "sentKBytesPerSec" : 3.231910683846889
  },
  "4.0 Vaccination for hpv" : {
    "transaction" : "4.0 Vaccination for hpv",
    "sampleCount" : 400,
    "errorCount" : 0,
    "errorPct" : 0.0,
    "meanResTime" : 1588.5925000000009,
    "medianResTime" : 1145.5,
    "minResTime" : 221.0,
    "maxResTime" : 8656.0,
    "pct1ResTime" : 2950.7000000000016,
    "pct2ResTime" : 3901.899999999999,
    "pct3ResTime" : 7371.770000000003,
    "throughput" : 0.1150734413086612,
    "receivedKBytesPerSec" : 142.1256857837695,
    "sentKBytesPerSec" : 3.2511025676372918
  },
  "1.2 Sign-in page" : {
    "transaction" : "1.2 Sign-in page",
    "sampleCount" : 1618,
    "errorCount" : 0,
    "errorPct" : 0.0,
    "meanResTime" : 233.87700865265768,
    "medianResTime" : 114.0,
    "minResTime" : 15.0,
    "maxResTime" : 4794.0,
    "pct1ResTime" : 516.4000000000005,
    "pct2ResTime" : 899.2999999999997,
    "pct3ResTime" : 1997.0799999999963,
    "throughput" : 0.4502644259935594,
    "receivedKBytesPerSec" : 187.7188482540183,
    "sentKBytesPerSec" : 3.785021471132568
  },
  "Debug Sampler" : {
    "transaction" : "Debug Sampler",
    "sampleCount" : 1614,
    "errorCount" : 0,
    "errorPct" : 0.0,
    "meanResTime" : 0.2639405204460968,
    "medianResTime" : 0.0,
    "minResTime" : 0.0,
    "maxResTime" : 3.0,
    "pct1ResTime" : 1.0,
    "pct2ResTime" : 1.0,
    "pct3ResTime" : 1.0,
    "throughput" : 0.45187123405642066,
    "receivedKBytesPerSec" : 2.6076484263318305,
    "sentKBytesPerSec" : 0.0
  },
  "2.4 Patient attending session" : {
    "transaction" : "2.4 Patient attending session",
    "sampleCount" : 1388,
    "errorCount" : 37,
    "errorPct" : 2.6657062,
    "meanResTime" : 869.9927953890489,
    "medianResTime" : 614.0,
    "minResTime" : 107.0,
    "maxResTime" : 14752.0,
    "pct1ResTime" : 1481.2000000000016,
    "pct2ResTime" : 2070.4999999999995,
    "pct3ResTime" : 4319.11,
    "throughput" : 0.3900492479327811,
    "receivedKBytesPerSec" : 166.17484047990388,
    "sentKBytesPerSec" : 3.3812346429524873
  },
  "Check STS status" : {
    "transaction" : "Check STS status",
    "sampleCount" : 1,
    "errorCount" : 0,
    "errorPct" : 0.0,
    "meanResTime" : 29.0,
    "medianResTime" : 29.0,
    "minResTime" : 29.0,
    "maxResTime" : 29.0,
    "pct1ResTime" : 29.0,
    "pct2ResTime" : 29.0,
    "pct3ResTime" : 29.0,
    "throughput" : 34.48275862068965,
    "receivedKBytesPerSec" : 10.775862068965516,
    "sentKBytesPerSec" : 20.339439655172413
  },
  "Total" : {
    "transaction" : "Total",
    "sampleCount" : 20638,
    "errorCount" : 38,
    "errorPct" : 0.18412636,
    "meanResTime" : 392.5751526310684,
    "medianResTime" : 147.0,
    "minResTime" : 0.0,
    "maxResTime" : 18338.0,
    "pct1ResTime" : 945.0,
    "pct2ResTime" : 1360.0,
    "pct3ResTime" : 2726.9900000000016,
    "throughput" : 5.4426669964933065,
    "receivedKBytesPerSec" : 2132.875055622396,
    "sentKBytesPerSec" : 41.13839031559385
  },