{
  "4.3 Vaccination confirm" : {
    "transaction" : "4.3 Vaccination confirm",
    "sampleCount" : 1639,
    "errorCount" : 0,
    "errorPct" : 0.0,
    "meanResTime" : 441.8364856619883,
    "medianResTime" : 401.0,
    "minResTime" : 330.0,
    "maxResTime" : 11181.0,
    "pct1ResTime" : 529.0,
    "pct2ResTime" : 589.0,
    "pct3ResTime" : 785.7999999999997,
    "throughput" : 0.47229250899127945,
    "receivedKBytesPerSec" : 210.3210267131986,
    "sentKBytesPerSec" : 4.881003345849518
  },
  "4.1 Vaccination questions" : {
    "transaction" : "4.1 Vaccination questions",
    "sampleCount" : 1666,
    "errorCount" : 0,
    "errorPct" : 0.0,
    "meanResTime" : 128.58583433373323,
    "medianResTime" : 104.0,
    "minResTime" : 78.0,
    "maxResTime" : 9080.0,
    "pct1ResTime" : 148.29999999999995,
    "pct2ResTime" : 198.0,
    "pct3ResTime" : 376.3099999999995,
    "throughput" : 0.47373621764567886,
    "receivedKBytesPerSec" : 207.6139415711706,
    "sentKBytesPerSec" : 4.453127499218023
  },
  "2.0 Register attendance" : {
    "transaction" : "2.0 Register attendance",
    "sampleCount" : 1688,
    "errorCount" : 0,
    "errorPct" : 0.0,
    "meanResTime" : 738.6635071090044,
    "medianResTime" : 698.0,
    "minResTime" : 384.0,
    "maxResTime" : 10964.0,
    "pct1ResTime" : 906.2000000000003,
    "pct2ResTime" : 1010.6499999999999,
    "pct3ResTime" : 1518.509999999996,
    "throughput" : 0.47236364837115696,
    "receivedKBytesPerSec" : 965.3157838022818,
    "sentKBytesPerSec" : 15.892046345331128
  },
  "Reset counters" : {
    "transaction" : "Reset counters",
    "sampleCount" : 1,
    "errorCount" : 0,
    "errorPct" : 0.0,
    "meanResTime" : 14.0,
    "medianResTime" : 14.0,
    "minResTime" : 14.0,
    "maxResTime" : 14.0,
    "pct1ResTime" : 14.0,
    "pct2ResTime" : 14.0,
    "pct3ResTime" : 14.0,
    "throughput" : 71.42857142857143,
    "receivedKBytesPerSec" : 0.0,
    "sentKBytesPerSec" : 0.0
  },
  "1.0 Login" : {
    "transaction" : "1.0 Login",
    "sampleCount" : 1700,
    "errorCount" : 0,
    "errorPct" : 0.0,
    "meanResTime" : 684.6805882352951,
    "medianResTime" : 636.0,
    "minResTime" : 232.0,
    "maxResTime" : 10694.0,
    "pct1ResTime" : 788.0,
    "pct2ResTime" : 864.0,
    "pct3ResTime" : 1059.89,
    "throughput" : 0.47336816766143597,
    "receivedKBytesPerSec" : 869.8558944169706,
    "sentKBytesPerSec" : 15.65101567057474
  },
  "4.0 Vaccination for menacwy" : {
    "transaction" : "4.0 Vaccination for menacwy",
    "sampleCount" : 416,
    "errorCount" : 0,
    "errorPct" : 0.0,
    "meanResTime" : 689.379807692307,
    "medianResTime" : 610.0,
    "minResTime" : 200.0,
    "maxResTime" : 9594.0,
    "pct1ResTime" : 780.3,
    "pct2ResTime" : 863.0499999999998,
    "pct3ResTime" : 1196.6999999999985,
    "throughput" : 0.11946995546010723,
    "receivedKBytesPerSec" : 157.8967723358918,
    "sentKBytesPerSec" : 3.409083749802918
  },
  "2.5 Select patient" : {
    "transaction" : "2.5 Select patient",
    "sampleCount" : 1686,
    "errorCount" : 0,
    "errorPct" : 0.0,
    "meanResTime" : 95.06880189798345,
    "medianResTime" : 83.0,
    "minResTime" : 60.0,
    "maxResTime" : 7438.0,
    "pct1ResTime" : 108.0,
    "pct2ResTime" : 136.0,
    "pct3ResTime" : 260.2999999999988,
    "throughput" : 0.4745928170968262,
    "receivedKBytesPerSec" : 213.23690437598646,
    "sentKBytesPerSec" : 3.4319238290843765
  },
  "Initialise vaccination list" : {
    "transaction" : "Initialise vaccination list",
    "sampleCount" : 1,
    "errorCount" : 0,
    "errorPct" : 0.0,
    "meanResTime" : 45.0,
    "medianResTime" : 45.0,
    "minResTime" : 45.0,
    "maxResTime" : 45.0,
    "pct1ResTime" : 45.0,
    "pct2ResTime" : 45.0,
    "pct3ResTime" : 45.0,
    "throughput" : 22.22222222222222,
    "receivedKBytesPerSec" : 6.380208333333334,
    "sentKBytesPerSec" : 13.715277777777779
  },
  "2.3 Search by first/last name" : {
    "transaction" : "2.3 Search by first/last name",
    "sampleCount" : 1690,
    "errorCount" : 0,
    "errorPct" : 0.0,
    "meanResTime" : 104.26745562130182,
    "medianResTime" : 83.0,
    "minResTime" : 67.0,
    "maxResTime" : 10335.0,
    "pct1ResTime" : 109.90000000000009,
    "pct2ResTime" : 151.79999999999927,
    "pct3ResTime" : 288.26999999999975,
    "throughput" : 0.472852925952351,
    "receivedKBytesPerSec" : 214.189514193457,
    "sentKBytesPerSec" : 3.5452370538149998
  },
  "4.0 Vaccination for flu" : {
    "transaction" : "4.0 Vaccination for flu",
    "sampleCount" : 410,
    "errorCount" : 0,
    "errorPct" : 0.0,
    "meanResTime" : 670.8463414634149,
    "medianResTime" : 614.5,
    "minResTime" : 192.0,
    "maxResTime" : 8536.0,
    "pct1ResTime" : 768.8000000000001,
    "pct2ResTime" : 835.1499999999999,
    "pct3ResTime" : 2029.4999999999884,
    "throughput" : 0.11724908481369836,
    "receivedKBytesPerSec" : 154.24920792970573,
    "sentKBytesPerSec" : 3.3270961012999205
  },
  "4.0 Vaccination for hpv" : {
    "transaction" : "4.0 Vaccination for hpv",
    "sampleCount" : 416,
    "errorCount" : 0,
    "errorPct" : 0.0,
    "meanResTime" : 693.4326923076923,
    "medianResTime" : 615.5,
    "minResTime" : 191.0,
    "maxResTime" : 11244.0,
    "pct1ResTime" : 803.6,
    "pct2ResTime" : 882.8499999999996,
    "pct3ResTime" : 1841.0999999999863,
    "throughput" : 0.11991289020331865,
    "receivedKBytesPerSec" : 157.96904455765548,
    "sentKBytesPerSec" : 3.4207441620834578
  },
  "1.2 Sign-in page" : {
    "transaction" : "1.2 Sign-in page",
    "sampleCount" : 1703,
    "errorCount" : 0,
    "errorPct" : 0.0,
    "meanResTime" : 94.75513799177925,
    "medianResTime" : 80.0,
    "minResTime" : 15.0,
    "maxResTime" : 10107.0,
    "pct1ResTime" : 113.0,
    "pct2ResTime" : 157.79999999999995,
    "pct3ResTime" : 287.72000000000025,
    "throughput" : 0.47357846511078205,
    "receivedKBytesPerSec" : 210.23448579942436,
    "sentKBytesPerSec" : 4.02881235835054
  },
  "Debug Sampler" : {
    "transaction" : "Debug Sampler",
    "sampleCount" : 1690,
    "errorCount" : 0,
    "errorPct" : 0.0,
    "meanResTime" : 0.27278106508875766,
    "medianResTime" : 0.0,
    "minResTime" : 0.0,
    "maxResTime" : 13.0,
    "pct1ResTime" : 1.0,
    "pct2ResTime" : 1.0,
    "pct3ResTime" : 1.0,
    "throughput" : 0.47287343360675116,
    "receivedKBytesPerSec" : 2.6970451159554214,
    "sentKBytesPerSec" : 0.0
  },
  "2.4 Patient attending session" : {
    "transaction" : "2.4 Patient attending session",
    "sampleCount" : 851,
    "errorCount" : 0,
    "errorPct" : 0.0,
    "meanResTime" : 322.3795534665107,
    "medianResTime" : 300.0,
    "minResTime" : 243.0,
    "maxResTime" : 1322.0,
    "pct1ResTime" : 393.0,
    "pct2ResTime" : 472.4,
    "pct3ResTime" : 638.3200000000002,
    "throughput" : 0.23889918847265093,
    "receivedKBytesPerSec" : 108.61101600854408,
    "sentKBytesPerSec" : 2.102534589500451
  },
  "Check STS status" : {
    "transaction" : "Check STS status",
    "sampleCount" : 1,
    "errorCount" : 0,
    "errorPct" : 0.0,
    "meanResTime" : 29.0,
    "medianResTime" : 29.0,
    "minResTime" : 29.0,
    "maxResTime" : 29.0,
    "pct1ResTime" : 29.0,
    "pct2ResTime" : 29.0,
    "pct3ResTime" : 29.0,
    "throughput" : 34.48275862068965,
    "receivedKBytesPerSec" : 10.809536637931034,
    "sentKBytesPerSec" : 20.339439655172413
  },
  "Total" : {
    "transaction" : "Total",
    "sampleCount" : 21088,
    "errorCount" : 0,
    "errorPct" : 0.0,
    "meanResTime" : 168.115326251896,
    "medianResTime" : 93.0,
    "minResTime" : 0.0,
    "maxResTime" : 11181.0,
    "pct1ResTime" : 381.0,
    "pct2ResTime" : 419.0,
    "pct3ResTime" : 557.9900000000016,
    "throughput" : 5.520493996253352,
    "receivedKBytesPerSec" : 2297.867177998071,
    "sentKBytesPerSec" : 42.04087517192642
  },
  "1.4 Open Sessions list" : {
    "transaction" : "1.4 Open Sessions list",
    "sampleCount" : 1698,
    "errorCount" : 0,
    "errorPct" : 0.0,