{
  "Prevent multiple runs" : {
    "transaction" : "Prevent multiple runs",
    "sampleCount" : 1,
    "errorCount" : 0,
    "errorPct" : 0.0,
    "meanResTime" : 15.0,
    "medianResTime" : 15.0,
    "minResTime" : 15.0,
    "maxResTime" : 15.0,
    "pct1ResTime" : 15.0,
    "pct2ResTime" : 15.0,
    "pct3ResTime" : 15.0,
    "throughput" : 66.66666666666667,
    "receivedKBytesPerSec" : 0.0,
    "sentKBytesPerSec" : 0.0
  },
  "2.0 Register attendance" : {
    "transaction" : "2.0 Register attendance",
    "sampleCount" : 100,
    "errorCount" : 35,
    "errorPct" : 35.0,
    "meanResTime" : 16033.650000000001,
    "medianResTime" : 17434.0,
    "minResTime" : 90.0,
    "maxResTime" : 41653.0,
    "pct1ResTime" : 33590.8,
    "pct2ResTime" : 37598.44999999998,
    "pct3ResTime" : 41621.40999999998,
    "throughput" : 1.0156821321199316,
    "receivedKBytesPerSec" : 250.98688794042516,
    "sentKBytesPerSec" : 3.0318210831488175
  },
  "Completed sessions list" : {
    "transaction" : "Completed sessions list",
    "sampleCount" : 1,
    "errorCount" : 0,
    "errorPct" : 0.0,
    "meanResTime" : 304.0,
    "medianResTime" : 304.0,
    "minResTime" : 304.0,
    "maxResTime" : 304.0,
    "pct1ResTime" : 304.0,
    "pct2ResTime" : 304.0,
    "pct3ResTime" : 304.0,
    "throughput" : 3.289473684210526,
    "receivedKBytesPerSec" : 50.40861430921053,
    "sentKBytesPerSec" : 1.998098273026316
  },
  "2.5 Select patient" : {
    "transaction" : "2.5 Select patient",
    "sampleCount" : 65,
    "errorCount" : 0,
    "errorPct" : 0.0,
    "meanResTime" : 1271.1384615384616,
    "medianResTime" : 770.0,
    "minResTime" : 304.0,
    "maxResTime" : 5339.0,
    "pct1ResTime" : 2695.1999999999994,
    "pct2ResTime" : 4672.799999999999,
    "pct3ResTime" : 5339.0,
    "throughput" : 0.7705621547288807,
    "receivedKBytesPerSec" : 18.29499323535339,
    "sentKBytesPerSec" : 0.53427649400147
  },
  "Vaccination" : {
    "transaction" : "Vaccination",
    "sampleCount" : 100,
    "errorCount" : 35,
    "errorPct" : 35.0,
    "meanResTime" : 20147.180000000004,
    "medianResTime" : 22821.0,
    "minResTime" : 90.0,
    "maxResTime" : 48600.0,
    "pct1ResTime" : 39337.200000000004,
    "pct2ResTime" : 41222.6,
    "pct3ResTime" : 48564.93999999998,
    "throughput" : 0.9491898664489858,
    "receivedKBytesPerSec" : 352.03662219217773,
    "sentKBytesPerSec" : 13.238445615573358
  },
  "1.4 Select Organisations" : {
    "transaction" : "1.4 Select Organisations",
    "sampleCount" : 70,
    "errorCount" : 0,
    "errorPct" : 0.0,
    "meanResTime" : 2229.3571428571427,
    "medianResTime" : 422.5,
    "minResTime" : 350.0,
    "maxResTime" : 18677.0,
    "pct1ResTime" : 9169.799999999997,
    "pct2ResTime" : 13070.500000000002,
    "pct3ResTime" : 18677.0,
    "throughput" : 0.8376412023741145,
    "receivedKBytesPerSec" : 12.035366221221041,
    "sentKBytesPerSec" : 1.2106533003063373
  },
  "Scheduled sessions list" : {
    "transaction" : "Scheduled sessions list",
    "sampleCount" : 1,
    "errorCount" : 0,
    "errorPct" : 0.0,
    "meanResTime" : 276.0,
    "medianResTime" : 276.0,
    "minResTime" : 276.0,
    "maxResTime" : 276.0,
    "pct1ResTime" : 276.0,
    "pct2ResTime" : 276.0,
    "pct3ResTime" : 276.0,
    "throughput" : 3.6231884057971016,
    "receivedKBytesPerSec" : 41.86834805253623,
    "sentKBytesPerSec" : 2.200803894927536
  },
  "2.5 Select menacwy" : {
    "transaction" : "2.5 Select menacwy",
    "sampleCount" : 46,
    "errorCount" : 0,
    "errorPct" : 0.0,
    "meanResTime" : 383.3913043478262,
    "medianResTime" : 357.0,
    "minResTime" : 306.0,
    "maxResTime" : 604.0,
    "pct1ResTime" : 559.1,
    "pct2ResTime" : 584.55,
    "pct3ResTime" : 604.0,
    "throughput" : 0.5084783233479981,
    "receivedKBytesPerSec" : 11.481555829676344,
    "sentKBytesPerSec" : 0.35454445592819406
  },
  "2.3 Search by first/last name" : {
    "transaction" : "2.3 Search by first/last name",
    "sampleCount" : 65,
    "errorCount" : 0,
    "errorPct" : 0.0,
    "meanResTime" : 6054.646153846154,
    "medianResTime" : 5535.0,
    "minResTime" : 1263.0,
    "maxResTime" : 20703.0,
    "pct1ResTime" : 10894.399999999998,
    "pct2ResTime" : 16686.899999999994,
    "pct3ResTime" : 20703.0,
    "throughput" : 0.7303124613777063,
    "receivedKBytesPerSec" : 82.59643021162208,
    "sentKBytesPerSec" : 0.6302456096985495
  },
  "2.5 Select td_ipv" : {
    "transaction" : "2.5 Select td_ipv",
    "sampleCount" : 46,
    "errorCount" : 0,
    "errorPct" : 0.0,
    "meanResTime" : 381.5652173913044,
    "medianResTime" : 352.0,
    "minResTime" : 303.0,
    "maxResTime" : 660.0,
    "pct1ResTime" : 574.7,
    "pct2ResTime" : 614.8,
    "pct3ResTime" : 660.0,
    "throughput" : 0.4315561351333602,
    "receivedKBytesPerSec" : 9.885396852806522,
    "sentKBytesPerSec" : 0.30048781674813074
  },
  "4.0 Vaccination for hpv" : {
    "transaction" : "4.0 Vaccination for hpv",
    "sampleCount" : 65,
    "errorCount" : 0,
    "errorPct" : 0.0,
    "meanResTime" : 1934.0000000000002,
    "medianResTime" : 1898.0,
    "minResTime" : 1744.0,
    "maxResTime" : 2838.0,
    "pct1ResTime" : 2104.2,
    "pct2ResTime" : 2145.2999999999997,
    "pct3ResTime" : 2838.0,
    "throughput" : 0.37442611996612885,
    "receivedKBytesPerSec" : 18.733901251951337,
    "sentKBytesPerSec" : 2.1779888114994903
  },
  "5.8 Consent confirm" : {
    "transaction" : "5.8 Consent confirm",
    "sampleCount" : 4,
    "errorCount" : 0,
    "errorPct" : 0.0,
    "meanResTime" : 898.0,
    "medianResTime" : 868.0,
    "minResTime" : 827.0,
    "maxResTime" : 1029.0,
    "pct1ResTime" : 1029.0,
    "pct2ResTime" : 1029.0,
    "pct3ResTime" : 1029.0,
    "throughput" : 0.07202275919190464,
    "receivedKBytesPerSec" : 5.960270164121863,
    "sentKBytesPerSec" : 0.15649476484569125
  },
  "1.2 Sign-in page" : {
    "transaction" : "1.2 Sign-in page",
    "sampleCount" : 70,
    "errorCount" : 0,
    "errorPct" : 0.0,
    "meanResTime" : 88.61428571428573,
    "medianResTime" : 88.0,
    "minResTime" : 84.0,
    "maxResTime" : 107.0,
    "pct1ResTime" : 92.9,
    "pct2ResTime" : 97.25000000000001,
    "pct3ResTime" : 107.0,
    "throughput" : 1.172136637642331,
    "receivedKBytesPerSec" : 7.06372577235432,
    "sentKBytesPerSec" : 0.7062581107669123
  },
  "5.9 Patient home page" : {
    "transaction" : "5.9 Patient home page",
    "sampleCount" : 4,
    "errorCount" : 0,
    "errorPct" : 0.0,
    "meanResTime" : 350.75,
    "medianResTime" : 356.5,
    "minResTime" : 312.0,
    "maxResTime" : 378.0,
    "pct1ResTime" : 378.0,
    "pct2ResTime" : 378.0,
    "pct3ResTime" : 378.0,
    "throughput" : 0.07917813100021774,
    "receivedKBytesPerSec" : 1.711782479116768,
    "sentKBytesPerSec" : 0.05899698628238881
  },
  "2.4 Patient attending session" : {
    "transaction" : "2.4 Patient attending session",
    "sampleCount" : 65,
    "errorCount" : 0,
    "errorPct" : 0.0,
    "meanResTime" : 5964.0615384615385,
    "medianResTime" : 5323.0,
    "minResTime" : 1345.0,
    "maxResTime" : 19964.0,
    "pct1ResTime" : 13452.6,
    "pct2ResTime" : 15027.299999999994,
    "pct3ResTime" : 19964.0,
    "throughput" : 0.7202375675915256,
    "receivedKBytesPerSec" : 68.61979022388307,
    "sentKBytesPerSec" : 1.070509353392873
  },
  "5.4 Consent route" : {
    "transaction" : "5.4 Consent route",
    "sampleCount" : 4,
    "errorCount" : 0,
    "errorPct" : 0.0,
    "meanResTime" : 402.75,
    "medianResTime" : 401.5,
    "minResTime" : 395.0,
    "maxResTime" : 413.0,
    "pct1ResTime" : 413.0,
    "pct2ResTime" : 413.0,
    "pct3ResTime" : 413.0,
    "throughput" : 0.07377079414259895,
    "receivedKBytesPerSec" : 0.8386024699384014,
    "sentKBytesPerSec" : 0.11476257330972668
  },
  "1.1 Homepage" : {
    "transaction" : "1.1 Homepage",
    "sampleCount" : 70,
    "errorCount" : 0,
    "errorPct" : 0.0,
    "meanResTime" : 261.3714285714286,
    "medianResTime" : 257.0,
    "minResTime" : 247.0,