{
  "7.3 Safe to vaccinate" : {
    "transaction" : "7.3 Safe to vaccinate",
    "sampleCount" : 26,
    "errorCount" : 0,
    "errorPct" : 0.0,
    "meanResTime" : 114.61538461538463,
    "medianResTime" : 91.5,
    "minResTime" : 78.0,
    "maxResTime" : 531.0,
    "pct1ResTime" : 150.00000000000006,
    "pct2ResTime" : 422.1499999999995,
    "pct3ResTime" : 531.0,
    "throughput" : 0.00770006242973693,
    "receivedKBytesPerSec" : 3.494893021514863,
    "sentKBytesPerSec" : 0.057277601558640714
  },
  "2.0 Register attendance" : {
    "transaction" : "2.0 Register attendance",
    "sampleCount" : 1631,
    "errorCount" : 7,
    "errorPct" : 0.42918456,
    "meanResTime" : 1352.5977927651777,
    "medianResTime" : 1308.0,
    "minResTime" : 568.0,
    "maxResTime" : 3770.0,
    "pct1ResTime" : 1817.6,
    "pct2ResTime" : 2010.7999999999984,
    "pct3ResTime" : 2513.800000000004,
    "throughput" : 0.4568926926862993,
    "receivedKBytesPerSec" : 1000.5801054803907,
    "sentKBytesPerSec" : 16.614243872182378
  },
  "2.5 Select patient" : {
    "transaction" : "2.5 Select patient",
    "sampleCount" : 1628,
    "errorCount" : 0,
    "errorPct" : 0.0,
    "meanResTime" : 116.72297297297288,
    "medianResTime" : 94.0,
    "minResTime" : 60.0,
    "maxResTime" : 1496.0,
    "pct1ResTime" : 159.0,
    "pct2ResTime" : 265.0999999999999,
    "pct3ResTime" : 707.4300000000012,
    "throughput" : 0.45852528916243934,
    "receivedKBytesPerSec" : 206.0481011938451,
    "sentKBytesPerSec" : 3.309146584944204
  },
  "7.1 Full name search" : {
    "transaction" : "7.1 Full name search",
    "sampleCount" : 27,
    "errorCount" : 0,
    "errorPct" : 0.0,
    "meanResTime" : 1785.2592592592591,
    "medianResTime" : 677.0,
    "minResTime" : 352.0,
    "maxResTime" : 8777.0,
    "pct1ResTime" : 5035.0,
    "pct2ResTime" : 7379.399999999992,
    "pct3ResTime" : 8777.0,
    "throughput" : 0.007670981925461921,
    "receivedKBytesPerSec" : 3.5170858381812047,
    "sentKBytesPerSec" : 0.05665783698765654
  },
  "2.3 Search by first/last name" : {
    "transaction" : "2.3 Search by first/last name",
    "sampleCount" : 1635,
    "errorCount" : 0,
    "errorPct" : 0.0,
    "meanResTime" : 111.24281345565743,
    "medianResTime" : 91.0,
    "minResTime" : 64.0,
    "maxResTime" : 1728.0,
    "pct1ResTime" : 145.4000000000001,
    "pct2ResTime" : 223.79999999999927,
    "pct3ResTime" : 557.5199999999913,
    "throughput" : 0.4575984004486983,
    "receivedKBytesPerSec" : 207.34995166310782,
    "sentKBytesPerSec" : 3.424293580720078
  },
  "4.0 Vaccination for flu" : {
    "transaction" : "4.0 Vaccination for flu",
    "sampleCount" : 421,
    "errorCount" : 1,
    "errorPct" : 0.2375297,
    "meanResTime" : 912.3657957244654,
    "medianResTime" : 819.0,
    "minResTime" : 181.0,
    "maxResTime" : 3686.0,
    "pct1ResTime" : 1228.2,
    "pct2ResTime" : 1481.8999999999996,
    "pct3ResTime" : 2059.5599999999986,
    "throughput" : 0.12013479066441388,
    "receivedKBytesPerSec" : 157.9434016215914,
    "sentKBytesPerSec" : 3.4044295370216333
  },
  "4.0 Vaccination for hpv" : {
    "transaction" : "4.0 Vaccination for hpv",
    "sampleCount" : 405,
    "errorCount" : 0,
    "errorPct" : 0.0,
    "meanResTime" : 887.535802469136,
    "medianResTime" : 827.0,
    "minResTime" : 181.0,
    "maxResTime" : 2174.0,
    "pct1ResTime" : 1172.4,
    "pct2ResTime" : 1353.4999999999998,
    "pct3ResTime" : 1744.9399999999998,
    "throughput" : 0.11601087580477175,
    "receivedKBytesPerSec" : 152.58318943195704,
    "sentKBytesPerSec" : 3.2969072946170668
  },
  "7.6 First name search" : {
    "transaction" : "7.6 First name search",
    "sampleCount" : 26,
    "errorCount" : 0,
    "errorPct" : 0.0,
    "meanResTime" : 2245.884615384615,
    "medianResTime" : 1552.5,
    "minResTime" : 771.0,
    "maxResTime" : 8447.0,
    "pct1ResTime" : 4497.200000000001,
    "pct2ResTime" : 7393.849999999996,
    "pct3ResTime" : 8447.0,
    "throughput" : 0.00769445212245543,
    "receivedKBytesPerSec" : 4.261402546859953,
    "sentKBytesPerSec" : 0.056770571765119154
  },
  "1.2 Sign-in page" : {
    "transaction" : "1.2 Sign-in page",
    "sampleCount" : 1675,
    "errorCount" : 0,
    "errorPct" : 0.0,
    "meanResTime" : 138.2364179104477,
    "medianResTime" : 94.0,
    "minResTime" : 13.0,
    "maxResTime" : 6321.0,
    "pct1ResTime" : 185.4000000000001,
    "pct2ResTime" : 301.39999999999964,
    "pct3ResTime" : 764.9200000000003,
    "throughput" : 0.4657509030701465,
    "receivedKBytesPerSec" : 208.1147581615373,
    "sentKBytesPerSec" : 3.9525706543251022
  },
  "2.4 Patient attending session" : {
    "transaction" : "2.4 Patient attending session",
    "sampleCount" : 1342,
    "errorCount" : 7,
    "errorPct" : 0.52160954,
    "meanResTime" : 553.2101341281673,
    "medianResTime" : 498.0,
    "minResTime" : 29.0,
    "maxResTime" : 2323.0,
    "pct1ResTime" : 752.7,
    "pct2ResTime" : 879.8499999999999,
    "pct3ResTime" : 1268.2799999999997,
    "throughput" : 0.3786587691953473,
    "receivedKBytesPerSec" : 172.04723280097022,
    "sentKBytesPerSec" : 3.3231712440901577
  },
  "Check STS status" : {
    "transaction" : "Check STS status",
    "sampleCount" : 1,
    "errorCount" : 0,
    "errorPct" : 0.0,
    "meanResTime" : 30.0,
    "medianResTime" : 30.0,
    "minResTime" : 30.0,
    "maxResTime" : 30.0,
    "pct1ResTime" : 30.0,
    "pct2ResTime" : 30.0,
    "pct3ResTime" : 30.0,
    "throughput" : 33.333333333333336,
    "receivedKBytesPerSec" : 10.44921875,
    "sentKBytesPerSec" : 19.661458333333336
  },
  "1.1 Homepage" : {
    "transaction" : "1.1 Homepage",
    "sampleCount" : 1677,
    "errorCount" : 0,
    "errorPct" : 0.0,
    "meanResTime" : 136.37924865831843,
    "medianResTime" : 95.0,
    "minResTime" : 26.0,
    "maxResTime" : 6051.0,
    "pct1ResTime" : 167.20000000000005,
    "pct2ResTime" : 266.59999999999945,
    "pct3ResTime" : 772.140000000001,
    "throughput" : 0.46587513268551595,
    "receivedKBytesPerSec" : 207.964658128962,
    "sentKBytesPerSec" : 3.9452134568254316
  },
  "1.3 Sign-in" : {
    "transaction" : "1.3 Sign-in",
    "sampleCount" : 1672,
    "errorCount" : 0,
    "errorPct" : 0.0,
    "meanResTime" : 154.42344497607664,
    "medianResTime" : 100.0,
    "minResTime" : 62.0,
    "maxResTime" : 5749.0,
    "pct1ResTime" : 278.4000000000001,
    "pct2ResTime" : 355.74999999999955,
    "pct3ResTime" : 764.0,
    "throughput" : 0.46551992478178056,
    "receivedKBytesPerSec" : 208.22248379755047,
    "sentKBytesPerSec" : 4.110612107193202
  },
  "Run some searches" : {
    "transaction" : "Run some searches",
    "sampleCount" : 26,
    "errorCount" : 0,
    "errorPct" : 0.0,
    "meanResTime" : 11372.884615384617,
    "medianResTime" : 9358.0,
    "minResTime" : 4519.0,
    "maxResTime" : 30500.0,
    "pct1ResTime" : 19724.000000000004,
    "pct2ResTime" : 28176.34999999999,
    "pct3ResTime" : 30500.0,
    "throughput" : 0.007688709012527273,
    "receivedKBytesPerSec" : 31.02999503080215,
    "sentKBytesPerSec" : 0.45597937315286163
  },
  "4.0 Vaccination for td_ipv" : {
    "transaction" : "4.0 Vaccination for td_ipv",
    "sampleCount" : 390,
    "errorCount" : 0,
    "errorPct" : 0.0,
    "meanResTime" : 935.2820512820523,
    "medianResTime" : 862.5,
    "minResTime" : 206.0,
    "maxResTime" : 2117.0,
    "pct1ResTime" : 1256.8000000000002,
    "pct2ResTime" : 1459.2999999999997,
    "pct3ResTime" : 1806.6999999999994,
    "throughput" : 0.11311685667398155,
    "receivedKBytesPerSec" : 149.69311976870793,
    "sentKBytesPerSec" : 3.2206430554625
  },
  "2.1 Open session" : {
    "transaction" : "2.1 Open session",
    "sampleCount" : 1641,
    "errorCount" : 0,
    "errorPct" : 0.0,
    "meanResTime" : 536.8580134064595,
    "medianResTime" : 502.0,
    "minResTime" : 113.0,
    "maxResTime" : 1958.0,
    "pct1ResTime" : 853.3999999999999,
    "pct2ResTime" : 951.8999999999999,
    "pct3ResTime" : 1203.58,