{
  "7.3 Safe to vaccinate" : {
    "transaction" : "7.3 Safe to vaccinate",
    "sampleCount" : 13,
    "errorCount" : 0,
    "errorPct" : 0.0,
    "meanResTime" : 153.23076923076925,
    "medianResTime" : 125.0,
    "minResTime" : 111.0,
    "maxResTime" : 377.0,
    "pct1ResTime" : 320.19999999999993,
    "pct2ResTime" : 377.0,
    "pct3ResTime" : 377.0,
    "throughput" : 0.008078985130317138,
    "receivedKBytesPerSec" : 3.471754508539798,
    "sentKBytesPerSec" : 0.03537651158588614
  },
  "2.0 Register attendance" : {
    "transaction" : "2.0 Register attendance",
    "sampleCount" : 694,
    "errorCount" : 7,
    "errorPct" : 1.0086455,
    "meanResTime" : 2279.8227665706054,
    "medianResTime" : 2067.5,
    "minResTime" : 448.0,
    "maxResTime" : 6232.0,
    "pct1ResTime" : 3422.5,
    "pct2ResTime" : 4198.0,
    "pct3ResTime" : 5558.65,
    "throughput" : 0.39421089373971513,
    "receivedKBytesPerSec" : 863.6849598177541,
    "sentKBytesPerSec" : 8.516625770777441
  },
  "2.5 Select patient" : {
    "transaction" : "2.5 Select patient",
    "sampleCount" : 687,
    "errorCount" : 0,
    "errorPct" : 0.0,
    "meanResTime" : 199.08442503639,
    "medianResTime" : 127.0,
    "minResTime" : 84.0,
    "maxResTime" : 2449.0,
    "pct1ResTime" : 355.8000000000002,
    "pct2ResTime" : 541.0000000000002,
    "pct3ResTime" : 1538.48,
    "throughput" : 0.39231093411117873,
    "receivedKBytesPerSec" : 165.39345385824527,
    "sentKBytesPerSec" : 1.631959905408523
  },
  "7.1 Full name search" : {
    "transaction" : "7.1 Full name search",
    "sampleCount" : 13,
    "errorCount" : 0,
    "errorPct" : 0.0,
    "meanResTime" : 696.5384615384615,
    "medianResTime" : 574.0,
    "minResTime" : 358.0,
    "maxResTime" : 1570.0,
    "pct1ResTime" : 1375.6,
    "pct2ResTime" : 1570.0,
    "pct3ResTime" : 1570.0,
    "throughput" : 0.007954913995141383,
    "receivedKBytesPerSec" : 3.416336176004002,
    "sentKBytesPerSec" : 0.03442627668720666
  },
  "2.3 Search by first/last name" : {
    "transaction" : "2.3 Search by first/last name",
    "sampleCount" : 699,
    "errorCount" : 0,
    "errorPct" : 0.0,
    "meanResTime" : 184.5579399141632,
    "medianResTime" : 120.0,
    "minResTime" : 80.0,
    "maxResTime" : 2069.0,
    "pct1ResTime" : 355.0,
    "pct2ResTime" : 523.0,
    "pct3ResTime" : 1070.0,
    "throughput" : 0.3947713968638547,
    "receivedKBytesPerSec" : 167.9694449268487,
    "sentKBytesPerSec" : 1.7068727074032344
  },
  "4.0 Vaccination for flu" : {
    "transaction" : "4.0 Vaccination for flu",
    "sampleCount" : 171,
    "errorCount" : 0,
    "errorPct" : 0.0,
    "meanResTime" : 1616.7836257309937,
    "medianResTime" : 1374.0,
    "minResTime" : 277.0,
    "maxResTime" : 5776.0,
    "pct1ResTime" : 2543.4,
    "pct2ResTime" : 2959.4,
    "pct3ResTime" : 4346.080000000002,
    "throughput" : 0.10035329053157901,
    "receivedKBytesPerSec" : 122.71099545255812,
    "sentKBytesPerSec" : 1.6737256993553329
  },
  "4.0 Vaccination for hpv" : {
    "transaction" : "4.0 Vaccination for hpv",
    "sampleCount" : 170,
    "errorCount" : 0,
    "errorPct" : 0.0,
    "meanResTime" : 1740.6529411764714,
    "medianResTime" : 1476.0,
    "minResTime" : 232.0,
    "maxResTime" : 6120.0,
    "pct1ResTime" : 3013.0,
    "pct2ResTime" : 4037.2,
    "pct3ResTime" : 5747.9599999999955,
    "throughput" : 0.10100109912960817,
    "receivedKBytesPerSec" : 123.29509529657932,
    "sentKBytesPerSec" : 1.6868181497489825
  },
  "7.6 First name search" : {
    "transaction" : "7.6 First name search",
    "sampleCount" : 13,
    "errorCount" : 0,
    "errorPct" : 0.0,
    "meanResTime" : 2233.846153846154,
    "medianResTime" : 1247.0,
    "minResTime" : 845.0,
    "maxResTime" : 9944.0,
    "pct1ResTime" : 7462.799999999997,
    "pct2ResTime" : 9944.0,
    "pct3ResTime" : 9944.0,
    "throughput" : 0.008078312403254441,
    "receivedKBytesPerSec" : 4.174404822566082,
    "sentKBytesPerSec" : 0.03490204774344771
  },
  "1.2 Sign-in page" : {
    "transaction" : "1.2 Sign-in page",
    "sampleCount" : 721,
    "errorCount" : 0,
    "errorPct" : 0.0,
    "meanResTime" : 239.82108183079083,
    "medianResTime" : 146.0,
    "minResTime" : 18.0,
    "maxResTime" : 1850.0,
    "pct1ResTime" : 504.2000000000003,
    "pct2ResTime" : 789.6999999999995,
    "pct3ResTime" : 1490.7999999999997,
    "throughput" : 0.4014072078482068,
    "receivedKBytesPerSec" : 167.71045186895836,
    "sentKBytesPerSec" : 1.9632544557383136
  },
  "2.4 Patient attending session" : {
    "transaction" : "2.4 Patient attending session",
    "sampleCount" : 657,
    "errorCount" : 7,
    "errorPct" : 1.065449,
    "meanResTime" : 1375.6666666666658,
    "medianResTime" : 1147.0,
    "minResTime" : 261.0,
    "maxResTime" : 5002.0,
    "pct1ResTime" : 2226.8,
    "pct2ResTime" : 2952.0,
    "pct3ResTime" : 4452.359999999993,
    "throughput" : 0.3728548079542359,
    "receivedKBytesPerSec" : 194.3793432335649,
    "sentKBytesPerSec" : 1.8985779811713999
  },
  "Check STS status" : {
    "transaction" : "Check STS status",
    "sampleCount" : 1,
    "errorCount" : 0,
    "errorPct" : 0.0,
    "meanResTime" : 30.0,
    "medianResTime" : 30.0,
    "minResTime" : 30.0,
    "maxResTime" : 30.0,
    "pct1ResTime" : 30.0,
    "pct2ResTime" : 30.0,
    "pct3ResTime" : 30.0,
    "throughput" : 33.333333333333336,
    "receivedKBytesPerSec" : 10.416666666666668,
    "sentKBytesPerSec" : 19.661458333333336
  },
  "1.1 Homepage" : {
    "transaction" : "1.1 Homepage",
    "sampleCount" : 724,
    "errorCount" : 0,
    "errorPct" : 0.0,
    "meanResTime" : 238.78867403314945,
    "medianResTime" : 162.0,
    "minResTime" : 36.0,
    "maxResTime" : 2717.0,
    "pct1ResTime" : 453.5,
    "pct2ResTime" : 713.25,
    "pct3ResTime" : 1203.75,
    "throughput" : 0.40219920748979365,
    "receivedKBytesPerSec" : 168.07675271741394,
    "sentKBytesPerSec" : 1.9544427414361845
  },
  "1.3 Sign-in" : {
    "transaction" : "1.3 Sign-in",
    "sampleCount" : 720,
    "errorCount" : 0,
    "errorPct" : 0.0,
    "meanResTime" : 301.16249999999957,
    "medianResTime" : 192.0,
    "minResTime" : 99.0,
    "maxResTime" : 2940.0,
    "pct1ResTime" : 640.7999999999997,
    "pct2ResTime" : 893.0499999999987,
    "pct3ResTime" : 1451.2999999999975,
    "throughput" : 0.40169806699542676,
    "receivedKBytesPerSec" : 168.22639456789142,
    "sentKBytesPerSec" : 2.1072225852924946
  },
  "Run some searches" : {
    "transaction" : "Run some searches",
    "sampleCount" : 13,
    "errorCount" : 0,
    "errorPct" : 0.0,
    "meanResTime" : 12427.307692307693,
    "medianResTime" : 9197.0,
    "minResTime" : 7651.0,
    "maxResTime" : 47217.0,
    "pct1ResTime" : 34526.999999999985,
    "pct2ResTime" : 47217.0,
    "pct3ResTime" : 47217.0,
    "throughput" : 0.007995045531784303,
    "receivedKBytesPerSec" : 31.90922489686391,
    "sentKBytesPerSec" : 0.27851490645489224
  },
  "4.0 Vaccination for td_ipv" : {
    "transaction" : "4.0 Vaccination for td_ipv",
    "sampleCount" : 163,
    "errorCount" : 0,
    "errorPct" : 0.0,
    "meanResTime" : 1715.2085889570558,
    "medianResTime" : 1510.0,
    "minResTime" : 336.0,
    "maxResTime" : 7217.0,
    "pct1ResTime" : 2792.0,
    "pct2ResTime" : 3711.799999999999,
    "pct3ResTime" : 5999.079999999972,
    "throughput" : 0.09816781516987849,
    "receivedKBytesPerSec" : 120.90052857703493,
    "sentKBytesPerSec" : 1.6462376544938575
  },
  "2.1 Open session" : {
    "transaction" : "2.1 Open session",
    "sampleCount" : 700,
    "errorCount" : 0,
    "errorPct" : 0.0,
    "meanResTime" : 388.34857142857146,
    "medianResTime" : 279.5,
    "minResTime" : 106.0,
    "maxResTime" : 3346.0,
    "pct1ResTime" : 766.7999999999997,
    "pct2ResTime" : 1017.8499999999998,
    "pct3ResTime" : 1799.5800000000004,
    "throughput" : 0.3939289914855062,
    "receivedKBytesPerSec" : 165.30132809026742,
    "sentKBytesPerSec" : 1.641383621065634
  },