{
  "2.0 Register attendance" : {
    "transaction" : "2.0 Register attendance",
    "sampleCount" : 1648,
    "errorCount" : 8,
    "errorPct" : 0.4854369,
    "meanResTime" : 869.1444174757276,
    "medianResTime" : 830.0,
    "minResTime" : 365.0,
    "maxResTime" : 3194.0,
    "pct1ResTime" : 1203.1000000000001,
    "pct2ResTime" : 1411.1,
    "pct3ResTime" : 2080.2799999999997,
    "throughput" : 0.4625505283124147,
    "receivedKBytesPerSec" : 68.64571195285086,
    "sentKBytesPerSec" : 16.262461875718174
  },
  "2.5 Select patient" : {
    "transaction" : "2.5 Select patient",
    "sampleCount" : 1646,
    "errorCount" : 0,
    "errorPct" : 0.0,
    "meanResTime" : 120.39428918590522,
    "medianResTime" : 91.0,
    "minResTime" : 54.0,
    "maxResTime" : 1428.0,
    "pct1ResTime" : 200.0,
    "pct2ResTime" : 281.64999999999986,
    "pct3ResTime" : 596.1199999999999,
    "throughput" : 0.4633369833553367,
    "receivedKBytesPerSec" : 11.737916793924825,
    "sentKBytesPerSec" : 3.344579149941309
  },
  "7.1 Full name search" : {
    "transaction" : "7.1 Full name search",
    "sampleCount" : 162,
    "errorCount" : 0,
    "errorPct" : 0.0,
    "meanResTime" : 450.12345679012344,
    "medianResTime" : 318.5,
    "minResTime" : 181.0,
    "maxResTime" : 2738.0,
    "pct1ResTime" : 843.6000000000018,
    "pct2ResTime" : 1303.9499999999994,
    "pct3ResTime" : 2652.3200000000006,
    "throughput" : 0.04592901642160796,
    "receivedKBytesPerSec" : 1.6303402648169276,
    "sentKBytesPerSec" : 0.3392478378454812
  },
  "2.3 Search by first/last name" : {
    "transaction" : "2.3 Search by first/last name",
    "sampleCount" : 1657,
    "errorCount" : 0,
    "errorPct" : 0.0,
    "meanResTime" : 113.04948702474357,
    "medianResTime" : 86.0,
    "minResTime" : 58.0,
    "maxResTime" : 1153.0,
    "pct1ResTime" : 164.0,
    "pct2ResTime" : 257.1999999999998,
    "pct3ResTime" : 585.8400000000001,
    "throughput" : 0.4638886353723343,
    "receivedKBytesPerSec" : 13.585781682096027,
    "sentKBytesPerSec" : 3.4721518988393827
  },
  "4.0 Vaccination for flu" : {
    "transaction" : "4.0 Vaccination for flu",
    "sampleCount" : 417,
    "errorCount" : 0,
    "errorPct" : 0.0,
    "meanResTime" : 908.6115107913665,
    "medianResTime" : 708.0,
    "minResTime" : 182.0,
    "maxResTime" : 14850.0,
    "pct1ResTime" : 1057.3999999999999,
    "pct2ResTime" : 1438.6999999999994,
    "pct3ResTime" : 8522.999999999989,
    "throughput" : 0.11904918244330033,
    "receivedKBytesPerSec" : 6.352937250856755,
    "sentKBytesPerSec" : 3.3905277305550148
  },
  "4.0 Vaccination for hpv" : {
    "transaction" : "4.0 Vaccination for hpv",
    "sampleCount" : 435,
    "errorCount" : 0,
    "errorPct" : 0.0,
    "meanResTime" : 1081.1310344827589,
    "medianResTime" : 697.0,
    "minResTime" : 174.0,
    "maxResTime" : 32271.0,
    "pct1ResTime" : 1146.6000000000004,
    "pct2ResTime" : 1535.6,
    "pct3ResTime" : 17199.87999999998,
    "throughput" : 0.12411277200312593,
    "receivedKBytesPerSec" : 6.12703022236943,
    "sentKBytesPerSec" : 3.5203911823260845
  },
  "1.2 Sign-in page" : {
    "transaction" : "1.2 Sign-in page",
    "sampleCount" : 3141,
    "errorCount" : 0,
    "errorPct" : 0.0,
    "meanResTime" : 1213.276663482964,
    "medianResTime" : 167.0,
    "minResTime" : 12.0,
    "maxResTime" : 18686.0,
    "pct1ResTime" : 1868.8000000000002,
    "pct2ResTime" : 4889.499999999893,
    "pct3ResTime" : 15074.519999999997,
    "throughput" : 0.8722579484193137,
    "receivedKBytesPerSec" : 55.96791616888814,
    "sentKBytesPerSec" : 7.564366545835615
  },
  "7.2 First name search" : {
    "transaction" : "7.2 First name search",
    "sampleCount" : 179,
    "errorCount" : 0,
    "errorPct" : 0.0,
    "meanResTime" : 1518.9050279329615,
    "medianResTime" : 1194.0,
    "minResTime" : 874.0,
    "maxResTime" : 6101.0,
    "pct1ResTime" : 2842.0,
    "pct2ResTime" : 3331.0,
    "pct3ResTime" : 5842.599999999997,
    "throughput" : 0.05133200826015177,
    "receivedKBytesPerSec" : 6.869221138757587,
    "sentKBytesPerSec" : 0.37876959577907504
  },
  "7.7 Due vaccination search" : {
    "transaction" : "7.7 Due vaccination search",
    "sampleCount" : 153,
    "errorCount" : 0,
    "errorPct" : 0.0,
    "meanResTime" : 855.3529411764703,
    "medianResTime" : 818.0,
    "minResTime" : 708.0,
    "maxResTime" : 1698.0,
    "pct1ResTime" : 1000.4,
    "pct2ResTime" : 1083.1999999999985,
    "pct3ResTime" : 1530.6000000000024,
    "throughput" : 0.046284195852936055,
    "receivedKBytesPerSec" : 6.092973231890778,
    "sentKBytesPerSec" : 0.3509042902386631
  },
  "2.4 Patient attending session" : {
    "transaction" : "2.4 Patient attending session",
    "sampleCount" : 1129,
    "errorCount" : 8,
    "errorPct" : 0.7085917,
    "meanResTime" : 354.65987599645695,
    "medianResTime" : 312.0,
    "minResTime" : 68.0,
    "maxResTime" : 2266.0,
    "pct1ResTime" : 494.0,
    "pct2ResTime" : 604.5,
    "pct3ResTime" : 1066.5000000000007,
    "throughput" : 0.3175941832723791,
    "receivedKBytesPerSec" : 9.76993057119342,
    "sentKBytesPerSec" : 2.7869273080995516
  },
  "Check STS status" : {
    "transaction" : "Check STS status",
    "sampleCount" : 1,
    "errorCount" : 0,
    "errorPct" : 0.0,
    "meanResTime" : 29.0,
    "medianResTime" : 29.0,
    "minResTime" : 29.0,
    "maxResTime" : 29.0,
    "pct1ResTime" : 29.0,
    "pct2ResTime" : 29.0,
    "pct3ResTime" : 29.0,
    "throughput" : 34.48275862068965,
    "receivedKBytesPerSec" : 10.809536637931034,
    "sentKBytesPerSec" : 20.339439655172413
  },
  "1.1 Homepage" : {
    "transaction" : "1.1 Homepage",
    "sampleCount" : 3150,
    "errorCount" : 0,
    "errorPct" : 0.0,
    "meanResTime" : 1211.8200000000008,
    "medianResTime" : 164.0,
    "minResTime" : 26.0,
    "maxResTime" : 18752.0,
    "pct1ResTime" : 1890.6000000000004,
    "pct2ResTime" : 4953.899999999967,
    "pct3ResTime" : 15100.369999999997,
    "throughput" : 0.8747482668876401,
    "receivedKBytesPerSec" : 66.30969629729472,
    "sentKBytesPerSec" : 7.573217731647226
  },
  "1.3 Sign-in" : {
    "transaction" : "1.3 Sign-in",
    "sampleCount" : 3135,
    "errorCount" : 0,
    "errorPct" : 0.0,
    "meanResTime" : 1223.9799043062194,
    "medianResTime" : 195.0,
    "minResTime" : 54.0,
    "maxResTime" : 18815.0,
    "pct1ResTime" : 1886.4,
    "pct2ResTime" : 4947.999999999997,
    "pct3ResTime" : 15251.0,
    "throughput" : 0.8729074584443146,
    "receivedKBytesPerSec" : 56.24161892025872,
    "sentKBytesPerSec" : 7.817712852897552
  },
  "Run some searches" : {
    "transaction" : "Run some searches",
    "sampleCount" : 1456,
    "errorCount" : 2,
    "errorPct" : 0.13736264,
    "meanResTime" : 2616.846840659347,
    "medianResTime" : 1132.0,
    "minResTime" : 120.0,
    "maxResTime" : 60005.0,
    "pct1ResTime" : 12856.899999999996,
    "pct2ResTime" : 14604.05,
    "pct3ResTime" : 15579.120000000006,
    "throughput" : 0.4062808338132805,
    "receivedKBytesPerSec" : 46.57550446159,
    "sentKBytesPerSec" : 3.038787129893089
  },
  "4.0 Vaccination for td_ipv" : {
    "transaction" : "4.0 Vaccination for td_ipv",
    "sampleCount" : 389,
    "errorCount" : 0,
    "errorPct" : 0.0,
    "meanResTime" : 901.7326478149093,
    "medianResTime" : 707.0,
    "minResTime" : 182.0,
    "maxResTime" : 32543.0,
    "pct1ResTime" : 1101.0,
    "pct2ResTime" : 1468.0,
    "pct3ResTime" : 4220.100000000041,
    "throughput" : 0.11263840552663668,
    "receivedKBytesPerSec" : 5.680324398336455,
    "sentKBytesPerSec" : 3.2076795802568907
  },
  "2.1 Open session" : {
    "transaction" : "2.1 Open session",
    "sampleCount" : 1665,
    "errorCount" : 0,
    "errorPct" : 0.0,
    "meanResTime" : 250.23663663663677,
    "medianResTime" : 224.0,
    "minResTime" : 105.0,
    "maxResTime" : 1582.0,
    "pct1ResTime" : 356.0,
    "pct2ResTime" : 442.39999999999964,
    "pct3ResTime" : 683.4799999999982,