{
  "7.3 Safe to vaccinate" : {
    "transaction" : "7.3 Safe to vaccinate",
    "sampleCount" : 27,
    "errorCount" : 0,
    "errorPct" : 0.0,
    "meanResTime" : 95.99999999999999,
    "medianResTime" : 92.0,
    "minResTime" : 77.0,
    "maxResTime" : 143.0,
    "pct1ResTime" : 129.2,
    "pct2ResTime" : 139.39999999999998,
    "pct3ResTime" : 143.0,
    "throughput" : 0.007850302294788737,
    "receivedKBytesPerSec" : 3.553345861531425,
    "sentKBytesPerSec" : 0.057698358966993255
  },
  "2.0 Register attendance" : {
    "transaction" : "2.0 Register attendance",
    "sampleCount" : 1653,
    "errorCount" : 23,
    "errorPct" : 1.3914095,
    "meanResTime" : 1435.7574107683001,
    "medianResTime" : 1363.0,
    "minResTime" : 396.0,
    "maxResTime" : 5327.0,
    "pct1ResTime" : 2172.8,
    "pct2ResTime" : 2496.7,
    "pct3ResTime" : 3141.960000000001,
    "throughput" : 0.4627681598708616,
    "receivedKBytesPerSec" : 971.1338504388704,
    "sentKBytesPerSec" : 15.878910465751796
  },
  "2.5 Select patient" : {
    "transaction" : "2.5 Select patient",
    "sampleCount" : 1647,
    "errorCount" : 0,
    "errorPct" : 0.0,
    "meanResTime" : 125.51487553126886,
    "medianResTime" : 93.0,
    "minResTime" : 53.0,
    "maxResTime" : 1807.0,
    "pct1ResTime" : 191.0,
    "pct2ResTime" : 334.599999999999,
    "pct3ResTime" : 841.9599999999996,
    "throughput" : 0.46244118405159124,
    "receivedKBytesPerSec" : 207.21972160995094,
    "sentKBytesPerSec" : 3.296571797170124
  },
  "7.1 Full name search" : {
    "transaction" : "7.1 Full name search",
    "sampleCount" : 27,
    "errorCount" : 0,
    "errorPct" : 0.0,
    "meanResTime" : 634.5555555555555,
    "medianResTime" : 547.0,
    "minResTime" : 268.0,
    "maxResTime" : 1913.0,
    "pct1ResTime" : 1023.2,
    "pct2ResTime" : 1562.199999999998,
    "pct3ResTime" : 1913.0,
    "throughput" : 0.007841658900035985,
    "receivedKBytesPerSec" : 3.595991963406899,
    "sentKBytesPerSec" : 0.057213081415442665
  },
  "2.3 Search by first/last name" : {
    "transaction" : "2.3 Search by first/last name",
    "sampleCount" : 1657,
    "errorCount" : 0,
    "errorPct" : 0.0,
    "meanResTime" : 132.11526855763418,
    "medianResTime" : 100.0,
    "minResTime" : 59.0,
    "maxResTime" : 1865.0,
    "pct1ResTime" : 183.0,
    "pct2ResTime" : 308.0999999999999,
    "pct3ResTime" : 890.6800000000003,
    "throughput" : 0.46385539133214676,
    "receivedKBytesPerSec" : 209.5301810894982,
    "sentKBytesPerSec" : 3.43023594443981
  },
  "4.0 Vaccination for flu" : {
    "transaction" : "4.0 Vaccination for flu",
    "sampleCount" : 420,
    "errorCount" : 0,
    "errorPct" : 0.0,
    "meanResTime" : 1091.9642857142853,
    "medianResTime" : 950.5,
    "minResTime" : 224.0,
    "maxResTime" : 3356.0,
    "pct1ResTime" : 1635.4,
    "pct2ResTime" : 1998.5499999999993,
    "pct3ResTime" : 2908.260000000008,
    "throughput" : 0.11983620103264565,
    "receivedKBytesPerSec" : 157.6084857779395,
    "sentKBytesPerSec" : 3.369359968046533
  },
  "4.0 Vaccination for hpv" : {
    "transaction" : "4.0 Vaccination for hpv",
    "sampleCount" : 419,
    "errorCount" : 0,
    "errorPct" : 0.0,
    "meanResTime" : 1057.3317422434382,
    "medianResTime" : 958.0,
    "minResTime" : 192.0,
    "maxResTime" : 3099.0,
    "pct1ResTime" : 1575.0,
    "pct2ResTime" : 1810.0,
    "pct3ResTime" : 2345.8000000000006,
    "throughput" : 0.11950055044406291,
    "receivedKBytesPerSec" : 156.61947337806166,
    "sentKBytesPerSec" : 3.353952388460211
  },
  "7.6 First name search" : {
    "transaction" : "7.6 First name search",
    "sampleCount" : 27,
    "errorCount" : 0,
    "errorPct" : 0.0,
    "meanResTime" : 1655.4814814814813,
    "medianResTime" : 926.0,
    "minResTime" : 572.0,
    "maxResTime" : 16967.0,
    "pct1ResTime" : 2785.9999999999995,
    "pct2ResTime" : 11424.19999999997,
    "pct3ResTime" : 16967.0,
    "throughput" : 0.007853620155298066,
    "receivedKBytesPerSec" : 4.340334084275161,
    "sentKBytesPerSec" : 0.05725689046090569
  },
  "1.2 Sign-in page" : {
    "transaction" : "1.2 Sign-in page",
    "sampleCount" : 1697,
    "errorCount" : 0,
    "errorPct" : 0.0,
    "meanResTime" : 168.8073070123746,
    "medianResTime" : 108.0,
    "minResTime" : 15.0,
    "maxResTime" : 5373.0,
    "pct1ResTime" : 288.0,
    "pct2ResTime" : 500.1999999999998,
    "pct3ResTime" : 1194.4599999999996,
    "throughput" : 0.47250715582433983,
    "receivedKBytesPerSec" : 210.54465430381416,
    "sentKBytesPerSec" : 3.9633463911465467
  },
  "2.4 Patient attending session" : {
    "transaction" : "2.4 Patient attending session",
    "sampleCount" : 1058,
    "errorCount" : 23,
    "errorPct" : 2.173913,
    "meanResTime" : 623.0340264650276,
    "medianResTime" : 555.0,
    "minResTime" : 46.0,
    "maxResTime" : 2303.0,
    "pct1ResTime" : 918.1,
    "pct2ResTime" : 1131.6499999999994,
    "pct3ResTime" : 1611.6400000000003,
    "throughput" : 0.29922439227469366,
    "receivedKBytesPerSec" : 135.43870063389684,
    "sentKBytesPerSec" : 2.587280737440353
  },
  "Check STS status" : {
    "transaction" : "Check STS status",
    "sampleCount" : 1,
    "errorCount" : 0,
    "errorPct" : 0.0,
    "meanResTime" : 27.0,
    "medianResTime" : 27.0,
    "minResTime" : 27.0,
    "maxResTime" : 27.0,
    "pct1ResTime" : 27.0,
    "pct2ResTime" : 27.0,
    "pct3ResTime" : 27.0,
    "throughput" : 37.03703703703704,
    "receivedKBytesPerSec" : 11.610243055555555,
    "sentKBytesPerSec" : 21.846064814814817
  },
  "1.1 Homepage" : {
    "transaction" : "1.1 Homepage",
    "sampleCount" : 1700,
    "errorCount" : 0,
    "errorPct" : 0.0,
    "meanResTime" : 152.71588235294112,
    "medianResTime" : 106.0,
    "minResTime" : 26.0,
    "maxResTime" : 5022.0,
    "pct1ResTime" : 224.0,
    "pct2ResTime" : 353.7999999999993,
    "pct3ResTime" : 981.97,
    "throughput" : 0.4725421069763059,
    "receivedKBytesPerSec" : 210.36040116557723,
    "sentKBytesPerSec" : 3.955224939337407
  },
  "1.3 Sign-in" : {
    "transaction" : "1.3 Sign-in",
    "sampleCount" : 1697,
    "errorCount" : 0,
    "errorPct" : 0.0,
    "meanResTime" : 176.34708308780225,
    "medianResTime" : 111.0,
    "minResTime" : 62.0,
    "maxResTime" : 5111.0,
    "pct1ResTime" : 321.0,
    "pct2ResTime" : 484.1999999999998,
    "pct3ResTime" : 1080.019999999999,
    "throughput" : 0.4726230915788703,
    "receivedKBytesPerSec" : 210.80628903030873,
    "sentKBytesPerSec" : 4.124198162165978
  },
  "Run some searches" : {
    "transaction" : "Run some searches",
    "sampleCount" : 27,
    "errorCount" : 0,
    "errorPct" : 0.0,
    "meanResTime" : 7370.925925925926,
    "medianResTime" : 6369.0,
    "minResTime" : 4311.0,
    "maxResTime" : 33226.0,
    "pct1ResTime" : 9157.0,
    "pct2ResTime" : 23622.39999999995,
    "pct3ResTime" : 33226.0,
    "throughput" : 0.00781723874860484,
    "receivedKBytesPerSec" : 31.46573124749378,
    "sentKBytesPerSec" : 0.4580370918026118
  },
  "4.0 Vaccination for td_ipv" : {
    "transaction" : "4.0 Vaccination for td_ipv",
    "sampleCount" : 391,
    "errorCount" : 0,
    "errorPct" : 0.0,
    "meanResTime" : 1137.1406649616367,
    "medianResTime" : 985.0,
    "minResTime" : 658.0,
    "maxResTime" : 4174.0,
    "pct1ResTime" : 1772.0000000000005,
    "pct2ResTime" : 2024.3999999999992,
    "pct3ResTime" : 2696.279999999997,
    "throughput" : 0.11300280830764277,
    "receivedKBytesPerSec" : 148.9795868762917,
    "sentKBytesPerSec" : 3.1767439764409375
  },
  "2.1 Open session" : {
    "transaction" : "2.1 Open session",
    "sampleCount" : 1664,
    "errorCount" : 0,
    "errorPct" : 0.0,
    "meanResTime" : 638.0156250000007,
    "medianResTime" : 511.5,
    "minResTime" : 113.0,
    "maxResTime" : 3295.0,
    "pct1ResTime" : 1235.5,
    "pct2ResTime" : 1509.0,
    "pct3ResTime" : 2069.7,
    "throughput" : 0.464520307409713,
    "receivedKBytesPerSec" : 207.09842123245485,
    "sentKBytesPerSec" : 3.314837824417465
  },