{
  "2.0 Register attendance" : {
    "transaction" : "2.0 Register attendance",
    "sampleCount" : 697,
    "errorCount" : 0,
    "errorPct" : 0.0,
    "meanResTime" : 4454.519368723102,
    "medianResTime" : 4364.0,
    "minResTime" : 2404.0,
    "maxResTime" : 10071.0,
    "pct1ResTime" : 4951.0,
    "pct2ResTime" : 5283.6,
    "pct3ResTime" : 6500.919999999995,
    "throughput" : 0.19816296956734228,
    "receivedKBytesPerSec" : 36.014915572748556,
    "sentKBytesPerSec" : 0.8579895073134077
  },
  "1.4 Select Organisations" : {
    "transaction" : "1.4 Select Organisations",
    "sampleCount" : 70,
    "errorCount" : 0,
    "errorPct" : 0.0,
    "meanResTime" : 453.7285714285713,
    "medianResTime" : 431.5,
    "minResTime" : 413.0,
    "maxResTime" : 956.0,
    "pct1ResTime" : 492.9,
    "pct2ResTime" : 588.5000000000002,
    "pct3ResTime" : 956.0,
    "throughput" : 0.07879236074294443,
    "receivedKBytesPerSec" : 1.132308220097455,
    "sentKBytesPerSec" : 0.11387958388628687
  },
  "2.3 Search by first/last name" : {
    "transaction" : "2.3 Search by first/last name",
    "sampleCount" : 699,
    "errorCount" : 0,
    "errorPct" : 0.0,
    "meanResTime" : 1026.2246065808292,
    "medianResTime" : 909.0,
    "minResTime" : 706.0,
    "maxResTime" : 2657.0,
    "pct1ResTime" : 1411.0,
    "pct2ResTime" : 1473.0,
    "pct3ResTime" : 1680.0,
    "throughput" : 0.19823618011642902,
    "receivedKBytesPerSec" : 9.672204660262466,
    "sentKBytesPerSec" : 0.17099980915513668
  },
  "5.8 Consent confirm" : {
    "transaction" : "5.8 Consent confirm",
    "sampleCount" : 481,
    "errorCount" : 0,
    "errorPct" : 0.0,
    "meanResTime" : 1059.6611226611237,
    "medianResTime" : 990.0,
    "minResTime" : 895.0,
    "maxResTime" : 2248.0,
    "pct1ResTime" : 1386.8000000000002,
    "pct2ResTime" : 1450.8,
    "pct3ResTime" : 1750.0000000000005,
    "throughput" : 0.14619109881606487,
    "receivedKBytesPerSec" : 12.315225853280364,
    "sentKBytesPerSec" : 0.3241169305400804
  },
  "1.2 Sign-in page" : {
    "transaction" : "1.2 Sign-in page",
    "sampleCount" : 70,
    "errorCount" : 0,
    "errorPct" : 0.0,
    "meanResTime" : 160.3857142857143,
    "medianResTime" : 157.0,
    "minResTime" : 150.0,
    "maxResTime" : 248.0,
    "pct1ResTime" : 170.9,
    "pct2ResTime" : 184.1500000000001,
    "pct3ResTime" : 248.0,
    "throughput" : 0.07900926891594769,
    "receivedKBytesPerSec" : 0.47635931567250434,
    "sentKBytesPerSec" : 0.04760617082142551
  },
  "3.0 Nurse triage" : {
    "transaction" : "3.0 Nurse triage",
    "sampleCount" : 1149,
    "errorCount" : 0,
    "errorPct" : 0.0,
    "meanResTime" : 1783.6362053959974,
    "medianResTime" : 1800.0,
    "minResTime" : 854.0,
    "maxResTime" : 6775.0,
    "pct1ResTime" : 2003.0,
    "pct2ResTime" : 2159.0,
    "pct3ResTime" : 2889.0,
    "throughput" : 0.3303068144969332,
    "receivedKBytesPerSec" : 39.40083613449108,
    "sentKBytesPerSec" : 0.9928095136016553
  },
  "2.4 Patient attending session" : {
    "transaction" : "2.4 Patient attending session",
    "sampleCount" : 685,
    "errorCount" : 0,
    "errorPct" : 0.0,
    "meanResTime" : 1162.8277372262785,
    "medianResTime" : 1063.0,
    "minResTime" : 929.0,
    "maxResTime" : 3394.0,
    "pct1ResTime" : 1517.0,
    "pct2ResTime" : 1639.6999999999998,
    "pct3ResTime" : 2053.0999999999985,
    "throughput" : 0.19500036153351702,
    "receivedKBytesPerSec" : 8.614688352859702,
    "sentKBytesPerSec" : 0.28983452173243446
  },
  "5.4 Consent route" : {
    "transaction" : "5.4 Consent route",
    "sampleCount" : 486,
    "errorCount" : 0,
    "errorPct" : 0.0,
    "meanResTime" : 489.22222222222246,
    "medianResTime" : 460.5,
    "minResTime" : 424.0,
    "maxResTime" : 2746.0,
    "pct1ResTime" : 531.6,
    "pct2ResTime" : 635.4999999999998,
    "pct3ResTime" : 884.9599999999991,
    "throughput" : 0.14575121706764746,
    "receivedKBytesPerSec" : 1.6647934772169255,
    "sentKBytesPerSec" : 0.23319714422832677
  },
  "1.1 Homepage" : {
    "transaction" : "1.1 Homepage",
    "sampleCount" : 70,
    "errorCount" : 0,
    "errorPct" : 0.0,
    "meanResTime" : 471.78571428571433,
    "medianResTime" : 463.5,
    "minResTime" : 442.0,
    "maxResTime" : 670.0,
    "pct1ResTime" : 495.59999999999997,
    "pct2ResTime" : 520.4000000000001,
    "pct3ResTime" : 670.0,
    "throughput" : 0.07890871501666666,
    "receivedKBytesPerSec" : 0.4074785276704682,
    "sentKBytesPerSec" : 0.042767907064697255
  },
  "1.3 Sign-in" : {
    "transaction" : "1.3 Sign-in",
    "sampleCount" : 70,
    "errorCount" : 0,
    "errorPct" : 0.0,
    "meanResTime" : 643.9000000000001,
    "medianResTime" : 575.5,
    "minResTime" : 534.0,
    "maxResTime" : 1937.0,
    "pct1ResTime" : 890.9,
    "pct2ResTime" : 1068.1000000000001,
    "pct3ResTime" : 1937.0,
    "throughput" : 0.07892366165200754,
    "receivedKBytesPerSec" : 0.7660946310206069,
    "sentKBytesPerSec" : 0.1241660341029142
  },
  "2.1 Open session" : {
    "transaction" : "2.1 Open session",
    "sampleCount" : 702,
    "errorCount" : 0,
    "errorPct" : 0.0,
    "meanResTime" : 915.9017094017088,
    "medianResTime" : 832.5,
    "minResTime" : 535.0,
    "maxResTime" : 3840.0,
    "pct1ResTime" : 1265.4,
    "pct2ResTime" : 1457.2000000000003,
    "pct3ResTime" : 2013.7600000000002,
    "throughput" : 0.19818801944952855,
    "receivedKBytesPerSec" : 3.3724035750528434,
    "sentKBytesPerSec" : 0.12961866133591712
  },
  "3.3 Nurse triage complete" : {
    "transaction" : "3.3 Nurse triage complete",
    "sampleCount" : 1144,
    "errorCount" : 0,
    "errorPct" : 0.0,
    "meanResTime" : 478.7840909090904,
    "medianResTime" : 349.0,
    "minResTime" : 292.0,
    "maxResTime" : 4225.0,
    "pct1ResTime" : 787.0,
    "pct2ResTime" : 812.0,
    "pct3ResTime" : 1029.1,
    "throughput" : 0.3297006698341755,
    "receivedKBytesPerSec" : 8.046369704543242,
    "sentKBytesPerSec" : 0.22334027666900877
  },
  "4.3 Vaccination confirm" : {
    "transaction" : "4.3 Vaccination confirm",
    "sampleCount" : 1119,
    "errorCount" : 0,
    "errorPct" : 0.0,
    "meanResTime" : 1064.6103663985705,
    "medianResTime" : 942.0,
    "minResTime" : 807.0,
    "maxResTime" : 2991.0,
    "pct1ResTime" : 1373.0,
    "pct2ResTime" : 1468.0,
    "pct3ResTime" : 1904.7999999999995,
    "throughput" : 0.3307203763651082,
    "receivedKBytesPerSec" : 8.301457637959754,
    "sentKBytesPerSec" : 0.7698400408021462
  },
  "5.6 Consent questions" : {
    "transaction" : "5.6 Consent questions",
    "sampleCount" : 483,
    "errorCount" : 0,
    "errorPct" : 0.0,
    "meanResTime" : 549.9523809523806,
    "medianResTime" : 469.0,
    "minResTime" : 428.0,
    "maxResTime" : 2444.0,
    "pct1ResTime" : 758.6,
    "pct2ResTime" : 780.8,
    "pct3ResTime" : 950.5999999999957,
    "throughput" : 0.14623618930895377,
    "receivedKBytesPerSec" : 1.7630154702674274,
    "sentKBytesPerSec" : 0.2900901626150966
  },
  "4.1 Vaccination questions" : {
    "transaction" : "4.1 Vaccination questions",
    "sampleCount" : 1129,
    "errorCount" : 1,
    "errorPct" : 0.08857396,
    "meanResTime" : 585.9158547387062,
    "medianResTime" : 489.0,
    "minResTime" : 441.0,
    "maxResTime" : 4503.0,
    "pct1ResTime" : 777.0,
    "pct2ResTime" : 815.0,
    "pct3ResTime" : 1239.4000000000033,
    "throughput" : 0.3295893270276385,
    "receivedKBytesPerSec" : 3.834070514399463,
    "sentKBytesPerSec" : 0.6739248411716623
  },
  "5.3 Consent parent details" : {
    "transaction" : "5.3 Consent parent details",
    "sampleCount" : 494,
    "errorCount" : 5,
    "errorPct" : 1.0121458,
    "meanResTime" : 478.61133603238864,
    "medianResTime" : 459.0,
    "minResTime" : 294.0,
    "maxResTime" : 1155.0,
    "pct1ResTime" : 520.0,
    "pct2ResTime" : 571.5,
    "pct3ResTime" : 975.8000000000002,
    "throughput" : 0.14777990606104027,
    "receivedKBytesPerSec" : 1.6844652814818315,
    "sentKBytesPerSec" : 0.250896834163274
  },