{
  "7.3 Safe to vaccinate" : {
    "transaction" : "7.3 Safe to vaccinate",
    "sampleCount" : 15,
    "errorCount" : 0,
    "errorPct" : 0.0,
    "meanResTime" : 95.33333333333331,
    "medianResTime" : 70.0,
    "minResTime" : 60.0,
    "maxResTime" : 248.0,
    "pct1ResTime" : 198.8,
    "pct2ResTime" : 248.0,
    "pct3ResTime" : 248.0,
    "throughput" : 0.008946715153886483,
    "receivedKBytesPerSec" : 3.615949479651591,
    "sentKBytesPerSec" : 0.03916343013032978
  },
  "2.0 Register attendance" : {
    "transaction" : "2.0 Register attendance",
    "sampleCount" : 930,
    "errorCount" : 0,
    "errorPct" : 0.0,
    "meanResTime" : 2602.987096774193,
    "medianResTime" : 1838.0,
    "minResTime" : 499.0,
    "maxResTime" : 16869.0,
    "pct1ResTime" : 5495.099999999999,
    "pct2ResTime" : 8574.449999999999,
    "pct3ResTime" : 13119.859999999964,
    "throughput" : 0.5248671324251063,
    "receivedKBytesPerSec" : 964.7110318958371,
    "sentKBytesPerSec" : 10.163063925289396
  },
  "2.5 Select patient" : {
    "transaction" : "2.5 Select patient",
    "sampleCount" : 917,
    "errorCount" : 0,
    "errorPct" : 0.0,
    "meanResTime" : 231.16902944383835,
    "medianResTime" : 95.0,
    "minResTime" : 57.0,
    "maxResTime" : 7267.0,
    "pct1ResTime" : 429.4000000000001,
    "pct2ResTime" : 847.1999999999989,
    "pct3ResTime" : 2885.959999999976,
    "throughput" : 0.5218060292780412,
    "receivedKBytesPerSec" : 212.22890057119835,
    "sentKBytesPerSec" : 2.168131147545065
  },
  "2.3 Search by first/last name" : {
    "transaction" : "2.3 Search by first/last name",
    "sampleCount" : 937,
    "errorCount" : 0,
    "errorPct" : 0.0,
    "meanResTime" : 293.7801494130205,
    "medianResTime" : 100.0,
    "minResTime" : 58.0,
    "maxResTime" : 5794.0,
    "pct1ResTime" : 605.8000000000004,
    "pct2ResTime" : 1133.3999999999978,
    "pct3ResTime" : 3639.92,
    "throughput" : 0.5289983695333071,
    "receivedKBytesPerSec" : 215.31379863418775,
    "sentKBytesPerSec" : 2.284658682079884
  },
  "4.0 Vaccination for flu" : {
    "transaction" : "4.0 Vaccination for flu",
    "sampleCount" : 216,
    "errorCount" : 0,
    "errorPct" : 0.0,
    "meanResTime" : 2693.259259259258,
    "medianResTime" : 1781.5,
    "minResTime" : 843.0,
    "maxResTime" : 13025.0,
    "pct1ResTime" : 6049.300000000002,
    "pct2ResTime" : 9284.849999999993,
    "pct3ResTime" : 11743.469999999985,
    "throughput" : 0.13182612134594468,
    "receivedKBytesPerSec" : 157.54210804672596,
    "sentKBytesPerSec" : 2.229054885286862
  },
  "4.0 Vaccination for hpv" : {
    "transaction" : "4.0 Vaccination for hpv",
    "sampleCount" : 217,
    "errorCount" : 0,
    "errorPct" : 0.0,
    "meanResTime" : 2730.866359447004,
    "medianResTime" : 1766.0,
    "minResTime" : 868.0,
    "maxResTime" : 14536.0,
    "pct1ResTime" : 6648.2,
    "pct2ResTime" : 9313.399999999998,
    "pct3ResTime" : 13519.17999999998,
    "throughput" : 0.12948374770121596,
    "receivedKBytesPerSec" : 154.23984767889195,
    "sentKBytesPerSec" : 2.1889150397535992
  },
  "1.2 Sign-in page" : {
    "transaction" : "1.2 Sign-in page",
    "sampleCount" : 961,
    "errorCount" : 0,
    "errorPct" : 0.0,
    "meanResTime" : 538.1123829344439,
    "medianResTime" : 165.0,
    "minResTime" : 13.0,
    "maxResTime" : 7715.0,
    "pct1ResTime" : 1422.6000000000004,
    "pct2ResTime" : 2679.299999999998,
    "pct3ResTime" : 5333.639999999998,
    "throughput" : 0.5357900505850481,
    "receivedKBytesPerSec" : 216.246366926352,
    "sentKBytesPerSec" : 2.637246283757979
  },
  "7.1 Name search" : {
    "transaction" : "7.1 Name search",
    "sampleCount" : 15,
    "errorCount" : 0,
    "errorPct" : 0.0,
    "meanResTime" : 6708.533333333335,
    "medianResTime" : 6666.0,
    "minResTime" : 5468.0,
    "maxResTime" : 8256.0,
    "pct1ResTime" : 7938.6,
    "pct2ResTime" : 8256.0,
    "pct3ResTime" : 8256.0,
    "throughput" : 0.008924337680279058,
    "receivedKBytesPerSec" : 3.6070912108585986,
    "sentKBytesPerSec" : 0.03859369338623284
  },
  "2.4 Patient attending session" : {
    "transaction" : "2.4 Patient attending session",
    "sampleCount" : 477,
    "errorCount" : 0,
    "errorPct" : 0.0,
    "meanResTime" : 1473.2389937106916,
    "medianResTime" : 1039.0,
    "minResTime" : 593.0,
    "maxResTime" : 13114.0,
    "pct1ResTime" : 2520.0,
    "pct2ResTime" : 3499.6999999999966,
    "pct3ResTime" : 8540.08,
    "throughput" : 0.271655251830683,
    "receivedKBytesPerSec" : 110.82479461588687,
    "sentKBytesPerSec" : 1.385600957335603
  },
  "Check STS status" : {
    "transaction" : "Check STS status",
    "sampleCount" : 1,
    "errorCount" : 0,
    "errorPct" : 0.0,
    "meanResTime" : 27.0,
    "medianResTime" : 27.0,
    "minResTime" : 27.0,
    "maxResTime" : 27.0,
    "pct1ResTime" : 27.0,
    "pct2ResTime" : 27.0,
    "pct3ResTime" : 27.0,
    "throughput" : 37.03703703703704,
    "receivedKBytesPerSec" : 11.610243055555555,
    "sentKBytesPerSec" : 21.846064814814817
  },
  "1.1 Homepage" : {
    "transaction" : "1.1 Homepage",
    "sampleCount" : 961,
    "errorCount" : 0,
    "errorPct" : 0.0,
    "meanResTime" : 540.3319458896985,
    "medianResTime" : 155.0,
    "minResTime" : 28.0,
    "maxResTime" : 6871.0,
    "pct1ResTime" : 1467.4000000000012,
    "pct2ResTime" : 2635.2,
    "pct3ResTime" : 5047.919999999998,
    "throughput" : 0.5358384477747092,
    "receivedKBytesPerSec" : 216.03292198166412,
    "sentKBytesPerSec" : 2.623478465887833
  },
  "1.3 Sign-in" : {
    "transaction" : "1.3 Sign-in",
    "sampleCount" : 960,
    "errorCount" : 0,
    "errorPct" : 0.0,
    "meanResTime" : 634.7020833333332,
    "medianResTime" : 178.0,
    "minResTime" : 66.0,
    "maxResTime" : 8244.0,
    "pct1ResTime" : 1640.7999999999997,
    "pct2ResTime" : 3113.4499999999994,
    "pct3ResTime" : 5874.209999999999,
    "throughput" : 0.536385066369271,
    "receivedKBytesPerSec" : 216.83279442232165,
    "sentKBytesPerSec" : 2.804139215636016
  },
  "Run some searches" : {
    "transaction" : "Run some searches",
    "sampleCount" : 15,
    "errorCount" : 0,
    "errorPct" : 0.0,
    "meanResTime" : 10686.733333333334,
    "medianResTime" : 10736.0,
    "minResTime" : 9056.0,
    "maxResTime" : 12823.0,
    "pct1ResTime" : 12390.4,
    "pct2ResTime" : 12823.0,
    "pct3ResTime" : 12823.0,
    "throughput" : 0.00889277799713297,
    "receivedKBytesPerSec" : 19.923855148392306,
    "sentKBytesPerSec" : 0.19436625284124256
  },
  "4.0 Vaccination for td_ipv" : {
    "transaction" : "4.0 Vaccination for td_ipv",
    "sampleCount" : 228,
    "errorCount" : 0,
    "errorPct" : 0.0,
    "meanResTime" : 2741.144736842105,
    "medianResTime" : 1797.5,
    "minResTime" : 406.0,
    "maxResTime" : 14146.0,
    "pct1ResTime" : 5721.399999999997,
    "pct2ResTime" : 9540.14999999999,
    "pct3ResTime" : 12259.230000000003,
    "throughput" : 0.1334712536287497,
    "receivedKBytesPerSec" : 158.45649239594366,
    "sentKBytesPerSec" : 2.2362163215585933
  },
  "2.1 Open session" : {
    "transaction" : "2.1 Open session",
    "sampleCount" : 942,
    "errorCount" : 0,
    "errorPct" : 0.0,
    "meanResTime" : 867.2738853503189,
    "medianResTime" : 499.0,
    "minResTime" : 185.0,
    "maxResTime" : 6573.0,
    "pct1ResTime" : 1875.000000000001,
    "pct2ResTime" : 3144.499999999999,
    "pct3ResTime" : 5395.109999999999,
    "throughput" : 0.5286542382412314,
    "receivedKBytesPerSec" : 213.13695138881874,
    "sentKBytesPerSec" : 2.1998772243323494
  },
  "4.3 Vaccination confirm" : {
    "transaction" : "4.3 Vaccination confirm",
    "sampleCount" : 875,
    "errorCount" : 0,
    "errorPct" : 0.0,
    "meanResTime" : 2257.0777142857146,
    "medianResTime" : 1347.0,
    "minResTime" : 642.0,
    "maxResTime" : 14275.0,
    "pct1ResTime" : 5145.599999999999,
    "pct2ResTime" : 8791.19999999999,
    "pct3ResTime" : 11766.12,
    "throughput" : 0.5245611521401197,