{
  "7.3 Safe to vaccinate" : {
    "transaction" : "7.3 Safe to vaccinate",
    "sampleCount" : 26,
    "errorCount" : 0,
    "errorPct" : 0.0,
    "meanResTime" : 1273.1923076923076,
    "medianResTime" : 208.5,
    "minResTime" : 102.0,
    "maxResTime" : 13373.0,
    "pct1ResTime" : 4578.200000000006,
    "pct2ResTime" : 12329.299999999996,
    "pct3ResTime" : 13373.0,
    "throughput" : 0.007466316860149568,
    "receivedKBytesPerSec" : 2.7244644627188133,
    "sentKBytesPerSec" : 0.032708603777927614
  },
  "2.0 Register attendance" : {
    "transaction" : "2.0 Register attendance",
    "sampleCount" : 1468,
    "errorCount" : 38,
    "errorPct" : 2.5885558,
    "meanResTime" : 6312.809264305166,
    "medianResTime" : 4318.0,
    "minResTime" : 561.0,
    "maxResTime" : 39680.0,
    "pct1ResTime" : 14088.400000000001,
    "pct2ResTime" : 18602.749999999996,
    "pct3ResTime" : 26669.579999999965,
    "throughput" : 0.4108587619829141,
    "receivedKBytesPerSec" : 667.4202193116073,
    "sentKBytesPerSec" : 8.747928028050767
  },
  "2.5 Select patient" : {
    "transaction" : "2.5 Select patient",
    "sampleCount" : 1459,
    "errorCount" : 0,
    "errorPct" : 0.0,
    "meanResTime" : 820.369431117204,
    "medianResTime" : 164.0,
    "minResTime" : 77.0,
    "maxResTime" : 18456.0,
    "pct1ResTime" : 1934.0,
    "pct2ResTime" : 3748.0,
    "pct3ResTime" : 11349.400000000001,
    "throughput" : 0.41067530614169284,
    "receivedKBytesPerSec" : 136.3641529883384,
    "sentKBytesPerSec" : 1.7083533189510187
  },
  "7.1 Full name search" : {
    "transaction" : "7.1 Full name search",
    "sampleCount" : 26,
    "errorCount" : 0,
    "errorPct" : 0.0,
    "meanResTime" : 1265.0384615384617,
    "medianResTime" : 788.5,
    "minResTime" : 305.0,
    "maxResTime" : 5083.0,
    "pct1ResTime" : 4440.200000000001,
    "pct2ResTime" : 5067.25,
    "pct3ResTime" : 5083.0,
    "throughput" : 0.007463412771793811,
    "receivedKBytesPerSec" : 2.3966281561444984,
    "sentKBytesPerSec" : 0.032296135893389165
  },
  "2.3 Search by first/last name" : {
    "transaction" : "2.3 Search by first/last name",
    "sampleCount" : 1477,
    "errorCount" : 2,
    "errorPct" : 0.13540961,
    "meanResTime" : 807.5775220040625,
    "medianResTime" : 159.0,
    "minResTime" : 75.0,
    "maxResTime" : 18603.0,
    "pct1ResTime" : 1948.6000000000001,
    "pct2ResTime" : 4445.099999999997,
    "pct3ResTime" : 10520.740000000005,
    "throughput" : 0.41295729708405177,
    "receivedKBytesPerSec" : 135.52186249743474,
    "sentKBytesPerSec" : 1.7835855254098747
  },
  "4.0 Vaccination for flu" : {
    "transaction" : "4.0 Vaccination for flu",
    "sampleCount" : 378,
    "errorCount" : 1,
    "errorPct" : 0.26455027,
    "meanResTime" : 5402.624338624338,
    "medianResTime" : 3518.0,
    "minResTime" : 868.0,
    "maxResTime" : 35588.0,
    "pct1ResTime" : 12689.2,
    "pct2ResTime" : 15734.550000000005,
    "pct3ResTime" : 24062.599999999984,
    "throughput" : 0.10839427643809525,
    "receivedKBytesPerSec" : 103.10647715572702,
    "sentKBytesPerSec" : 1.8321195611809702
  },
  "4.0 Vaccination for hpv" : {
    "transaction" : "4.0 Vaccination for hpv",
    "sampleCount" : 365,
    "errorCount" : 2,
    "errorPct" : 0.5479452,
    "meanResTime" : 6365.764383561639,
    "medianResTime" : 3874.0,
    "minResTime" : 234.0,
    "maxResTime" : 42248.0,
    "pct1ResTime" : 16980.60000000002,
    "pct2ResTime" : 19771.9,
    "pct3ResTime" : 29197.21999999995,
    "throughput" : 0.10482957009536906,
    "receivedKBytesPerSec" : 99.11464707922559,
    "sentKBytesPerSec" : 1.764115680812771
  },
  "7.6 First name search" : {
    "transaction" : "7.6 First name search",
    "sampleCount" : 26,
    "errorCount" : 0,
    "errorPct" : 0.0,
    "meanResTime" : 1931.1923076923076,
    "medianResTime" : 1186.5,
    "minResTime" : 459.0,
    "maxResTime" : 6869.0,
    "pct1ResTime" : 5133.1,
    "pct2ResTime" : 6268.049999999997,
    "pct3ResTime" : 6869.0,
    "throughput" : 0.0074564029853143275,
    "receivedKBytesPerSec" : 3.2097420311306255,
    "sentKBytesPerSec" : 0.032213430896064627
  },
  "1.2 Sign-in page" : {
    "transaction" : "1.2 Sign-in page",
    "sampleCount" : 1518,
    "errorCount" : 1,
    "errorPct" : 0.065876156,
    "meanResTime" : 1029.2450592885377,
    "medianResTime" : 255.0,
    "minResTime" : 14.0,
    "maxResTime" : 23015.0,
    "pct1ResTime" : 2614.600000000002,
    "pct2ResTime" : 4809.15,
    "pct3ResTime" : 11342.859999999993,
    "throughput" : 0.4219596942321056,
    "receivedKBytesPerSec" : 138.9879256428075,
    "sentKBytesPerSec" : 2.0947628018589297
  },
  "2.4 Patient attending session" : {
    "transaction" : "2.4 Patient attending session",
    "sampleCount" : 1301,
    "errorCount" : 36,
    "errorPct" : 2.7671022,
    "meanResTime" : 2550.1929285165234,
    "medianResTime" : 1192.0,
    "minResTime" : 185.0,
    "maxResTime" : 22868.0,
    "pct1ResTime" : 6960.599999999996,
    "pct2ResTime" : 10044.19999999999,
    "pct3ResTime" : 17618.740000000005,
    "throughput" : 0.3650454272518617,
    "receivedKBytesPerSec" : 122.67653346787544,
    "sentKBytesPerSec" : 1.8546828834450075
  },
  "Check STS status" : {
    "transaction" : "Check STS status",
    "sampleCount" : 1,
    "errorCount" : 0,
    "errorPct" : 0.0,
    "meanResTime" : 31.0,
    "medianResTime" : 31.0,
    "minResTime" : 31.0,
    "maxResTime" : 31.0,
    "pct1ResTime" : 31.0,
    "pct2ResTime" : 31.0,
    "pct3ResTime" : 31.0,
    "throughput" : 32.25806451612903,
    "receivedKBytesPerSec" : 10.080645161290322,
    "sentKBytesPerSec" : 19.027217741935484
  },
  "1.1 Homepage" : {
    "transaction" : "1.1 Homepage",
    "sampleCount" : 1519,
    "errorCount" : 0,
    "errorPct" : 0.0,
    "meanResTime" : 1027.3370638578026,
    "medianResTime" : 254.0,
    "minResTime" : 29.0,
    "maxResTime" : 28608.0,
    "pct1ResTime" : 2393.0,
    "pct2ResTime" : 4482.0,
    "pct3ResTime" : 12058.799999999996,
    "throughput" : 0.42225538862089834,
    "receivedKBytesPerSec" : 136.89413739986028,
    "sentKBytesPerSec" : 2.089227014375725
  },
  "1.3 Sign-in" : {
    "transaction" : "1.3 Sign-in",
    "sampleCount" : 1516,
    "errorCount" : 1,
    "errorPct" : 0.06596306,
    "meanResTime" : 1160.637203166225,
    "medianResTime" : 296.5,
    "minResTime" : 88.0,
    "maxResTime" : 32617.0,
    "pct1ResTime" : 2867.0999999999995,
    "pct2ResTime" : 5133.099999999989,
    "pct3ResTime" : 13965.2499999999,
    "throughput" : 0.42176144382629993,
    "receivedKBytesPerSec" : 136.29761098945553,
    "sentKBytesPerSec" : 2.200352728349324
  },
  "Run some searches" : {
    "transaction" : "Run some searches",
    "sampleCount" : 25,
    "errorCount" : 0,
    "errorPct" : 0.0,
    "meanResTime" : 15192.839999999998,
    "medianResTime" : 12787.0,
    "minResTime" : 7162.0,
    "maxResTime" : 37133.0,
    "pct1ResTime" : 27198.000000000007,
    "pct2ResTime" : 34891.399999999994,
    "pct3ResTime" : 37133.0,
    "throughput" : 0.007429817939741204,
    "receivedKBytesPerSec" : 25.151777249600276,
    "sentKBytesPerSec" : 0.25884556974815887
  },
  "4.0 Vaccination for td_ipv" : {
    "transaction" : "4.0 Vaccination for td_ipv",
    "sampleCount" : 352,
    "errorCount" : 0,
    "errorPct" : 0.0,
    "meanResTime" : 5737.826704545457,
    "medianResTime" : 3527.0,
    "minResTime" : 241.0,
    "maxResTime" : 57058.0,
    "pct1ResTime" : 13987.699999999999,
    "pct2ResTime" : 18698.149999999994,
    "pct3ResTime" : 22994.67999999999,
    "throughput" : 0.10227789135530992,
    "receivedKBytesPerSec" : 97.57884667249269,
    "sentKBytesPerSec" : 1.7259578605099541
  },
  "2.1 Open session" : {
    "transaction" : "2.1 Open session",
    "sampleCount" : 1481,
    "errorCount" : 0,
    "errorPct" : 0.0,
    "meanResTime" : 1615.5962187710995,
    "medianResTime" : 750.0,
    "minResTime" : 241.0,
    "maxResTime" : 27054.0,
    "pct1ResTime" : 3718.3999999999983,