{
  "7.3 Safe to vaccinate" : {
    "transaction" : "7.3 Safe to vaccinate",
    "sampleCount" : 28,
    "errorCount" : 0,
    "errorPct" : 0.0,
    "meanResTime" : 114.96428571428571,
    "medianResTime" : 102.0,
    "minResTime" : 82.0,
    "maxResTime" : 392.0,
    "pct1ResTime" : 128.50000000000003,
    "pct2ResTime" : 279.4999999999993,
    "pct3ResTime" : 392.0,
    "throughput" : 0.008092347558235279,
    "receivedKBytesPerSec" : 3.6500438829222275,
    "sentKBytesPerSec" : 0.059476440195817465
  },
  "2.0 Register attendance" : {
    "transaction" : "2.0 Register attendance",
    "sampleCount" : 1681,
    "errorCount" : 8,
    "errorPct" : 0.4759072,
    "meanResTime" : 1482.8953004164177,
    "medianResTime" : 1334.0,
    "minResTime" : 407.0,
    "maxResTime" : 7206.0,
    "pct1ResTime" : 2347.8,
    "pct2ResTime" : 2794.0999999999985,
    "pct3ResTime" : 4380.900000000001,
    "throughput" : 0.4706381696794789,
    "receivedKBytesPerSec" : 950.5031186187547,
    "sentKBytesPerSec" : 15.499172785085362
  },
  "2.5 Select patient" : {
    "transaction" : "2.5 Select patient",
    "sampleCount" : 1676,
    "errorCount" : 0,
    "errorPct" : 0.0,
    "meanResTime" : 139.17064439140802,
    "medianResTime" : 94.0,
    "minResTime" : 68.0,
    "maxResTime" : 3423.0,
    "pct1ResTime" : 189.49999999999977,
    "pct2ResTime" : 318.0,
    "pct3ResTime" : 1062.38,
    "throughput" : 0.4726536314660977,
    "receivedKBytesPerSec" : 211.04752028518837,
    "sentKBytesPerSec" : 3.3693767419584724
  },
  "7.1 Full name search" : {
    "transaction" : "7.1 Full name search",
    "sampleCount" : 28,
    "errorCount" : 0,
    "errorPct" : 0.0,
    "meanResTime" : 1130.4999999999998,
    "medianResTime" : 877.5,
    "minResTime" : 350.0,
    "maxResTime" : 5234.0,
    "pct1ResTime" : 1967.4000000000042,
    "pct2ResTime" : 4968.499999999998,
    "pct3ResTime" : 5234.0,
    "throughput" : 0.008088649285122288,
    "receivedKBytesPerSec" : 3.683130567626741,
    "sentKBytesPerSec" : 0.05902214486207553
  },
  "2.3 Search by first/last name" : {
    "transaction" : "2.3 Search by first/last name",
    "sampleCount" : 1684,
    "errorCount" : 0,
    "errorPct" : 0.0,
    "meanResTime" : 141.92042755344397,
    "medianResTime" : 103.0,
    "minResTime" : 78.0,
    "maxResTime" : 1853.0,
    "pct1ResTime" : 206.5,
    "pct2ResTime" : 343.0,
    "pct3ResTime" : 766.1500000000019,
    "throughput" : 0.47139996271349466,
    "receivedKBytesPerSec" : 212.27528754890355,
    "sentKBytesPerSec" : 3.485988148290419
  },
  "4.0 Vaccination for flu" : {
    "transaction" : "4.0 Vaccination for flu",
    "sampleCount" : 404,
    "errorCount" : 0,
    "errorPct" : 0.0,
    "meanResTime" : 1165.477722772276,
    "medianResTime" : 999.5,
    "minResTime" : 238.0,
    "maxResTime" : 5425.0,
    "pct1ResTime" : 1747.5,
    "pct2ResTime" : 2207.75,
    "pct3ResTime" : 3302.449999999995,
    "throughput" : 0.11546845753290208,
    "receivedKBytesPerSec" : 151.33674534378446,
    "sentKBytesPerSec" : 3.246026404192191
  },
  "4.0 Vaccination for hpv" : {
    "transaction" : "4.0 Vaccination for hpv",
    "sampleCount" : 431,
    "errorCount" : 0,
    "errorPct" : 0.0,
    "meanResTime" : 1167.9187935034795,
    "medianResTime" : 972.0,
    "minResTime" : 185.0,
    "maxResTime" : 5749.0,
    "pct1ResTime" : 1729.0,
    "pct2ResTime" : 2054.7999999999993,
    "pct3ResTime" : 3975.6000000000017,
    "throughput" : 0.12335467474148466,
    "receivedKBytesPerSec" : 161.408213136611,
    "sentKBytesPerSec" : 3.4685449939574813
  },
  "7.6 First name search" : {
    "transaction" : "7.6 First name search",
    "sampleCount" : 28,
    "errorCount" : 0,
    "errorPct" : 0.0,
    "meanResTime" : 1625.4642857142853,
    "medianResTime" : 1166.0,
    "minResTime" : 585.0,
    "maxResTime" : 6575.0,
    "pct1ResTime" : 4446.700000000001,
    "pct2ResTime" : 5935.999999999996,
    "pct3ResTime" : 6575.0,
    "throughput" : 0.008097123843774093,
    "receivedKBytesPerSec" : 4.448337360899365,
    "sentKBytesPerSec" : 0.05902100657804557
  },
  "1.2 Sign-in page" : {
    "transaction" : "1.2 Sign-in page",
    "sampleCount" : 1723,
    "errorCount" : 0,
    "errorPct" : 0.0,
    "meanResTime" : 170.60708067324455,
    "medianResTime" : 108.0,
    "minResTime" : 14.0,
    "maxResTime" : 5135.0,
    "pct1ResTime" : 308.60000000000014,
    "pct2ResTime" : 496.5999999999997,
    "pct3ResTime" : 1065.52,
    "throughput" : 0.47912483941114636,
    "receivedKBytesPerSec" : 212.79956354895458,
    "sentKBytesPerSec" : 4.020424612396903
  },
  "2.4 Patient attending session" : {
    "transaction" : "2.4 Patient attending session",
    "sampleCount" : 805,
    "errorCount" : 8,
    "errorPct" : 0.99378884,
    "meanResTime" : 712.950310559006,
    "medianResTime" : 593.0,
    "minResTime" : 24.0,
    "maxResTime" : 4602.0,
    "pct1ResTime" : 1034.1999999999998,
    "pct2ResTime" : 1363.1999999999996,
    "pct3ResTime" : 2673.699999999982,
    "throughput" : 0.22665923712413633,
    "receivedKBytesPerSec" : 102.49609205291536,
    "sentKBytesPerSec" : 1.9636638626267637
  },
  "Check STS status" : {
    "transaction" : "Check STS status",
    "sampleCount" : 1,
    "errorCount" : 0,
    "errorPct" : 0.0,
    "meanResTime" : 28.0,
    "medianResTime" : 28.0,
    "minResTime" : 28.0,
    "maxResTime" : 28.0,
    "pct1ResTime" : 28.0,
    "pct2ResTime" : 28.0,
    "pct3ResTime" : 28.0,
    "throughput" : 35.714285714285715,
    "receivedKBytesPerSec" : 11.195591517857142,
    "sentKBytesPerSec" : 21.065848214285715
  },
  "1.1 Homepage" : {
    "transaction" : "1.1 Homepage",
    "sampleCount" : 1728,
    "errorCount" : 0,
    "errorPct" : 0.0,
    "meanResTime" : 170.77025462962956,
    "medianResTime" : 110.0,
    "minResTime" : 29.0,
    "maxResTime" : 4860.0,
    "pct1ResTime" : 238.10000000000014,
    "pct2ResTime" : 451.0499999999995,
    "pct3ResTime" : 1218.9000000000033,
    "throughput" : 0.48003493587588875,
    "receivedKBytesPerSec" : 212.9971494084257,
    "sentKBytesPerSec" : 4.019704166230293
  },
  "1.3 Sign-in" : {
    "transaction" : "1.3 Sign-in",
    "sampleCount" : 1720,
    "errorCount" : 0,
    "errorPct" : 0.0,
    "meanResTime" : 193.6209302325581,
    "medianResTime" : 114.0,
    "minResTime" : 75.0,
    "maxResTime" : 4913.0,
    "pct1ResTime" : 338.0,
    "pct2ResTime" : 571.8999999999996,
    "pct3ResTime" : 1315.699999999999,
    "throughput" : 0.47894694047580594,
    "receivedKBytesPerSec" : 212.93236507575645,
    "sentKBytesPerSec" : 4.179621594760349
  },
  "Run some searches" : {
    "transaction" : "Run some searches",
    "sampleCount" : 28,
    "errorCount" : 0,
    "errorPct" : 0.0,
    "meanResTime" : 8114.392857142856,
    "medianResTime" : 6626.0,
    "minResTime" : 5067.0,
    "maxResTime" : 20693.0,
    "pct1ResTime" : 15071.400000000005,
    "pct2ResTime" : 19570.249999999993,
    "pct3ResTime" : 20693.0,
    "throughput" : 0.008070845885180112,
    "receivedKBytesPerSec" : 32.368491105999894,
    "sentKBytesPerSec" : 0.4728819848487163
  },
  "4.0 Vaccination for td_ipv" : {
    "transaction" : "4.0 Vaccination for td_ipv",
    "sampleCount" : 408,
    "errorCount" : 1,
    "errorPct" : 0.24509804,
    "meanResTime" : 1133.3921568627452,
    "medianResTime" : 994.5,
    "minResTime" : 95.0,
    "maxResTime" : 4894.0,
    "pct1ResTime" : 1664.0000000000002,
    "pct2ResTime" : 1946.3499999999992,
    "pct3ResTime" : 3137.7699999999986,
    "throughput" : 0.11774779634133355,
    "receivedKBytesPerSec" : 154.60107089889186,
    "sentKBytesPerSec" : 3.306168064001844
  },
  "2.1 Open session" : {
    "transaction" : "2.1 Open session",
    "sampleCount" : 1689,
    "errorCount" : 0,
    "errorPct" : 0.0,
    "meanResTime" : 699.1113084665487,
    "medianResTime" : 567.0,
    "minResTime" : 131.0,
    "maxResTime" : 6092.0,
    "pct1ResTime" : 1331.0,
    "pct2ResTime" : 1607.0,
    "pct3ResTime" : 2548.4999999999977,
    "throughput" : 0.4713600621558988,