{
  "7.3 Safe to vaccinate" : {
    "transaction" : "7.3 Safe to vaccinate",
    "sampleCount" : 20,
    "errorCount" : 0,
    "errorPct" : 0.0,
    "meanResTime" : 110.45000000000002,
    "medianResTime" : 91.0,
    "minResTime" : 83.0,
    "maxResTime" : 357.0,
    "pct1ResTime" : 135.5,
    "pct2ResTime" : 345.9499999999998,
    "pct3ResTime" : 357.0,
    "throughput" : 0.005833220071643609,
    "receivedKBytesPerSec" : 0.17803169946783534,
    "sentKBytesPerSec" : 0.04351473939870584
  },
  "2.0 Register attendance" : {
    "transaction" : "2.0 Register attendance",
    "sampleCount" : 1628,
    "errorCount" : 2,
    "errorPct" : 0.12285012,
    "meanResTime" : 949.4920147420132,
    "medianResTime" : 853.0,
    "minResTime" : 362.0,
    "maxResTime" : 4847.0,
    "pct1ResTime" : 1379.1000000000001,
    "pct2ResTime" : 1672.9499999999996,
    "pct3ResTime" : 2791.460000000001,
    "throughput" : 0.45861183156550867,
    "receivedKBytesPerSec" : 65.55686659505082,
    "sentKBytesPerSec" : 15.792579209224888
  },
  "2.5 Select patient" : {
    "transaction" : "2.5 Select patient",
    "sampleCount" : 1627,
    "errorCount" : 0,
    "errorPct" : 0.0,
    "meanResTime" : 135.51382913337426,
    "medianResTime" : 89.0,
    "minResTime" : 60.0,
    "maxResTime" : 2467.0,
    "pct1ResTime" : 223.0,
    "pct2ResTime" : 363.5999999999999,
    "pct3ResTime" : 849.7200000000014,
    "throughput" : 0.4584349925373996,
    "receivedKBytesPerSec" : 11.660816603003749,
    "sentKBytesPerSec" : 3.318608854959283
  },
  "7.1 Full name search" : {
    "transaction" : "7.1 Full name search",
    "sampleCount" : 20,
    "errorCount" : 0,
    "errorPct" : 0.0,
    "meanResTime" : 6368.15,
    "medianResTime" : 5919.0,
    "minResTime" : 4895.0,
    "maxResTime" : 8293.0,
    "pct1ResTime" : 8012.100000000001,
    "pct2ResTime" : 8281.15,
    "pct3ResTime" : 8293.0,
    "throughput" : 0.005823302936662555,
    "receivedKBytesPerSec" : 0.21240042515934743,
    "sentKBytesPerSec" : 0.0431592618577734
  },
  "2.3 Search by first/last name" : {
    "transaction" : "2.3 Search by first/last name",
    "sampleCount" : 1628,
    "errorCount" : 0,
    "errorPct" : 0.0,
    "meanResTime" : 127.63513513513496,
    "medianResTime" : 85.0,
    "minResTime" : 60.0,
    "maxResTime" : 2741.0,
    "pct1ResTime" : 222.10000000000014,
    "pct2ResTime" : 334.0999999999999,
    "pct3ResTime" : 722.0400000000009,
    "throughput" : 0.45861105641394884,
    "receivedKBytesPerSec" : 13.349271599299012,
    "sentKBytesPerSec" : 3.4420208569082797
  },
  "4.0 Vaccination for flu" : {
    "transaction" : "4.0 Vaccination for flu",
    "sampleCount" : 395,
    "errorCount" : 0,
    "errorPct" : 0.0,
    "meanResTime" : 862.2354430379752,
    "medianResTime" : 738.0,
    "minResTime" : 541.0,
    "maxResTime" : 4112.0,
    "pct1ResTime" : 1285.6000000000001,
    "pct2ResTime" : 1516.1999999999998,
    "pct3ResTime" : 3007.2000000000066,
    "throughput" : 0.11661890212308401,
    "receivedKBytesPerSec" : 6.296656095064776,
    "sentKBytesPerSec" : 3.339043546199242
  },
  "4.0 Vaccination for hpv" : {
    "transaction" : "4.0 Vaccination for hpv",
    "sampleCount" : 422,
    "errorCount" : 0,
    "errorPct" : 0.0,
    "meanResTime" : 853.6374407582944,
    "medianResTime" : 728.0,
    "minResTime" : 198.0,
    "maxResTime" : 4283.0,
    "pct1ResTime" : 1254.6,
    "pct2ResTime" : 1478.5999999999995,
    "pct3ResTime" : 3548.1299999999987,
    "throughput" : 0.12102912614676531,
    "receivedKBytesPerSec" : 6.048813780574911,
    "sentKBytesPerSec" : 3.45035349664474
  },
  "7.6 First name search" : {
    "transaction" : "7.6 First name search",
    "sampleCount" : 20,
    "errorCount" : 0,
    "errorPct" : 0.0,
    "meanResTime" : 8158.199999999998,
    "medianResTime" : 8181.0,
    "minResTime" : 6519.0,
    "maxResTime" : 11021.0,
    "pct1ResTime" : 9770.3,
    "pct2ResTime" : 10958.5,
    "pct3ResTime" : 11021.0,
    "throughput" : 0.005822362062420379,
    "receivedKBytesPerSec" : 0.7489772270498498,
    "sentKBytesPerSec" : 0.043102252668242975
  },
  "1.2 Sign-in page" : {
    "transaction" : "1.2 Sign-in page",
    "sampleCount" : 1695,
    "errorCount" : 0,
    "errorPct" : 0.0,
    "meanResTime" : 206.92507374631305,
    "medianResTime" : 85.0,
    "minResTime" : 11.0,
    "maxResTime" : 9671.0,
    "pct1ResTime" : 242.4000000000001,
    "pct2ResTime" : 368.39999999999964,
    "pct3ResTime" : 6098.5199999999995,
    "throughput" : 0.4718577890219432,
    "receivedKBytesPerSec" : 10.036521577559084,
    "sentKBytesPerSec" : 4.0172391251046715
  },
  "2.4 Patient attending session" : {
    "transaction" : "2.4 Patient attending session",
    "sampleCount" : 961,
    "errorCount" : 2,
    "errorPct" : 0.20811655,
    "meanResTime" : 389.2268470343392,
    "medianResTime" : 327.0,
    "minResTime" : 236.0,
    "maxResTime" : 2630.0,
    "pct1ResTime" : 566.6000000000001,
    "pct2ResTime" : 694.8,
    "pct3ResTime" : 1159.54,
    "throughput" : 0.270460962857914,
    "receivedKBytesPerSec" : 8.368457917639148,
    "sentKBytesPerSec" : 2.3822482737709434
  },
  "Check STS status" : {
    "transaction" : "Check STS status",
    "sampleCount" : 1,
    "errorCount" : 0,
    "errorPct" : 0.0,
    "meanResTime" : 26.0,
    "medianResTime" : 26.0,
    "minResTime" : 26.0,
    "maxResTime" : 26.0,
    "pct1ResTime" : 26.0,
    "pct2ResTime" : 26.0,
    "pct3ResTime" : 26.0,
    "throughput" : 38.46153846153847,
    "receivedKBytesPerSec" : 12.056790865384617,
    "sentKBytesPerSec" : 22.686298076923077
  },
  "1.1 Homepage" : {
    "transaction" : "1.1 Homepage",
    "sampleCount" : 1697,
    "errorCount" : 0,
    "errorPct" : 0.0,
    "meanResTime" : 210.22569239835002,
    "medianResTime" : 88.0,
    "minResTime" : 29.0,
    "maxResTime" : 9567.0,
    "pct1ResTime" : 232.20000000000005,
    "pct2ResTime" : 365.2999999999997,
    "pct3ResTime" : 6096.099999999997,
    "throughput" : 0.4705169947577697,
    "receivedKBytesPerSec" : 18.084706079633406,
    "sentKBytesPerSec" : 3.9974316754806583
  },
  "1.3 Sign-in" : {
    "transaction" : "1.3 Sign-in",
    "sampleCount" : 1695,
    "errorCount" : 0,
    "errorPct" : 0.0,
    "meanResTime" : 225.40766961651923,
    "medianResTime" : 89.0,
    "minResTime" : 60.0,
    "maxResTime" : 8535.0,
    "pct1ResTime" : 310.0,
    "pct2ResTime" : 429.1999999999998,
    "pct3ResTime" : 6050.039999999994,
    "throughput" : 0.47203952544293043,
    "receivedKBytesPerSec" : 10.254996138918587,
    "sentKBytesPerSec" : 4.180355907184776
  },
  "Run some searches" : {
    "transaction" : "Run some searches",
    "sampleCount" : 20,
    "errorCount" : 0,
    "errorPct" : 0.0,
    "meanResTime" : 32527.950000000008,
    "medianResTime" : 31307.0,
    "minResTime" : 26985.0,
    "maxResTime" : 38960.0,
    "pct1ResTime" : 38638.0,
    "pct2ResTime" : 38944.8,
    "pct3ResTime" : 38960.0,
    "throughput" : 0.005761302884079417,
    "receivedKBytesPerSec" : 3.7401402165191246,
    "sentKBytesPerSec" : 0.3427406962520132
  },
  "4.0 Vaccination for td_ipv" : {
    "transaction" : "4.0 Vaccination for td_ipv",
    "sampleCount" : 403,
    "errorCount" : 0,
    "errorPct" : 0.0,
    "meanResTime" : 820.4392059553347,
    "medianResTime" : 705.0,
    "minResTime" : 191.0,
    "maxResTime" : 6259.0,
    "pct1ResTime" : 1173.0,
    "pct2ResTime" : 1523.1999999999991,
    "pct3ResTime" : 1930.9199999999985,
    "throughput" : 0.1171263755809817,
    "receivedKBytesPerSec" : 5.95849584057865,
    "sentKBytesPerSec" : 3.344959468788291
  },
  "2.1 Open session" : {
    "transaction" : "2.1 Open session",
    "sampleCount" : 1631,
    "errorCount" : 0,
    "errorPct" : 0.0,
    "meanResTime" : 305.1164929491112,
    "medianResTime" : 242.0,
    "minResTime" : 113.0,
    "maxResTime" : 3417.0,
    "pct1ResTime" : 498.79999999999995,
    "pct2ResTime" : 614.3999999999999,
    "pct3ResTime" : 1112.280000000003,
    "throughput" : 0.4559888303704776,