{
  "4.3 Vaccination confirm" : {
    "transaction" : "4.3 Vaccination confirm",
    "sampleCount" : 822,
    "errorCount" : 0,
    "errorPct" : 0.0,
    "meanResTime" : 1245.2773722627746,
    "medianResTime" : 1078.0,
    "minResTime" : 777.0,
    "maxResTime" : 4185.0,
    "pct1ResTime" : 1863.9000000000003,
    "pct2ResTime" : 2262.999999999998,
    "pct3ResTime" : 3091.889999999999,
    "throughput" : 0.4941364874710551,
    "receivedKBytesPerSec" : 199.62305960694206,
    "sentKBytesPerSec" : 2.9883338027229205
  },
  "4.1 Vaccination questions" : {
    "transaction" : "4.1 Vaccination questions",
    "sampleCount" : 848,
    "errorCount" : 0,
    "errorPct" : 0.0,
    "meanResTime" : 182.14976415094324,
    "medianResTime" : 126.0,
    "minResTime" : 88.0,
    "maxResTime" : 1611.0,
    "pct1ResTime" : 307.8000000000002,
    "pct2ResTime" : 486.54999999999995,
    "pct3ResTime" : 953.8799999999992,
    "throughput" : 0.4966511189877688,
    "receivedKBytesPerSec" : 196.08896463579018,
    "sentKBytesPerSec" : 2.8424696216651753
  },
  "2.0 Register attendance" : {
    "transaction" : "2.0 Register attendance",
    "sampleCount" : 877,
    "errorCount" : 16,
    "errorPct" : 1.8244014,
    "meanResTime" : 1417.3968072976043,
    "medianResTime" : 1409.0,
    "minResTime" : 446.0,
    "maxResTime" : 5654.0,
    "pct1ResTime" : 2226.2,
    "pct2ResTime" : 2590.6999999999966,
    "pct3ResTime" : 3921.0800000000004,
    "throughput" : 0.4942270671878311,
    "receivedKBytesPerSec" : 921.7948916153913,
    "sentKBytesPerSec" : 9.722710992903306
  },
  "Reset counters" : {
    "transaction" : "Reset counters",
    "sampleCount" : 1,
    "errorCount" : 0,
    "errorPct" : 0.0,
    "meanResTime" : 429.0,
    "medianResTime" : 429.0,
    "minResTime" : 429.0,
    "maxResTime" : 429.0,
    "pct1ResTime" : 429.0,
    "pct2ResTime" : 429.0,
    "pct3ResTime" : 429.0,
    "throughput" : 2.331002331002331,
    "receivedKBytesPerSec" : 0.0,
    "sentKBytesPerSec" : 0.0
  },
  "1.0 Login" : {
    "transaction" : "1.0 Login",
    "sampleCount" : 886,
    "errorCount" : 0,
    "errorPct" : 0.0,
    "meanResTime" : 990.7065462753956,
    "medianResTime" : 868.0,
    "minResTime" : 421.0,
    "maxResTime" : 3222.0,
    "pct1ResTime" : 1483.1000000000004,
    "pct2ResTime" : 1790.0,
    "pct3ResTime" : 2390.7499999999995,
    "throughput" : 0.49440115799241885,
    "receivedKBytesPerSec" : 822.8371831548081,
    "sentKBytesPerSec" : 9.503775441292095
  },
  "4.0 Vaccination for menacwy" : {
    "transaction" : "4.0 Vaccination for menacwy",
    "sampleCount" : 205,
    "errorCount" : 0,
    "errorPct" : 0.0,
    "meanResTime" : 1510.5609756097563,
    "medianResTime" : 1385.0,
    "minResTime" : 232.0,
    "maxResTime" : 3368.0,
    "pct1ResTime" : 2153.2,
    "pct2ResTime" : 2344.0,
    "pct3ResTime" : 3215.5399999999995,
    "throughput" : 0.12152144853566654,
    "receivedKBytesPerSec" : 144.00328932256238,
    "sentKBytesPerSec" : 2.043591095886351
  },
  "2.5 Select patient" : {
    "transaction" : "2.5 Select patient",
    "sampleCount" : 872,
    "errorCount" : 0,
    "errorPct" : 0.0,
    "meanResTime" : 127.1353211009174,
    "medianResTime" : 95.0,
    "minResTime" : 66.0,
    "maxResTime" : 1038.0,
    "pct1ResTime" : 204.10000000000014,
    "pct2ResTime" : 332.4999999999991,
    "pct3ResTime" : 745.1799999999994,
    "throughput" : 0.49871432362441775,
    "receivedKBytesPerSec" : 202.8291190373398,
    "sentKBytesPerSec" : 2.0792640995103793
  },
  "Initialise vaccination list" : {
    "transaction" : "Initialise vaccination list",
    "sampleCount" : 1,
    "errorCount" : 1,
    "errorPct" : 100.0,
    "meanResTime" : 2.0,
    "medianResTime" : 2.0,
    "minResTime" : 2.0,
    "maxResTime" : 2.0,
    "pct1ResTime" : 2.0,
    "pct2ResTime" : 2.0,
    "pct3ResTime" : 2.0,
    "throughput" : 500.0,
    "receivedKBytesPerSec" : 1247.55859375,
    "sentKBytesPerSec" : 0.0
  },
  "2.3 Search by first/last name" : {
    "transaction" : "2.3 Search by first/last name",
    "sampleCount" : 877,
    "errorCount" : 0,
    "errorPct" : 0.0,
    "meanResTime" : 129.78335233751434,
    "medianResTime" : 96.0,
    "minResTime" : 70.0,
    "maxResTime" : 1239.0,
    "pct1ResTime" : 188.60000000000014,
    "pct2ResTime" : 302.0,
    "pct3ResTime" : 742.0800000000004,
    "throughput" : 0.49410900371398697,
    "receivedKBytesPerSec" : 201.33450795289428,
    "sentKBytesPerSec" : 2.1410381454827054
  },
  "4.0 Vaccination for flu" : {
    "transaction" : "4.0 Vaccination for flu",
    "sampleCount" : 213,
    "errorCount" : 0,
    "errorPct" : 0.0,
    "meanResTime" : 1557.7511737089196,
    "medianResTime" : 1406.0,
    "minResTime" : 254.0,
    "maxResTime" : 4456.0,
    "pct1ResTime" : 2176.4,
    "pct2ResTime" : 2537.999999999998,
    "pct3ResTime" : 3967.5799999999977,
    "throughput" : 0.12576737287309955,
    "receivedKBytesPerSec" : 149.1320177262248,
    "sentKBytesPerSec" : 2.115606237301481
  },
  "4.0 Vaccination for hpv" : {
    "transaction" : "4.0 Vaccination for hpv",
    "sampleCount" : 220,
    "errorCount" : 0,
    "errorPct" : 0.0,
    "meanResTime" : 1586.3590909090913,
    "medianResTime" : 1395.5,
    "minResTime" : 275.0,
    "maxResTime" : 3703.0,
    "pct1ResTime" : 2365.3,
    "pct2ResTime" : 2798.1499999999996,
    "pct3ResTime" : 3563.64,
    "throughput" : 0.12980721857942518,
    "receivedKBytesPerSec" : 153.70109282558454,
    "sentKBytesPerSec" : 2.1871202585700793
  },
  "1.2 Sign-in page" : {
    "transaction" : "1.2 Sign-in page",
    "sampleCount" : 887,
    "errorCount" : 0,
    "errorPct" : 0.0,
    "meanResTime" : 161.76211950394594,
    "medianResTime" : 110.0,
    "minResTime" : 18.0,
    "maxResTime" : 2433.0,
    "pct1ResTime" : 295.00000000000045,
    "pct2ResTime" : 452.0,
    "pct3ResTime" : 1092.16,
    "throughput" : 0.4941751954136976,
    "receivedKBytesPerSec" : 198.53320683557948,
    "sentKBytesPerSec" : 2.434825140083625
  },
  "2.4 Patient attending session" : {
    "transaction" : "2.4 Patient attending session",
    "sampleCount" : 489,
    "errorCount" : 16,
    "errorPct" : 3.2719836,
    "meanResTime" : 1020.2576687116563,
    "medianResTime" : 911.0,
    "minResTime" : 54.0,
    "maxResTime" : 4368.0,
    "pct1ResTime" : 1440.0,
    "pct2ResTime" : 1765.5,
    "pct3ResTime" : 3019.2000000000016,
    "throughput" : 0.27836505784186816,
    "receivedKBytesPerSec" : 113.68755927354121,
    "sentKBytesPerSec" : 1.4173099544753587
  },
  "Total" : {
    "transaction" : "Total",
    "sampleCount" : 11222,
    "errorCount" : 18,
    "errorPct" : 0.16039921,
    "meanResTime" : 311.4705043664237,
    "medianResTime" : 124.0,
    "minResTime" : 1.0,
    "maxResTime" : 4368.0,
    "pct1ResTime" : 892.0,
    "pct2ResTime" : 1115.7000000000007,
    "pct3ResTime" : 1859.0,
    "throughput" : 6.019485280904844,
    "receivedKBytesPerSec" : 2208.3345060107686,
    "sentKBytesPerSec" : 26.547881098570816
  },
  "1.4 Open Sessions list" : {
    "transaction" : "1.4 Open Sessions list",
    "sampleCount" : 883,
    "errorCount" : 0,
    "errorPct" : 0.0,
    "meanResTime" : 496.6070215175539,
    "medianResTime" : 435.0,
    "minResTime" : 357.0,
    "maxResTime" : 2168.0,
    "pct1ResTime" : 667.2,
    "pct2ResTime" : 864.1999999999998,
    "pct3ResTime" : 1443.7199999999993,
    "throughput" : 0.4939981739410648,
    "receivedKBytesPerSec" : 227.2220660606471,
    "sentKBytesPerSec" : 2.058254882392909
  },
  "Reset vaccination list" : {
    "transaction" : "Reset vaccination list",
    "sampleCount" : 1,
    "errorCount" : 1,
    "errorPct" : 100.0,
    "meanResTime" : 58.0,
    "medianResTime" : 58.0,
    "minResTime" : 58.0,
    "maxResTime" : 58.0,
    "pct1ResTime" : 58.0,
    "pct2ResTime" : 58.0,
    "pct3ResTime" : 58.0,
    "throughput" : 17.241379310344826,
    "receivedKBytesPerSec" : 43.01926185344827,
    "sentKBytesPerSec" : 0.0
  },
  "4.2 Vaccination batch" : {
    "transaction" : "4.2 Vaccination batch",