{
  "7.3 Safe to vaccinate" : {
    "transaction" : "7.3 Safe to vaccinate",
    "sampleCount" : 27,
    "errorCount" : 0,
    "errorPct" : 0.0,
    "meanResTime" : 141.14814814814812,
    "medianResTime" : 94.0,
    "minResTime" : 81.0,
    "maxResTime" : 881.0,
    "pct1ResTime" : 228.99999999999991,
    "pct2ResTime" : 656.9999999999989,
    "pct3ResTime" : 881.0,
    "throughput" : 0.007862637967455668,
    "receivedKBytesPerSec" : 3.340154569907151,
    "sentKBytesPerSec" : 0.05778760210145016
  },
  "2.0 Register attendance" : {
    "transaction" : "2.0 Register attendance",
    "sampleCount" : 1700,
    "errorCount" : 4,
    "errorPct" : 0.23529412,
    "meanResTime" : 1147.794117647056,
    "medianResTime" : 1103.0,
    "minResTime" : 477.0,
    "maxResTime" : 3956.0,
    "pct1ResTime" : 1651.0,
    "pct2ResTime" : 1880.9499999999962,
    "pct3ResTime" : 2351.3100000000004,
    "throughput" : 0.4758725613280763,
    "receivedKBytesPerSec" : 895.3582494279906,
    "sentKBytesPerSec" : 15.375847309028142
  },
  "2.5 Select patient" : {
    "transaction" : "2.5 Select patient",
    "sampleCount" : 1694,
    "errorCount" : 0,
    "errorPct" : 0.0,
    "meanResTime" : 105.51593860684768,
    "medianResTime" : 88.0,
    "minResTime" : 58.0,
    "maxResTime" : 1319.0,
    "pct1ResTime" : 137.0,
    "pct2ResTime" : 201.0,
    "pct3ResTime" : 475.14999999999804,
    "throughput" : 0.47829044201208376,
    "receivedKBytesPerSec" : 201.69481547119233,
    "sentKBytesPerSec" : 3.4095699862053865
  },
  "7.1 Full name search" : {
    "transaction" : "7.1 Full name search",
    "sampleCount" : 27,
    "errorCount" : 0,
    "errorPct" : 0.0,
    "meanResTime" : 725.1851851851851,
    "medianResTime" : 611.0,
    "minResTime" : 241.0,
    "maxResTime" : 3465.0,
    "pct1ResTime" : 1163.3999999999996,
    "pct2ResTime" : 2764.199999999996,
    "pct3ResTime" : 3465.0,
    "throughput" : 0.007858589627651291,
    "receivedKBytesPerSec" : 3.3693234037203434,
    "sentKBytesPerSec" : 0.057337461445613754
  },
  "2.3 Search by first/last name" : {
    "transaction" : "2.3 Search by first/last name",
    "sampleCount" : 1704,
    "errorCount" : 0,
    "errorPct" : 0.0,
    "meanResTime" : 111.37617370892008,
    "medianResTime" : 93.0,
    "minResTime" : 66.0,
    "maxResTime" : 1032.0,
    "pct1ResTime" : 137.0,
    "pct2ResTime" : 205.75,
    "pct3ResTime" : 509.9000000000001,
    "throughput" : 0.4773820636576655,
    "receivedKBytesPerSec" : 203.2481295072368,
    "sentKBytesPerSec" : 3.5301998916575243
  },
  "4.0 Vaccination for flu" : {
    "transaction" : "4.0 Vaccination for flu",
    "sampleCount" : 410,
    "errorCount" : 0,
    "errorPct" : 0.0,
    "meanResTime" : 924.160975609756,
    "medianResTime" : 848.0,
    "minResTime" : 191.0,
    "maxResTime" : 2414.0,
    "pct1ResTime" : 1200.2000000000003,
    "pct2ResTime" : 1460.6999999999998,
    "pct3ResTime" : 1905.8399999999979,
    "throughput" : 0.11715343442436517,
    "receivedKBytesPerSec" : 144.72009991875336,
    "sentKBytesPerSec" : 3.2906614970451615
  },
  "4.0 Vaccination for hpv" : {
    "transaction" : "4.0 Vaccination for hpv",
    "sampleCount" : 424,
    "errorCount" : 0,
    "errorPct" : 0.0,
    "meanResTime" : 932.7452830188679,
    "medianResTime" : 860.0,
    "minResTime" : 191.0,
    "maxResTime" : 3350.0,
    "pct1ResTime" : 1222.0,
    "pct2ResTime" : 1396.0,
    "pct3ResTime" : 1851.0,
    "throughput" : 0.1215503634183861,
    "receivedKBytesPerSec" : 150.1230924754233,
    "sentKBytesPerSec" : 3.420488077923243
  },
  "7.6 First name search" : {
    "transaction" : "7.6 First name search",
    "sampleCount" : 27,
    "errorCount" : 0,
    "errorPct" : 0.0,
    "meanResTime" : 1533.5185185185187,
    "medianResTime" : 1061.0,
    "minResTime" : 444.0,
    "maxResTime" : 10825.0,
    "pct1ResTime" : 2573.999999999999,
    "pct2ResTime" : 7905.399999999984,
    "pct3ResTime" : 10825.0,
    "throughput" : 0.00785884581497541,
    "receivedKBytesPerSec" : 4.055776991624362,
    "sentKBytesPerSec" : 0.05728475530901418
  },
  "1.2 Sign-in page" : {
    "transaction" : "1.2 Sign-in page",
    "sampleCount" : 1742,
    "errorCount" : 0,
    "errorPct" : 0.0,
    "meanResTime" : 134.76865671641835,
    "medianResTime" : 100.0,
    "minResTime" : 17.0,
    "maxResTime" : 4443.0,
    "pct1ResTime" : 210.50000000000023,
    "pct2ResTime" : 347.8499999999999,
    "pct3ResTime" : 727.5399999999986,
    "throughput" : 0.4848930215209552,
    "receivedKBytesPerSec" : 203.244830940705,
    "sentKBytesPerSec" : 4.069875244690741
  },
  "2.4 Patient attending session" : {
    "transaction" : "2.4 Patient attending session",
    "sampleCount" : 693,
    "errorCount" : 4,
    "errorPct" : 0.5772006,
    "meanResTime" : 563.2900432900432,
    "medianResTime" : 511.0,
    "minResTime" : 209.0,
    "maxResTime" : 2073.0,
    "pct1ResTime" : 727.8000000000001,
    "pct2ResTime" : 892.2999999999995,
    "pct3ResTime" : 1245.3799999999987,
    "throughput" : 0.19495765789741681,
    "receivedKBytesPerSec" : 83.38248850685221,
    "sentKBytesPerSec" : 1.6901797490968087
  },
  "Check STS status" : {
    "transaction" : "Check STS status",
    "sampleCount" : 1,
    "errorCount" : 0,
    "errorPct" : 0.0,
    "meanResTime" : 30.0,
    "medianResTime" : 30.0,
    "minResTime" : 30.0,
    "maxResTime" : 30.0,
    "pct1ResTime" : 30.0,
    "pct2ResTime" : 30.0,
    "pct3ResTime" : 30.0,
    "throughput" : 33.333333333333336,
    "receivedKBytesPerSec" : 10.44921875,
    "sentKBytesPerSec" : 19.661458333333336
  },
  "1.1 Homepage" : {
    "transaction" : "1.1 Homepage",
    "sampleCount" : 1742,
    "errorCount" : 0,
    "errorPct" : 0.0,
    "meanResTime" : 129.89724454649829,
    "medianResTime" : 100.0,
    "minResTime" : 33.0,
    "maxResTime" : 4843.0,
    "pct1ResTime" : 172.0,
    "pct2ResTime" : 276.8499999999999,
    "pct3ResTime" : 690.6899999999989,
    "throughput" : 0.48495511659662843,
    "receivedKBytesPerSec" : 203.05404348423338,
    "sentKBytesPerSec" : 4.061704903367404
  },
  "1.3 Sign-in" : {
    "transaction" : "1.3 Sign-in",
    "sampleCount" : 1741,
    "errorCount" : 0,
    "errorPct" : 0.0,
    "meanResTime" : 151.27685238368758,
    "medianResTime" : 105.0,
    "minResTime" : 65.0,
    "maxResTime" : 4447.0,
    "pct1ResTime" : 296.5999999999999,
    "pct2ResTime" : 384.6999999999996,
    "pct3ResTime" : 737.7399999999998,
    "throughput" : 0.4848011633000228,
    "receivedKBytesPerSec" : 203.42055596569622,
    "sentKBytesPerSec" : 4.230842900858302
  },
  "Run some searches" : {
    "transaction" : "Run some searches",
    "sampleCount" : 27,
    "errorCount" : 0,
    "errorPct" : 0.0,
    "meanResTime" : 7329.444444444444,
    "medianResTime" : 5948.0,
    "minResTime" : 4251.0,
    "maxResTime" : 27014.0,
    "pct1ResTime" : 11440.599999999997,
    "pct2ResTime" : 22076.799999999974,
    "pct3ResTime" : 27014.0,
    "throughput" : 0.007871956504816325,
    "receivedKBytesPerSec" : 29.668703938576726,
    "sentKBytesPerSec" : 0.4612152780207394
  },
  "4.0 Vaccination for td_ipv" : {
    "transaction" : "4.0 Vaccination for td_ipv",
    "sampleCount" : 416,
    "errorCount" : 0,
    "errorPct" : 0.0,
    "meanResTime" : 961.7379807692308,
    "medianResTime" : 883.5,
    "minResTime" : 280.0,
    "maxResTime" : 2867.0,
    "pct1ResTime" : 1328.6,
    "pct2ResTime" : 1504.0,
    "pct3ResTime" : 1830.5599999999995,
    "throughput" : 0.12003277818173425,
    "receivedKBytesPerSec" : 148.9507287176258,
    "sentKBytesPerSec" : 3.378239225903997
  },
  "2.1 Open session" : {
    "transaction" : "2.1 Open session",
    "sampleCount" : 1709,
    "errorCount" : 0,
    "errorPct" : 0.0,
    "meanResTime" : 564.275014628439,
    "medianResTime" : 492.0,
    "minResTime" : 117.0,
    "maxResTime" : 2004.0,
    "pct1ResTime" : 937.0,
    "pct2ResTime" : 1076.0,
    "pct3ResTime" : 1522.900000000001,
    "throughput" : 0.47737283488793747,