{
  "2.0 Register attendance" : {
    "transaction" : "2.0 Register attendance",
    "sampleCount" : 1634,
    "errorCount" : 6,
    "errorPct" : 0.36719707,
    "meanResTime" : 1123.8935128518972,
    "medianResTime" : 1091.5,
    "minResTime" : 417.0,
    "maxResTime" : 3284.0,
    "pct1ResTime" : 1519.0,
    "pct2ResTime" : 1712.0,
    "pct3ResTime" : 2318.6500000000074,
    "throughput" : 0.45893410447744426,
    "receivedKBytesPerSec" : 70.69871711337962,
    "sentKBytesPerSec" : 16.67700229488117
  },
  "2.5 Select patient" : {
    "transaction" : "2.5 Select patient",
    "sampleCount" : 1627,
    "errorCount" : 0,
    "errorPct" : 0.0,
    "meanResTime" : 130.4074984634295,
    "medianResTime" : 98.0,
    "minResTime" : 71.0,
    "maxResTime" : 1291.0,
    "pct1ResTime" : 220.20000000000005,
    "pct2ResTime" : 306.0,
    "pct3ResTime" : 563.2000000000003,
    "throughput" : 0.4589012600746032,
    "receivedKBytesPerSec" : 11.62515942640868,
    "sentKBytesPerSec" : 3.3096429399331533
  },
  "7.1 Full name search" : {
    "transaction" : "7.1 Full name search",
    "sampleCount" : 195,
    "errorCount" : 0,
    "errorPct" : 0.0,
    "meanResTime" : 550.7538461538461,
    "medianResTime" : 334.0,
    "minResTime" : 169.0,
    "maxResTime" : 5774.0,
    "pct1ResTime" : 1095.6,
    "pct2ResTime" : 2012.2,
    "pct3ResTime" : 3680.2399999999825,
    "throughput" : 0.05555373541892502,
    "receivedKBytesPerSec" : 2.2259186575795953,
    "sentKBytesPerSec" : 0.4099820046850317
  },
  "2.3 Search by first/last name" : {
    "transaction" : "2.3 Search by first/last name",
    "sampleCount" : 1637,
    "errorCount" : 0,
    "errorPct" : 0.0,
    "meanResTime" : 131.49664019547953,
    "medianResTime" : 103.0,
    "minResTime" : 73.0,
    "maxResTime" : 852.0,
    "pct1ResTime" : 211.20000000000005,
    "pct2ResTime" : 270.0999999999999,
    "pct3ResTime" : 481.29999999999836,
    "throughput" : 0.4586947737937056,
    "receivedKBytesPerSec" : 14.079259513012977,
    "sentKBytesPerSec" : 3.430349739266206
  },
  "4.0 Vaccination for flu" : {
    "transaction" : "4.0 Vaccination for flu",
    "sampleCount" : 411,
    "errorCount" : 0,
    "errorPct" : 0.0,
    "meanResTime" : 888.5352798053527,
    "medianResTime" : 835.0,
    "minResTime" : 187.0,
    "maxResTime" : 2511.0,
    "pct1ResTime" : 1259.4,
    "pct2ResTime" : 1453.0,
    "pct3ResTime" : 1754.6399999999999,
    "throughput" : 0.11747673689069661,
    "receivedKBytesPerSec" : 6.1932928773118405,
    "sentKBytesPerSec" : 3.325101014630284
  },
  "4.0 Vaccination for hpv" : {
    "transaction" : "4.0 Vaccination for hpv",
    "sampleCount" : 423,
    "errorCount" : 0,
    "errorPct" : 0.0,
    "meanResTime" : 900.7966903073285,
    "medianResTime" : 845.0,
    "minResTime" : 184.0,
    "maxResTime" : 4144.0,
    "pct1ResTime" : 1213.0,
    "pct2ResTime" : 1424.7999999999995,
    "pct3ResTime" : 1764.1599999999999,
    "throughput" : 0.12155078107152617,
    "receivedKBytesPerSec" : 5.962047683556047,
    "sentKBytesPerSec" : 3.4441049236112247
  },
  "1.2 Sign-in page" : {
    "transaction" : "1.2 Sign-in page",
    "sampleCount" : 3339,
    "errorCount" : 0,
    "errorPct" : 0.0,
    "meanResTime" : 720.0886492961979,
    "medianResTime" : 236.0,
    "minResTime" : 12.0,
    "maxResTime" : 9396.0,
    "pct1ResTime" : 1753.0,
    "pct2ResTime" : 3650.0,
    "pct3ResTime" : 4740.199999999998,
    "throughput" : 0.9291869906029391,
    "receivedKBytesPerSec" : 63.871873035930655,
    "sentKBytesPerSec" : 8.07292344256823
  },
  "7.7 Due vaccination search" : {
    "transaction" : "7.7 Due vaccination search",
    "sampleCount" : 174,
    "errorCount" : 0,
    "errorPct" : 0.0,
    "meanResTime" : 725.8275862068973,
    "medianResTime" : 660.0,
    "minResTime" : 563.0,
    "maxResTime" : 3993.0,
    "pct1ResTime" : 903.0,
    "pct2ResTime" : 1039.5,
    "pct3ResTime" : 1917.75,
    "throughput" : 0.05091573708869083,
    "receivedKBytesPerSec" : 6.783536949188289,
    "sentKBytesPerSec" : 0.3857057972760666
  },
  "7.2 First name search" : {
    "transaction" : "7.2 First name search",
    "sampleCount" : 161,
    "errorCount" : 0,
    "errorPct" : 0.0,
    "meanResTime" : 1033.4037267080748,
    "medianResTime" : 690.0,
    "minResTime" : 305.0,
    "maxResTime" : 6213.0,
    "pct1ResTime" : 1891.4000000000024,
    "pct2ResTime" : 3361.2000000000007,
    "pct3ResTime" : 6067.919999999999,
    "throughput" : 0.04725019978617083,
    "receivedKBytesPerSec" : 6.376342868194981,
    "sentKBytesPerSec" : 0.3483598820087674
  },
  "2.4 Patient attending session" : {
    "transaction" : "2.4 Patient attending session",
    "sampleCount" : 1348,
    "errorCount" : 6,
    "errorPct" : 0.44510385,
    "meanResTime" : 433.62166172106856,
    "medianResTime" : 386.0,
    "minResTime" : 154.0,
    "maxResTime" : 1612.0,
    "pct1ResTime" : 612.3000000000004,
    "pct2ResTime" : 740.6499999999999,
    "pct3ResTime" : 1009.7299999999998,
    "throughput" : 0.37881800352233297,
    "receivedKBytesPerSec" : 12.141644039398479,
    "sentKBytesPerSec" : 3.3227797327169206
  },
  "Check STS status" : {
    "transaction" : "Check STS status",
    "sampleCount" : 1,
    "errorCount" : 0,
    "errorPct" : 0.0,
    "meanResTime" : 21.0,
    "medianResTime" : 21.0,
    "minResTime" : 21.0,
    "maxResTime" : 21.0,
    "pct1ResTime" : 21.0,
    "pct2ResTime" : 21.0,
    "pct3ResTime" : 21.0,
    "throughput" : 47.61904761904761,
    "receivedKBytesPerSec" : 14.88095238095238,
    "sentKBytesPerSec" : 28.087797619047617
  },
  "1.1 Homepage" : {
    "transaction" : "1.1 Homepage",
    "sampleCount" : 3344,
    "errorCount" : 0,
    "errorPct" : 0.0,
    "meanResTime" : 713.7583732057418,
    "medianResTime" : 227.0,
    "minResTime" : 30.0,
    "maxResTime" : 9269.0,
    "pct1ResTime" : 1739.0,
    "pct2ResTime" : 3661.5,
    "pct3ResTime" : 4739.80000000001,
    "throughput" : 0.9289438514000967,
    "receivedKBytesPerSec" : 74.18288850319477,
    "sentKBytesPerSec" : 8.057410052577417
  },
  "1.3 Sign-in" : {
    "transaction" : "1.3 Sign-in",
    "sampleCount" : 3338,
    "errorCount" : 0,
    "errorPct" : 0.0,
    "meanResTime" : 726.9086279209097,
    "medianResTime" : 257.5,
    "minResTime" : 68.0,
    "maxResTime" : 9036.0,
    "pct1ResTime" : 1727.0,
    "pct2ResTime" : 3647.149999999999,
    "pct3ResTime" : 4719.980000000002,
    "throughput" : 0.9293305117470662,
    "receivedKBytesPerSec" : 64.11879231039555,
    "sentKBytesPerSec" : 8.3310154483623
  },
  "Run some searches" : {
    "transaction" : "Run some searches",
    "sampleCount" : 1679,
    "errorCount" : 1,
    "errorPct" : 0.059559263,
    "meanResTime" : 1361.2793329362714,
    "medianResTime" : 845.0,
    "minResTime" : 0.0,
    "maxResTime" : 60007.0,
    "pct1ResTime" : 3646.0,
    "pct2ResTime" : 3914.0,
    "pct3ResTime" : 5757.200000000001,
    "throughput" : 0.46964404394010933,
    "receivedKBytesPerSec" : 54.26604941956374,
    "sentKBytesPerSec" : 3.50898533827378
  },
  "4.0 Vaccination for td_ipv" : {
    "transaction" : "4.0 Vaccination for td_ipv",
    "sampleCount" : 388,
    "errorCount" : 0,
    "errorPct" : 0.0,
    "meanResTime" : 912.2499999999995,
    "medianResTime" : 828.5,
    "minResTime" : 215.0,
    "maxResTime" : 2730.0,
    "pct1ResTime" : 1254.2,
    "pct2ResTime" : 1563.6499999999999,
    "pct3ResTime" : 2169.1700000000033,
    "throughput" : 0.11146702673197638,
    "receivedKBytesPerSec" : 5.578866164604191,
    "sentKBytesPerSec" : 3.165647343231538
  },
  "2.1 Open session" : {
    "transaction" : "2.1 Open session",
    "sampleCount" : 1641,
    "errorCount" : 0,
    "errorPct" : 0.0,
    "meanResTime" : 344.23400365630795,
    "medianResTime" : 301.0,
    "minResTime" : 118.0,
    "maxResTime" : 1685.0,
    "pct1ResTime" : 548.0,
    "pct2ResTime" : 639.6999999999996,
    "pct3ResTime" : 906.7399999999998,
    "throughput" : 0.45839294862591057,
    "receivedKBytesPerSec" : 10.734600648014272,