{
  "7.3 Safe to vaccinate" : {
    "transaction" : "7.3 Safe to vaccinate",
    "sampleCount" : 11,
    "errorCount" : 0,
    "errorPct" : 0.0,
    "meanResTime" : 132.0909090909091,
    "medianResTime" : 94.0,
    "minResTime" : 79.0,
    "maxResTime" : 407.0,
    "pct1ResTime" : 362.60000000000014,
    "pct2ResTime" : 407.0,
    "pct3ResTime" : 407.0,
    "throughput" : 0.0066855645290688345,
    "receivedKBytesPerSec" : 2.7773036366128254,
    "sentKBytesPerSec" : 0.029237474139020843
  },
  "2.0 Register attendance" : {
    "transaction" : "2.0 Register attendance",
    "sampleCount" : 848,
    "errorCount" : 7,
    "errorPct" : 0.8254717,
    "meanResTime" : 1293.0400943396219,
    "medianResTime" : 1142.5,
    "minResTime" : 465.0,
    "maxResTime" : 8352.0,
    "pct1ResTime" : 1712.6000000000004,
    "pct2ResTime" : 2069.6499999999987,
    "pct3ResTime" : 4774.039999999996,
    "throughput" : 0.4817464672872561,
    "receivedKBytesPerSec" : 985.53268399729,
    "sentKBytesPerSec" : 10.459166332554473
  },
  "2.5 Select patient" : {
    "transaction" : "2.5 Select patient",
    "sampleCount" : 841,
    "errorCount" : 0,
    "errorPct" : 0.0,
    "meanResTime" : 111.385255648038,
    "medianResTime" : 85.0,
    "minResTime" : 57.0,
    "maxResTime" : 5172.0,
    "pct1ResTime" : 150.8000000000004,
    "pct2ResTime" : 214.19999999999982,
    "pct3ResTime" : 528.3400000000009,
    "throughput" : 0.47954574872144895,
    "receivedKBytesPerSec" : 195.34274446319958,
    "sentKBytesPerSec" : 1.9925061710866416
  },
  "7.1 Full name search" : {
    "transaction" : "7.1 Full name search",
    "sampleCount" : 11,
    "errorCount" : 0,
    "errorPct" : 0.0,
    "meanResTime" : 7144.636363636364,
    "medianResTime" : 6531.0,
    "minResTime" : 5870.0,
    "maxResTime" : 9978.0,
    "pct1ResTime" : 9606.000000000002,
    "pct2ResTime" : 9978.0,
    "pct3ResTime" : 9978.0,
    "throughput" : 0.006640126283128948,
    "receivedKBytesPerSec" : 3.335951341456421,
    "sentKBytesPerSec" : 0.028698031579836955
  },
  "2.3 Search by first/last name" : {
    "transaction" : "2.3 Search by first/last name",
    "sampleCount" : 855,
    "errorCount" : 0,
    "errorPct" : 0.0,
    "meanResTime" : 114.12163742690053,
    "medianResTime" : 80.0,
    "minResTime" : 55.0,
    "maxResTime" : 3436.0,
    "pct1ResTime" : 144.39999999999998,
    "pct2ResTime" : 201.5999999999998,
    "pct3ResTime" : 528.519999999998,
    "throughput" : 0.4821141296655819,
    "receivedKBytesPerSec" : 199.30705389006894,
    "sentKBytesPerSec" : 2.0821590318302463
  },
  "4.0 Vaccination for flu" : {
    "transaction" : "4.0 Vaccination for flu",
    "sampleCount" : 212,
    "errorCount" : 1,
    "errorPct" : 0.4716981,
    "meanResTime" : 986.1745283018871,
    "medianResTime" : 831.5,
    "minResTime" : 111.0,
    "maxResTime" : 6815.0,
    "pct1ResTime" : 1357.8000000000004,
    "pct2ResTime" : 1793.7499999999998,
    "pct3ResTime" : 5886.020000000002,
    "throughput" : 0.12475468344970238,
    "receivedKBytesPerSec" : 147.41235461684275,
    "sentKBytesPerSec" : 2.0790416729191126
  },
  "4.0 Vaccination for hpv" : {
    "transaction" : "4.0 Vaccination for hpv",
    "sampleCount" : 208,
    "errorCount" : 0,
    "errorPct" : 0.0,
    "meanResTime" : 1017.1875000000001,
    "medianResTime" : 809.0,
    "minResTime" : 182.0,
    "maxResTime" : 9336.0,
    "pct1ResTime" : 1290.1,
    "pct2ResTime" : 1743.1499999999999,
    "pct3ResTime" : 6830.799999999997,
    "throughput" : 0.12170682114070888,
    "receivedKBytesPerSec" : 144.7323183631749,
    "sentKBytesPerSec" : 2.0501781214800836
  },
  "7.6 First name search" : {
    "transaction" : "7.6 First name search",
    "sampleCount" : 11,
    "errorCount" : 0,
    "errorPct" : 0.0,
    "meanResTime" : 5341.636363636363,
    "medianResTime" : 5267.0,
    "minResTime" : 4784.0,
    "maxResTime" : 6484.0,
    "pct1ResTime" : 6390.6,
    "pct2ResTime" : 6484.0,
    "pct3ResTime" : 6484.0,
    "throughput" : 0.006663339035536193,
    "receivedKBytesPerSec" : 3.2808686563497984,
    "sentKBytesPerSec" : 0.028755171091830505
  },
  "1.2 Sign-in page" : {
    "transaction" : "1.2 Sign-in page",
    "sampleCount" : 876,
    "errorCount" : 0,
    "errorPct" : 0.0,
    "meanResTime" : 194.16552511415526,
    "medianResTime" : 98.0,
    "minResTime" : 13.0,
    "maxResTime" : 6379.0,
    "pct1ResTime" : 252.0,
    "pct2ResTime" : 413.44999999999993,
    "pct3ResTime" : 4467.280000000001,
    "throughput" : 0.48798232122494706,
    "receivedKBytesPerSec" : 196.95411728033275,
    "sentKBytesPerSec" : 2.3961358126242587
  },
  "2.4 Patient attending session" : {
    "transaction" : "2.4 Patient attending session",
    "sampleCount" : 822,
    "errorCount" : 7,
    "errorPct" : 0.8515815,
    "meanResTime" : 566.0900243309012,
    "medianResTime" : 482.5,
    "minResTime" : 65.0,
    "maxResTime" : 7322.0,
    "pct1ResTime" : 764.7,
    "pct2ResTime" : 1005.9499999999994,
    "pct3ResTime" : 1699.85,
    "throughput" : 0.4666882789138086,
    "receivedKBytesPerSec" : 193.42224358775556,
    "sentKBytesPerSec" : 2.3770259796195754
  },
  "Check STS status" : {
    "transaction" : "Check STS status",
    "sampleCount" : 1,
    "errorCount" : 0,
    "errorPct" : 0.0,
    "meanResTime" : 23.0,
    "medianResTime" : 23.0,
    "minResTime" : 23.0,
    "maxResTime" : 23.0,
    "pct1ResTime" : 23.0,
    "pct2ResTime" : 23.0,
    "pct3ResTime" : 23.0,
    "throughput" : 43.47826086956522,
    "receivedKBytesPerSec" : 13.629415760869566,
    "sentKBytesPerSec" : 25.64538043478261
  },
  "1.1 Homepage" : {
    "transaction" : "1.1 Homepage",
    "sampleCount" : 878,
    "errorCount" : 0,
    "errorPct" : 0.0,
    "meanResTime" : 177.17881548974938,
    "medianResTime" : 101.0,
    "minResTime" : 28.0,
    "maxResTime" : 6199.0,
    "pct1ResTime" : 198.0,
    "pct2ResTime" : 280.8999999999992,
    "pct3ResTime" : 2750.5100000000957,
    "throughput" : 0.48777127416078897,
    "receivedKBytesPerSec" : 196.66493964976303,
    "sentKBytesPerSec" : 2.381637081644467
  },
  "1.3 Sign-in" : {
    "transaction" : "1.3 Sign-in",
    "sampleCount" : 874,
    "errorCount" : 0,
    "errorPct" : 0.0,
    "meanResTime" : 213.11899313501118,
    "medianResTime" : 104.0,
    "minResTime" : 65.0,
    "maxResTime" : 6008.0,
    "pct1ResTime" : 331.0,
    "pct2ResTime" : 427.25,
    "pct3ResTime" : 4482.5,
    "throughput" : 0.4882048807081987,
    "receivedKBytesPerSec" : 197.38934543469784,
    "sentKBytesPerSec" : 2.5534296366685996
  },
  "Run some searches" : {
    "transaction" : "Run some searches",
    "sampleCount" : 11,
    "errorCount" : 0,
    "errorPct" : 0.0,
    "meanResTime" : 27653.272727272724,
    "medianResTime" : 26232.0,
    "minResTime" : 22474.0,
    "maxResTime" : 34702.0,
    "pct1ResTime" : 34425.6,
    "pct2ResTime" : 34702.0,
    "pct3ResTime" : 34702.0,
    "throughput" : 0.006549369444571793,
    "receivedKBytesPerSec" : 25.79104009791903,
    "sentKBytesPerSec" : 0.2278400270742002
  },
  "4.0 Vaccination for td_ipv" : {
    "transaction" : "4.0 Vaccination for td_ipv",
    "sampleCount" : 200,
    "errorCount" : 0,
    "errorPct" : 0.0,
    "meanResTime" : 1020.3300000000002,
    "medianResTime" : 847.5,
    "minResTime" : 192.0,
    "maxResTime" : 9323.0,
    "pct1ResTime" : 1373.7000000000005,
    "pct2ResTime" : 1670.9999999999998,
    "pct3ResTime" : 6431.630000000023,
    "throughput" : 0.11822762601291519,
    "receivedKBytesPerSec" : 141.1073554366161,
    "sentKBytesPerSec" : 1.988301182438823
  },
  "2.1 Open session" : {
    "transaction" : "2.1 Open session",
    "sampleCount" : 860,
    "errorCount" : 0,
    "errorPct" : 0.0,
    "meanResTime" : 408.4569767441859,
    "medianResTime" : 327.0,
    "minResTime" : 178.0,
    "maxResTime" : 5257.0,
    "pct1ResTime" : 632.9,
    "pct2ResTime" : 809.9499999999986,
    "pct3ResTime" : 1786.17,
    "throughput" : 0.4828501182702063,
    "receivedKBytesPerSec" : 195.75722335969218,