{
  "7.3 Safe to vaccinate" : {
    "transaction" : "7.3 Safe to vaccinate",
    "sampleCount" : 27,
    "errorCount" : 0,
    "errorPct" : 0.0,
    "meanResTime" : 130.81481481481484,
    "medianResTime" : 101.0,
    "minResTime" : 91.0,
    "maxResTime" : 715.0,
    "pct1ResTime" : 146.6,
    "pct2ResTime" : 488.5999999999988,
    "pct3ResTime" : 715.0,
    "throughput" : 0.007846588158161643,
    "receivedKBytesPerSec" : 3.551447024831691,
    "sentKBytesPerSec" : 0.05766964169209058
  },
  "2.0 Register attendance" : {
    "transaction" : "2.0 Register attendance",
    "sampleCount" : 1638,
    "errorCount" : 22,
    "errorPct" : 1.3431014,
    "meanResTime" : 1890.4078144078162,
    "medianResTime" : 1838.0,
    "minResTime" : 476.0,
    "maxResTime" : 6539.0,
    "pct1ResTime" : 2899.7000000000007,
    "pct2ResTime" : 3303.05,
    "pct3ResTime" : 3972.7599999999984,
    "throughput" : 0.458283217349629,
    "receivedKBytesPerSec" : 969.5419256575371,
    "sentKBytesPerSec" : 15.875352049047777
  },
  "2.5 Select patient" : {
    "transaction" : "2.5 Select patient",
    "sampleCount" : 1631,
    "errorCount" : 0,
    "errorPct" : 0.0,
    "meanResTime" : 162.63580625383193,
    "medianResTime" : 104.0,
    "minResTime" : 66.0,
    "maxResTime" : 1956.0,
    "pct1ResTime" : 280.39999999999986,
    "pct2ResTime" : 487.39999999999986,
    "pct3ResTime" : 1128.2800000000013,
    "throughput" : 0.4585086240946141,
    "receivedKBytesPerSec" : 205.4705704242786,
    "sentKBytesPerSec" : 3.268526357130006
  },
  "7.1 Full name search" : {
    "transaction" : "7.1 Full name search",
    "sampleCount" : 27,
    "errorCount" : 0,
    "errorPct" : 0.0,
    "meanResTime" : 1167.6666666666665,
    "medianResTime" : 768.0,
    "minResTime" : 341.0,
    "maxResTime" : 5295.0,
    "pct1ResTime" : 3416.5999999999985,
    "pct2ResTime" : 5232.599999999999,
    "pct3ResTime" : 5295.0,
    "throughput" : 0.007839058894849477,
    "receivedKBytesPerSec" : 3.5952768472524532,
    "sentKBytesPerSec" : 0.05719864815792278
  },
  "2.3 Search by first/last name" : {
    "transaction" : "2.3 Search by first/last name",
    "sampleCount" : 1638,
    "errorCount" : 0,
    "errorPct" : 0.0,
    "meanResTime" : 164.6849816849817,
    "medianResTime" : 119.0,
    "minResTime" : 77.0,
    "maxResTime" : 2188.0,
    "pct1ResTime" : 262.10000000000014,
    "pct2ResTime" : 418.0999999999999,
    "pct3ResTime" : 912.7599999999984,
    "throughput" : 0.4583718341421535,
    "receivedKBytesPerSec" : 207.0661942827593,
    "sentKBytesPerSec" : 3.389661014282704
  },
  "4.0 Vaccination for flu" : {
    "transaction" : "4.0 Vaccination for flu",
    "sampleCount" : 404,
    "errorCount" : 0,
    "errorPct" : 0.0,
    "meanResTime" : 1596.314356435643,
    "medianResTime" : 1432.0,
    "minResTime" : 437.0,
    "maxResTime" : 4507.0,
    "pct1ResTime" : 2304.0,
    "pct2ResTime" : 2699.25,
    "pct3ResTime" : 3508.699999999999,
    "throughput" : 0.11512785746487318,
    "receivedKBytesPerSec" : 151.2722849947188,
    "sentKBytesPerSec" : 3.233606275764845
  },
  "4.0 Vaccination for hpv" : {
    "transaction" : "4.0 Vaccination for hpv",
    "sampleCount" : 430,
    "errorCount" : 0,
    "errorPct" : 0.0,
    "meanResTime" : 1633.0837209302335,
    "medianResTime" : 1461.0,
    "minResTime" : 223.0,
    "maxResTime" : 4451.0,
    "pct1ResTime" : 2464.600000000001,
    "pct2ResTime" : 2817.8999999999996,
    "pct3ResTime" : 3733.3599999999997,
    "throughput" : 0.1229375088629367,
    "receivedKBytesPerSec" : 161.27698822294403,
    "sentKBytesPerSec" : 3.4538432061087363
  },
  "7.6 First name search" : {
    "transaction" : "7.6 First name search",
    "sampleCount" : 27,
    "errorCount" : 0,
    "errorPct" : 0.0,
    "meanResTime" : 2321.222222222222,
    "medianResTime" : 1224.0,
    "minResTime" : 699.0,
    "maxResTime" : 9455.0,
    "pct1ResTime" : 6385.799999999998,
    "pct2ResTime" : 8868.599999999997,
    "pct3ResTime" : 9455.0,
    "throughput" : 0.007835050708738375,
    "receivedKBytesPerSec" : 4.33046806329952,
    "sentKBytesPerSec" : 0.057120659581410965
  },
  "1.2 Sign-in page" : {
    "transaction" : "1.2 Sign-in page",
    "sampleCount" : 1678,
    "errorCount" : 0,
    "errorPct" : 0.0,
    "meanResTime" : 208.42908224076265,
    "medianResTime" : 123.0,
    "minResTime" : 17.0,
    "maxResTime" : 7446.0,
    "pct1ResTime" : 419.5000000000007,
    "pct2ResTime" : 661.0999999999999,
    "pct3ResTime" : 1345.090000000001,
    "throughput" : 0.4666716355978681,
    "receivedKBytesPerSec" : 207.9813546686875,
    "sentKBytesPerSec" : 3.913289433874882
  },
  "2.4 Patient attending session" : {
    "transaction" : "2.4 Patient attending session",
    "sampleCount" : 1111,
    "errorCount" : 22,
    "errorPct" : 1.980198,
    "meanResTime" : 810.8460846084604,
    "medianResTime" : 683.0,
    "minResTime" : 61.0,
    "maxResTime" : 2550.0,
    "pct1ResTime" : 1299.8000000000002,
    "pct2ResTime" : 1590.599999999994,
    "pct3ResTime" : 2260.919999999996,
    "throughput" : 0.31453903610630685,
    "receivedKBytesPerSec" : 142.4323182586867,
    "sentKBytesPerSec" : 2.7205692383299933
  },
  "Check STS status" : {
    "transaction" : "Check STS status",
    "sampleCount" : 1,
    "errorCount" : 0,
    "errorPct" : 0.0,
    "meanResTime" : 27.0,
    "medianResTime" : 27.0,
    "minResTime" : 27.0,
    "maxResTime" : 27.0,
    "pct1ResTime" : 27.0,
    "pct2ResTime" : 27.0,
    "pct3ResTime" : 27.0,
    "throughput" : 37.03703703703704,
    "receivedKBytesPerSec" : 11.610243055555555,
    "sentKBytesPerSec" : 21.846064814814817
  },
  "1.1 Homepage" : {
    "transaction" : "1.1 Homepage",
    "sampleCount" : 1683,
    "errorCount" : 0,
    "errorPct" : 0.0,
    "meanResTime" : 191.74866310160434,
    "medianResTime" : 121.0,
    "minResTime" : 25.0,
    "maxResTime" : 6735.0,
    "pct1ResTime" : 349.2000000000003,
    "pct2ResTime" : 560.5999999999999,
    "pct3ResTime" : 1161.920000000001,
    "throughput" : 0.4676270386788411,
    "receivedKBytesPerSec" : 208.20868521278143,
    "sentKBytesPerSec" : 3.9130487219861396
  },
  "1.3 Sign-in" : {
    "transaction" : "1.3 Sign-in",
    "sampleCount" : 1674,
    "errorCount" : 0,
    "errorPct" : 0.0,
    "meanResTime" : 230.98745519713273,
    "medianResTime" : 129.0,
    "minResTime" : 74.0,
    "maxResTime" : 6386.0,
    "pct1ResTime" : 464.5,
    "pct2ResTime" : 706.75,
    "pct3ResTime" : 1224.25,
    "throughput" : 0.4661831988577676,
    "receivedKBytesPerSec" : 207.94403925758934,
    "sentKBytesPerSec" : 4.067753927207053
  },
  "Run some searches" : {
    "transaction" : "Run some searches",
    "sampleCount" : 27,
    "errorCount" : 0,
    "errorPct" : 0.0,
    "meanResTime" : 9218.296296296297,
    "medianResTime" : 6860.0,
    "minResTime" : 4962.0,
    "maxResTime" : 23236.0,
    "pct1ResTime" : 18227.8,
    "pct2ResTime" : 21262.79999999999,
    "pct3ResTime" : 23236.0,
    "throughput" : 0.007771884258796838,
    "receivedKBytesPerSec" : 31.306337446741004,
    "sentKBytesPerSec" : 0.4554431556289599
  },
  "4.0 Vaccination for td_ipv" : {
    "transaction" : "4.0 Vaccination for td_ipv",
    "sampleCount" : 387,
    "errorCount" : 0,
    "errorPct" : 0.0,
    "meanResTime" : 1641.994832041344,
    "medianResTime" : 1492.0,
    "minResTime" : 237.0,
    "maxResTime" : 4108.0,
    "pct1ResTime" : 2394.0,
    "pct2ResTime" : 2689.9999999999977,
    "pct3ResTime" : 3441.8400000000015,
    "throughput" : 0.11197599142153955,
    "receivedKBytesPerSec" : 147.75109775171305,
    "sentKBytesPerSec" : 3.1506423460612227
  },
  "2.1 Open session" : {
    "transaction" : "2.1 Open session",
    "sampleCount" : 1642,
    "errorCount" : 0,
    "errorPct" : 0.0,
    "meanResTime" : 821.3861144945193,
    "medianResTime" : 696.0,
    "minResTime" : 124.0,
    "maxResTime" : 4304.0,
    "pct1ResTime" : 1561.7,
    "pct2ResTime" : 1788.0,
    "pct3ResTime" : 2176.2799999999997,
    "throughput" : 0.45814911107353656,