{
  "2.0 Register attendance" : {
    "transaction" : "2.0 Register attendance",
    "sampleCount" : 1647,
    "errorCount" : 6,
    "errorPct" : 0.36429873,
    "meanResTime" : 852.3928354584096,
    "medianResTime" : 825.0,
    "minResTime" : 358.0,
    "maxResTime" : 2115.0,
    "pct1ResTime" : 1179.4,
    "pct2ResTime" : 1328.6,
    "pct3ResTime" : 1649.52,
    "throughput" : 0.4626850283608786,
    "receivedKBytesPerSec" : 69.3713325227859,
    "sentKBytesPerSec" : 16.503057903033213
  },
  "2.5 Select patient" : {
    "transaction" : "2.5 Select patient",
    "sampleCount" : 1645,
    "errorCount" : 0,
    "errorPct" : 0.0,
    "meanResTime" : 113.21458966565359,
    "medianResTime" : 89.0,
    "minResTime" : 57.0,
    "maxResTime" : 1158.0,
    "pct1ResTime" : 198.20000000000027,
    "pct2ResTime" : 282.6999999999998,
    "pct3ResTime" : 409.3199999999997,
    "throughput" : 0.46314636016231797,
    "receivedKBytesPerSec" : 11.561327308840914,
    "sentKBytesPerSec" : 3.340024924999148
  },
  "7.1 Full name search" : {
    "transaction" : "7.1 Full name search",
    "sampleCount" : 143,
    "errorCount" : 0,
    "errorPct" : 0.0,
    "meanResTime" : 542.8671328671327,
    "medianResTime" : 376.0,
    "minResTime" : 187.0,
    "maxResTime" : 2860.0,
    "pct1ResTime" : 1134.2,
    "pct2ResTime" : 1394.8,
    "pct3ResTime" : 2830.08,
    "throughput" : 0.04189188437019653,
    "receivedKBytesPerSec" : 1.604185503214543,
    "sentKBytesPerSec" : 0.3091323081197897
  },
  "2.3 Search by first/last name" : {
    "transaction" : "2.3 Search by first/last name",
    "sampleCount" : 1653,
    "errorCount" : 0,
    "errorPct" : 0.0,
    "meanResTime" : 106.02480338777995,
    "medianResTime" : 84.0,
    "minResTime" : 58.0,
    "maxResTime" : 771.0,
    "pct1ResTime" : 170.0,
    "pct2ResTime" : 232.0,
    "pct3ResTime" : 406.0600000000004,
    "throughput" : 0.46255255134249373,
    "receivedKBytesPerSec" : 14.237930691288705,
    "sentKBytesPerSec" : 3.4589501575141144
  },
  "4.0 Vaccination for flu" : {
    "transaction" : "4.0 Vaccination for flu",
    "sampleCount" : 413,
    "errorCount" : 0,
    "errorPct" : 0.0,
    "meanResTime" : 756.8958837772401,
    "medianResTime" : 676.0,
    "minResTime" : 188.0,
    "maxResTime" : 2534.0,
    "pct1ResTime" : 1123.2,
    "pct2ResTime" : 1336.3,
    "pct3ResTime" : 1697.7800000000016,
    "throughput" : 0.11809332746965173,
    "receivedKBytesPerSec" : 6.187226171990493,
    "sentKBytesPerSec" : 3.354272764651293
  },
  "4.0 Vaccination for hpv" : {
    "transaction" : "4.0 Vaccination for hpv",
    "sampleCount" : 430,
    "errorCount" : 0,
    "errorPct" : 0.0,
    "meanResTime" : 754.879069767442,
    "medianResTime" : 700.5,
    "minResTime" : 189.0,
    "maxResTime" : 1678.0,
    "pct1ResTime" : 1051.9,
    "pct2ResTime" : 1182.7499999999998,
    "pct3ResTime" : 1557.59,
    "throughput" : 0.12273300718701656,
    "receivedKBytesPerSec" : 5.987713386853011,
    "sentKBytesPerSec" : 3.4925016242500444
  },
  "1.2 Sign-in page" : {
    "transaction" : "1.2 Sign-in page",
    "sampleCount" : 2845,
    "errorCount" : 0,
    "errorPct" : 0.0,
    "meanResTime" : 1974.7546572934984,
    "medianResTime" : 142.0,
    "minResTime" : 11.0,
    "maxResTime" : 34297.0,
    "pct1ResTime" : 1696.4,
    "pct2ResTime" : 7168.899999999984,
    "pct3ResTime" : 30556.48,
    "throughput" : 0.7889777178271804,
    "receivedKBytesPerSec" : 46.81621475781088,
    "sentKBytesPerSec" : 6.814773372043621
  },
  "7.7 Due vaccination search" : {
    "transaction" : "7.7 Due vaccination search",
    "sampleCount" : 99,
    "errorCount" : 0,
    "errorPct" : 0.0,
    "meanResTime" : 718.838383838384,
    "medianResTime" : 607.0,
    "minResTime" : 510.0,
    "maxResTime" : 7338.0,
    "pct1ResTime" : 851.0,
    "pct2ResTime" : 1092.0,
    "pct3ResTime" : 7338.0,
    "throughput" : 0.028427502546271504,
    "receivedKBytesPerSec" : 3.7838022118463432,
    "sentKBytesPerSec" : 0.21521320994816143
  },
  "7.2 First name search" : {
    "transaction" : "7.2 First name search",
    "sampleCount" : 130,
    "errorCount" : 0,
    "errorPct" : 0.0,
    "meanResTime" : 2105.9846153846147,
    "medianResTime" : 1563.5,
    "minResTime" : 1244.0,
    "maxResTime" : 9773.0,
    "pct1ResTime" : 3525.2000000000016,
    "pct2ResTime" : 6259.95,
    "pct3ResTime" : 9479.119999999997,
    "throughput" : 0.039486577297405005,
    "receivedKBytesPerSec" : 5.327800597834374,
    "sentKBytesPerSec" : 0.2911245203899573
  },
  "2.4 Patient attending session" : {
    "transaction" : "2.4 Patient attending session",
    "sampleCount" : 1229,
    "errorCount" : 6,
    "errorPct" : 0.4882018,
    "meanResTime" : 344.48331977217225,
    "medianResTime" : 306.0,
    "minResTime" : 88.0,
    "maxResTime" : 1040.0,
    "pct1ResTime" : 482.0,
    "pct2ResTime" : 591.0,
    "pct3ResTime" : 839.4000000000001,
    "throughput" : 0.34514638250644236,
    "receivedKBytesPerSec" : 11.097073980031357,
    "sentKBytesPerSec" : 3.027028139575344
  },
  "Check STS status" : {
    "transaction" : "Check STS status",
    "sampleCount" : 1,
    "errorCount" : 0,
    "errorPct" : 0.0,
    "meanResTime" : 24.0,
    "medianResTime" : 24.0,
    "minResTime" : 24.0,
    "maxResTime" : 24.0,
    "pct1ResTime" : 24.0,
    "pct2ResTime" : 24.0,
    "pct3ResTime" : 24.0,
    "throughput" : 41.666666666666664,
    "receivedKBytesPerSec" : 13.0615234375,
    "sentKBytesPerSec" : 24.576822916666668
  },
  "1.1 Homepage" : {
    "transaction" : "1.1 Homepage",
    "sampleCount" : 2850,
    "errorCount" : 1,
    "errorPct" : 0.03508772,
    "meanResTime" : 1968.3371929824557,
    "medianResTime" : 131.5,
    "minResTime" : 34.0,
    "maxResTime" : 35855.0,
    "pct1ResTime" : 1656.6000000000004,
    "pct2ResTime" : 7613.249999999897,
    "pct3ResTime" : 30524.49999999999,
    "throughput" : 0.7878887401576109,
    "receivedKBytesPerSec" : 57.13441180615338,
    "sentKBytesPerSec" : 6.792881151372225
  },
  "1.3 Sign-in" : {
    "transaction" : "1.3 Sign-in",
    "sampleCount" : 2838,
    "errorCount" : 0,
    "errorPct" : 0.0,
    "meanResTime" : 1987.3770260747035,
    "medianResTime" : 156.5,
    "minResTime" : 57.0,
    "maxResTime" : 35013.0,
    "pct1ResTime" : 1705.5999999999995,
    "pct2ResTime" : 7485.949999999957,
    "pct3ResTime" : 30537.02000000001,
    "throughput" : 0.7873906517474911,
    "receivedKBytesPerSec" : 47.02453478656456,
    "sentKBytesPerSec" : 7.034839452627549
  },
  "Run some searches" : {
    "transaction" : "Run some searches",
    "sampleCount" : 1163,
    "errorCount" : 2,
    "errorPct" : 0.17196904,
    "meanResTime" : 4914.7755803955315,
    "medianResTime" : 1371.0,
    "minResTime" : 0.0,
    "maxResTime" : 60003.0,
    "pct1ResTime" : 29686.8,
    "pct2ResTime" : 30134.0,
    "pct3ResTime" : 31420.279999999984,
    "throughput" : 0.32467269614292743,
    "receivedKBytesPerSec" : 37.560815716768715,
    "sentKBytesPerSec" : 2.4254995201446428
  },
  "4.0 Vaccination for td_ipv" : {
    "transaction" : "4.0 Vaccination for td_ipv",
    "sampleCount" : 392,
    "errorCount" : 0,
    "errorPct" : 0.0,
    "meanResTime" : 740.1862244897958,
    "medianResTime" : 691.5,
    "minResTime" : 174.0,
    "maxResTime" : 2334.0,
    "pct1ResTime" : 1010.5,
    "pct2ResTime" : 1137.5999999999995,
    "pct3ResTime" : 1476.9099999999999,
    "throughput" : 0.11267880934141823,
    "receivedKBytesPerSec" : 5.578665510654902,
    "sentKBytesPerSec" : 3.1970939125416975
  },
  "2.1 Open session" : {
    "transaction" : "2.1 Open session",
    "sampleCount" : 1657,
    "errorCount" : 0,
    "errorPct" : 0.0,
    "meanResTime" : 254.00543150271562,
    "medianResTime" : 223.0,
    "minResTime" : 105.0,
    "maxResTime" : 1191.0,
    "pct1ResTime" : 391.20000000000005,
    "pct2ResTime" : 467.0,
    "pct3ResTime" : 651.3600000000006,
    "throughput" : 0.46271500051102504,
    "receivedKBytesPerSec" : 10.583269115599304,