{
  "2.0 Register attendance" : {
    "transaction" : "2.0 Register attendance",
    "sampleCount" : 1626,
    "errorCount" : 11,
    "errorPct" : 0.67650676,
    "meanResTime" : 1230.8677736777367,
    "medianResTime" : 1209.0,
    "minResTime" : 413.0,
    "maxResTime" : 3363.0,
    "pct1ResTime" : 1631.6,
    "pct2ResTime" : 1821.2999999999997,
    "pct3ResTime" : 2231.46,
    "throughput" : 0.4563503423469542,
    "receivedKBytesPerSec" : 68.98062988950554,
    "sentKBytesPerSec" : 16.61467532565831
  },
  "2.5 Select patient" : {
    "transaction" : "2.5 Select patient",
    "sampleCount" : 1617,
    "errorCount" : 0,
    "errorPct" : 0.0,
    "meanResTime" : 150.8231292517006,
    "medianResTime" : 115.0,
    "minResTime" : 77.0,
    "maxResTime" : 962.0,
    "pct1ResTime" : 263.0,
    "pct2ResTime" : 341.0,
    "pct3ResTime" : 574.299999999999,
    "throughput" : 0.4560452220872544,
    "receivedKBytesPerSec" : 11.894467027200687,
    "sentKBytesPerSec" : 3.288818760733068
  },
  "7.1 Full name search" : {
    "transaction" : "7.1 Full name search",
    "sampleCount" : 160,
    "errorCount" : 0,
    "errorPct" : 0.0,
    "meanResTime" : 1032.5437500000003,
    "medianResTime" : 573.0,
    "minResTime" : 218.0,
    "maxResTime" : 11198.0,
    "pct1ResTime" : 2319.3000000000015,
    "pct2ResTime" : 4707.799999999994,
    "pct3ResTime" : 11041.839999999997,
    "throughput" : 0.04745009140073856,
    "receivedKBytesPerSec" : 1.9061307584763658,
    "sentKBytesPerSec" : 0.35014425661869464
  },
  "2.3 Search by first/last name" : {
    "transaction" : "2.3 Search by first/last name",
    "sampleCount" : 1633,
    "errorCount" : 1,
    "errorPct" : 0.06123699,
    "meanResTime" : 139.97121861604404,
    "medianResTime" : 110.0,
    "minResTime" : 0.0,
    "maxResTime" : 739.0,
    "pct1ResTime" : 214.0,
    "pct2ResTime" : 296.0,
    "pct3ResTime" : 525.3000000000004,
    "throughput" : 0.4571916839828367,
    "receivedKBytesPerSec" : 14.234811290142858,
    "sentKBytesPerSec" : 3.4168302765638727
  },
  "4.0 Vaccination for flu" : {
    "transaction" : "4.0 Vaccination for flu",
    "sampleCount" : 420,
    "errorCount" : 0,
    "errorPct" : 0.0,
    "meanResTime" : 1042.2761904761899,
    "medianResTime" : 1000.0,
    "minResTime" : 236.0,
    "maxResTime" : 2101.0,
    "pct1ResTime" : 1386.2000000000003,
    "pct2ResTime" : 1527.8,
    "pct3ResTime" : 1848.9,
    "throughput" : 0.12038185123210825,
    "receivedKBytesPerSec" : 6.320006043545125,
    "sentKBytesPerSec" : 3.4165980516985592
  },
  "4.0 Vaccination for hpv" : {
    "transaction" : "4.0 Vaccination for hpv",
    "sampleCount" : 409,
    "errorCount" : 0,
    "errorPct" : 0.0,
    "meanResTime" : 1039.9364303178495,
    "medianResTime" : 995.0,
    "minResTime" : 304.0,
    "maxResTime" : 2372.0,
    "pct1ResTime" : 1331.0,
    "pct2ResTime" : 1491.0,
    "pct3ResTime" : 1889.499999999999,
    "throughput" : 0.11756974990700779,
    "receivedKBytesPerSec" : 5.7506448213004475,
    "sentKBytesPerSec" : 3.3450325325415244
  },
  "1.2 Sign-in page" : {
    "transaction" : "1.2 Sign-in page",
    "sampleCount" : 3187,
    "errorCount" : 0,
    "errorPct" : 0.0,
    "meanResTime" : 1070.700972701603,
    "medianResTime" : 252.0,
    "minResTime" : 13.0,
    "maxResTime" : 12882.0,
    "pct1ResTime" : 2442.4000000000005,
    "pct2ResTime" : 6727.199999999972,
    "pct3ResTime" : 10410.559999999998,
    "throughput" : 0.8864044963820679,
    "receivedKBytesPerSec" : 59.616523311558666,
    "sentKBytesPerSec" : 7.688161178973607
  },
  "7.2 First name search" : {
    "transaction" : "7.2 First name search",
    "sampleCount" : 166,
    "errorCount" : 0,
    "errorPct" : 0.0,
    "meanResTime" : 1306.5602409638557,
    "medianResTime" : 747.5,
    "minResTime" : 356.0,
    "maxResTime" : 10541.0,
    "pct1ResTime" : 2869.0,
    "pct2ResTime" : 3497.800000000002,
    "pct3ResTime" : 8461.990000000038,
    "throughput" : 0.047955742050107976,
    "receivedKBytesPerSec" : 6.476554374968402,
    "sentKBytesPerSec" : 0.35356103207762474
  },
  "7.7 Due vaccination search" : {
    "transaction" : "7.7 Due vaccination search",
    "sampleCount" : 166,
    "errorCount" : 0,
    "errorPct" : 0.0,
    "meanResTime" : 818.5481927710844,
    "medianResTime" : 756.5,
    "minResTime" : 638.0,
    "maxResTime" : 1638.0,
    "pct1ResTime" : 1017.8000000000002,
    "pct2ResTime" : 1171.6,
    "pct3ResTime" : 1546.2100000000016,
    "throughput" : 0.051862034491377156,
    "receivedKBytesPerSec" : 6.944175821279055,
    "sentKBytesPerSec" : 0.3928455142073856
  },
  "2.4 Patient attending session" : {
    "transaction" : "2.4 Patient attending session",
    "sampleCount" : 1358,
    "errorCount" : 11,
    "errorPct" : 0.8100147,
    "meanResTime" : 516.4941089837997,
    "medianResTime" : 466.0,
    "minResTime" : 176.0,
    "maxResTime" : 2238.0,
    "pct1ResTime" : 724.2000000000003,
    "pct2ResTime" : 849.1499999999999,
    "pct3ResTime" : 1155.6900000000007,
    "throughput" : 0.3814066772569277,
    "receivedKBytesPerSec" : 12.285138059983923,
    "sentKBytesPerSec" : 3.3432632426301163
  },
  "Check STS status" : {
    "transaction" : "Check STS status",
    "sampleCount" : 1,
    "errorCount" : 0,
    "errorPct" : 0.0,
    "meanResTime" : 22.0,
    "medianResTime" : 22.0,
    "minResTime" : 22.0,
    "maxResTime" : 22.0,
    "pct1ResTime" : 22.0,
    "pct2ResTime" : 22.0,
    "pct3ResTime" : 22.0,
    "throughput" : 45.45454545454545,
    "receivedKBytesPerSec" : 14.24893465909091,
    "sentKBytesPerSec" : 26.811079545454547
  },
  "1.1 Homepage" : {
    "transaction" : "1.1 Homepage",
    "sampleCount" : 3190,
    "errorCount" : 0,
    "errorPct" : 0.0,
    "meanResTime" : 1069.5865203761757,
    "medianResTime" : 251.0,
    "minResTime" : 33.0,
    "maxResTime" : 14826.0,
    "pct1ResTime" : 2449.6000000000004,
    "pct2ResTime" : 6347.349999999952,
    "pct3ResTime" : 10400.790000000005,
    "throughput" : 0.8861408952912029,
    "receivedKBytesPerSec" : 69.96864458413047,
    "sentKBytesPerSec" : 7.672652905920588
  },
  "1.3 Sign-in" : {
    "transaction" : "1.3 Sign-in",
    "sampleCount" : 3183,
    "errorCount" : 0,
    "errorPct" : 0.0,
    "meanResTime" : 1087.8146402764696,
    "medianResTime" : 290.0,
    "minResTime" : 74.0,
    "maxResTime" : 27556.0,
    "pct1ResTime" : 2417.6,
    "pct2ResTime" : 6646.399999999973,
    "pct3ResTime" : 10400.48,
    "throughput" : 0.8801422163822588,
    "receivedKBytesPerSec" : 59.5011798244368,
    "sentKBytesPerSec" : 7.882094971437547
  },
  "Run some searches" : {
    "transaction" : "Run some searches",
    "sampleCount" : 1528,
    "errorCount" : 2,
    "errorPct" : 0.13089006,
    "meanResTime" : 2213.5641361256558,
    "medianResTime" : 921.5,
    "minResTime" : 0.0,
    "maxResTime" : 60007.0,
    "pct1ResTime" : 9126.000000000007,
    "pct2ResTime" : 9891.65,
    "pct3ResTime" : 10936.78,
    "throughput" : 0.4252104137592302,
    "receivedKBytesPerSec" : 50.02423201934596,
    "sentKBytesPerSec" : 3.1792307201305685
  },
  "4.0 Vaccination for td_ipv" : {
    "transaction" : "4.0 Vaccination for td_ipv",
    "sampleCount" : 385,
    "errorCount" : 0,
    "errorPct" : 0.0,
    "meanResTime" : 1051.472727272726,
    "medianResTime" : 998.0,
    "minResTime" : 245.0,
    "maxResTime" : 2709.0,
    "pct1ResTime" : 1369.0000000000002,
    "pct2ResTime" : 1540.3999999999996,
    "pct3ResTime" : 1947.0199999999986,
    "throughput" : 0.111211699124114,
    "receivedKBytesPerSec" : 5.537145420634421,
    "sentKBytesPerSec" : 3.1640202314301016
  },
  "2.1 Open session" : {
    "transaction" : "2.1 Open session",
    "sampleCount" : 1637,
    "errorCount" : 0,
    "errorPct" : 0.0,
    "meanResTime" : 354.5491753207088,
    "medianResTime" : 317.0,
    "minResTime" : 136.0,
    "maxResTime" : 1317.0,
    "pct1ResTime" : 546.0,
    "pct2ResTime" : 642.1999999999998,
    "pct3ResTime" : 934.4799999999996,
    "throughput" : 0.4570500032805972,