{
  "2.0 Register attendance" : {
    "transaction" : "2.0 Register attendance",
    "sampleCount" : 1626,
    "errorCount" : 8,
    "errorPct" : 0.49200493,
    "meanResTime" : 1102.271217712178,
    "medianResTime" : 974.0,
    "minResTime" : 366.0,
    "maxResTime" : 3910.0,
    "pct1ResTime" : 1700.8999999999999,
    "pct2ResTime" : 2025.0,
    "pct3ResTime" : 2976.530000000001,
    "throughput" : 0.4556688313271481,
    "receivedKBytesPerSec" : 73.0814041284584,
    "sentKBytesPerSec" : 16.85698760779048
  },
  "2.5 Select patient" : {
    "transaction" : "2.5 Select patient",
    "sampleCount" : 1621,
    "errorCount" : 0,
    "errorPct" : 0.0,
    "meanResTime" : 140.7544725478101,
    "medianResTime" : 100.0,
    "minResTime" : 55.0,
    "maxResTime" : 2450.0,
    "pct1ResTime" : 251.79999999999995,
    "pct2ResTime" : 360.59999999999945,
    "pct3ResTime" : 1029.1599999999967,
    "throughput" : 0.456785447790635,
    "receivedKBytesPerSec" : 11.496948300802517,
    "sentKBytesPerSec" : 3.312141401584575
  },
  "7.1 Full name search" : {
    "transaction" : "7.1 Full name search",
    "sampleCount" : 147,
    "errorCount" : 0,
    "errorPct" : 0.0,
    "meanResTime" : 819.0204081632655,
    "medianResTime" : 469.0,
    "minResTime" : 164.0,
    "maxResTime" : 8703.0,
    "pct1ResTime" : 1026.0000000000002,
    "pct2ResTime" : 4364.599999999989,
    "pct3ResTime" : 7395.960000000028,
    "throughput" : 0.04216418734552346,
    "receivedKBytesPerSec" : 1.6740973390561418,
    "sentKBytesPerSec" : 0.31283620875044565
  },
  "2.3 Search by first/last name" : {
    "transaction" : "2.3 Search by first/last name",
    "sampleCount" : 1631,
    "errorCount" : 0,
    "errorPct" : 0.0,
    "meanResTime" : 135.4040465971797,
    "medianResTime" : 98.0,
    "minResTime" : 62.0,
    "maxResTime" : 2151.0,
    "pct1ResTime" : 204.79999999999995,
    "pct2ResTime" : 320.5999999999988,
    "pct3ResTime" : 970.1200000000006,
    "throughput" : 0.4565793333885745,
    "receivedKBytesPerSec" : 14.656295454978087,
    "sentKBytesPerSec" : 3.4322207249120713
  },
  "4.0 Vaccination for flu" : {
    "transaction" : "4.0 Vaccination for flu",
    "sampleCount" : 406,
    "errorCount" : 0,
    "errorPct" : 0.0,
    "meanResTime" : 932.5738916256151,
    "medianResTime" : 793.5,
    "minResTime" : 213.0,
    "maxResTime" : 4696.0,
    "pct1ResTime" : 1437.6,
    "pct2ResTime" : 1934.5999999999995,
    "pct3ResTime" : 3015.5600000000013,
    "throughput" : 0.11614029747935506,
    "receivedKBytesPerSec" : 6.213550053285798,
    "sentKBytesPerSec" : 3.321773304830807
  },
  "4.0 Vaccination for hpv" : {
    "transaction" : "4.0 Vaccination for hpv",
    "sampleCount" : 415,
    "errorCount" : 0,
    "errorPct" : 0.0,
    "meanResTime" : 900.1927710843378,
    "medianResTime" : 762.0,
    "minResTime" : 195.0,
    "maxResTime" : 3426.0,
    "pct1ResTime" : 1427.2,
    "pct2ResTime" : 1855.5999999999992,
    "pct3ResTime" : 2430.04,
    "throughput" : 0.11890105627114253,
    "receivedKBytesPerSec" : 5.896804658564873,
    "sentKBytesPerSec" : 3.394793312449485
  },
  "1.2 Sign-in page" : {
    "transaction" : "1.2 Sign-in page",
    "sampleCount" : 2894,
    "errorCount" : 0,
    "errorPct" : 0.0,
    "meanResTime" : 1787.744644091224,
    "medianResTime" : 173.5,
    "minResTime" : 11.0,
    "maxResTime" : 37290.0,
    "pct1ResTime" : 1600.0,
    "pct2ResTime" : 5879.25,
    "pct3ResTime" : 28133.750000000004,
    "throughput" : 0.8048945599251509,
    "receivedKBytesPerSec" : 49.98281560587715,
    "sentKBytesPerSec" : 6.99530953231635
  },
  "7.7 Due vaccination search" : {
    "transaction" : "7.7 Due vaccination search",
    "sampleCount" : 143,
    "errorCount" : 0,
    "errorPct" : 0.0,
    "meanResTime" : 711.0069930069933,
    "medianResTime" : 649.0,
    "minResTime" : 526.0,
    "maxResTime" : 3239.0,
    "pct1ResTime" : 873.6,
    "pct2ResTime" : 1035.7999999999993,
    "pct3ResTime" : 2847.400000000002,
    "throughput" : 0.041486047632945375,
    "receivedKBytesPerSec" : 5.568965583751481,
    "sentKBytesPerSec" : 0.31584551520594195
  },
  "7.2 First name search" : {
    "transaction" : "7.2 First name search",
    "sampleCount" : 139,
    "errorCount" : 0,
    "errorPct" : 0.0,
    "meanResTime" : 1214.5899280575534,
    "medianResTime" : 725.0,
    "minResTime" : 292.0,
    "maxResTime" : 6515.0,
    "pct1ResTime" : 2810.0,
    "pct2ResTime" : 4945.0,
    "pct3ResTime" : 6140.599999999995,
    "throughput" : 0.04060021725497549,
    "receivedKBytesPerSec" : 5.526251038920128,
    "sentKBytesPerSec" : 0.30091157254426376
  },
  "2.4 Patient attending session" : {
    "transaction" : "2.4 Patient attending session",
    "sampleCount" : 1425,
    "errorCount" : 8,
    "errorPct" : 0.5614035,
    "meanResTime" : 426.9150877192987,
    "medianResTime" : 359.0,
    "minResTime" : 107.0,
    "maxResTime" : 2974.0,
    "pct1ResTime" : 653.6000000000004,
    "pct2ResTime" : 885.5000000000002,
    "pct3ResTime" : 1604.8400000000001,
    "throughput" : 0.4003471360851557,
    "receivedKBytesPerSec" : 13.386868279874816,
    "sentKBytesPerSec" : 3.5296175055367307
  },
  "Check STS status" : {
    "transaction" : "Check STS status",
    "sampleCount" : 1,
    "errorCount" : 0,
    "errorPct" : 0.0,
    "meanResTime" : 34.0,
    "medianResTime" : 34.0,
    "minResTime" : 34.0,
    "maxResTime" : 34.0,
    "pct1ResTime" : 34.0,
    "pct2ResTime" : 34.0,
    "pct3ResTime" : 34.0,
    "throughput" : 29.41176470588235,
    "receivedKBytesPerSec" : 9.191176470588236,
    "sentKBytesPerSec" : 17.348345588235293
  },
  "1.1 Homepage" : {
    "transaction" : "1.1 Homepage",
    "sampleCount" : 2899,
    "errorCount" : 0,
    "errorPct" : 0.0,
    "meanResTime" : 1793.7347361159052,
    "medianResTime" : 161.0,
    "minResTime" : 30.0,
    "maxResTime" : 32677.0,
    "pct1ResTime" : 1595.0,
    "pct2ResTime" : 6351.0,
    "pct3ResTime" : 28078.0,
    "throughput" : 0.7999721844787183,
    "receivedKBytesPerSec" : 60.046400583501615,
    "sentKBytesPerSec" : 6.9404416168454715
  },
  "1.3 Sign-in" : {
    "transaction" : "1.3 Sign-in",
    "sampleCount" : 2891,
    "errorCount" : 0,
    "errorPct" : 0.0,
    "meanResTime" : 1791.7388446904163,
    "medianResTime" : 204.0,
    "minResTime" : 53.0,
    "maxResTime" : 33549.0,
    "pct1ResTime" : 1581.2000000000007,
    "pct2ResTime" : 5933.200000000004,
    "pct3ResTime" : 28105.04,
    "throughput" : 0.8048241566397715,
    "receivedKBytesPerSec" : 50.249585791164975,
    "sentKBytesPerSec" : 7.232481376957809
  },
  "Run some searches" : {
    "transaction" : "Run some searches",
    "sampleCount" : 1243,
    "errorCount" : 1,
    "errorPct" : 0.08045052,
    "meanResTime" : 4122.181013676592,
    "medianResTime" : 846.0,
    "minResTime" : 0.0,
    "maxResTime" : 60001.0,
    "pct1ResTime" : 26894.600000000002,
    "pct2ResTime" : 27567.8,
    "pct3ResTime" : 28860.639999999996,
    "throughput" : 0.34813577911555027,
    "receivedKBytesPerSec" : 40.90055435738981,
    "sentKBytesPerSec" : 2.6122308253821793
  },
  "4.0 Vaccination for td_ipv" : {
    "transaction" : "4.0 Vaccination for td_ipv",
    "sampleCount" : 386,
    "errorCount" : 0,
    "errorPct" : 0.0,
    "meanResTime" : 913.5777202072536,
    "medianResTime" : 771.5,
    "minResTime" : 160.0,
    "maxResTime" : 4365.0,
    "pct1ResTime" : 1432.0000000000005,
    "pct2ResTime" : 1924.299999999999,
    "pct3ResTime" : 2690.469999999999,
    "throughput" : 0.11147341575627637,
    "receivedKBytesPerSec" : 5.620033343564966,
    "sentKBytesPerSec" : 3.1820913192532205
  },
  "2.1 Open session" : {
    "transaction" : "2.1 Open session",
    "sampleCount" : 1633,
    "errorCount" : 0,
    "errorPct" : 0.0,
    "meanResTime" : 286.7336191059392,
    "medianResTime" : 238.0,
    "minResTime" : 114.0,
    "maxResTime" : 2185.0,
    "pct1ResTime" : 429.60000000000014,
    "pct2ResTime" : 603.5999999999999,
    "pct3ResTime" : 1201.8800000000015,