{
  "1.4 Select Organisations-0" : {
    "transaction" : "1.4 Select Organisations-0",
    "sampleCount" : 60,
    "errorCount" : 0,
    "errorPct" : 0.0,
    "meanResTime" : 163.75000000000003,
    "medianResTime" : 160.5,
    "minResTime" : 154.0,
    "maxResTime" : 224.0,
    "pct1ResTime" : 172.9,
    "pct2ResTime" : 176.95,
    "pct3ResTime" : 224.0,
    "throughput" : 0.11831915804087138,
    "receivedKBytesPerSec" : 0.08585071721129632,
    "sentKBytesPerSec" : 0.09451667116936796
  },
  "1.4 Select Organisations-1" : {
    "transaction" : "1.4 Select Organisations-1",
    "sampleCount" : 60,
    "errorCount" : 0,
    "errorPct" : 0.0,
    "meanResTime" : 201.63333333333327,
    "medianResTime" : 177.0,
    "minResTime" : 160.0,
    "maxResTime" : 1592.0,
    "pct1ResTime" : 192.9,
    "pct2ResTime" : 224.7,
    "pct3ResTime" : 1592.0,
    "throughput" : 0.11831332523544352,
    "receivedKBytesPerSec" : 1.6138677020397219,
    "sentKBytesPerSec" : 0.07648771611900743
  },
  "2.0 Register attendance" : {
    "transaction" : "2.0 Register attendance",
    "sampleCount" : 100,
    "errorCount" : 0,
    "errorPct" : 0.0,
    "meanResTime" : 4276.899999999999,
    "medianResTime" : 4053.0,
    "minResTime" : 3177.0,
    "maxResTime" : 8214.0,
    "pct1ResTime" : 5485.2,
    "pct2ResTime" : 6001.899999999999,
    "pct3ResTime" : 8206.729999999996,
    "throughput" : 0.1954071503384452,
    "receivedKBytesPerSec" : 59.62330905643749,
    "sentKBytesPerSec" : 0.8402736457307446
  },
  "1.3 Sign-in-1" : {
    "transaction" : "1.3 Sign-in-1",
    "sampleCount" : 60,
    "errorCount" : 0,
    "errorPct" : 0.0,
    "meanResTime" : 177.66666666666669,
    "medianResTime" : 165.5,
    "minResTime" : 156.0,
    "maxResTime" : 625.0,
    "pct1ResTime" : 181.6,
    "pct2ResTime" : 248.74999999999972,
    "pct3ResTime" : 625.0,
    "throughput" : 0.11836023727282231,
    "receivedKBytesPerSec" : 1.0645486184401305,
    "sentKBytesPerSec" : 0.0781362503871366
  },
  "1.3 Sign-in-0" : {
    "transaction" : "1.3 Sign-in-0",
    "sampleCount" : 60,
    "errorCount" : 0,
    "errorPct" : 0.0,
    "meanResTime" : 483.86666666666684,
    "medianResTime" : 432.5,
    "minResTime" : 383.0,
    "maxResTime" : 1342.0,
    "pct1ResTime" : 648.3,
    "pct2ResTime" : 765.5999999999999,
    "pct3ResTime" : 1342.0,
    "throughput" : 0.11830795956233942,
    "receivedKBytesPerSec" : 0.08399402988459058,
    "sentKBytesPerSec" : 0.10802533417069078
  },
  "1.4 Select Organisations" : {
    "transaction" : "1.4 Select Organisations",
    "sampleCount" : 60,
    "errorCount" : 0,
    "errorPct" : 0.0,
    "meanResTime" : 365.83333333333337,
    "medianResTime" : 339.0,
    "minResTime" : 320.0,
    "maxResTime" : 1749.0,
    "pct1ResTime" : 358.7,
    "pct2ResTime" : 400.75,
    "pct3ResTime" : 1749.0,
    "throughput" : 0.11827600889435587,
    "receivedKBytesPerSec" : 1.6991780926219426,
    "sentKBytesPerSec" : 0.1709457941051237
  },
  "2.4 Patient attending session-1" : {
    "transaction" : "2.4 Patient attending session-1",
    "sampleCount" : 100,
    "errorCount" : 0,
    "errorPct" : 0.0,
    "meanResTime" : 578.5999999999997,
    "medianResTime" : 523.0,
    "minResTime" : 322.0,
    "maxResTime" : 1309.0,
    "pct1ResTime" : 823.8000000000002,
    "pct2ResTime" : 1084.6499999999996,
    "pct3ResTime" : 1307.279999999999,
    "throughput" : 0.19681668690598264,
    "receivedKBytesPerSec" : 23.07784441321073,
    "sentKBytesPerSec" : 0.1314673963317306
  },
  "2.4 Patient attending session-0" : {
    "transaction" : "2.4 Patient attending session-0",
    "sampleCount" : 100,
    "errorCount" : 0,
    "errorPct" : 0.0,
    "meanResTime" : 298.36999999999995,
    "medianResTime" : 278.5,
    "minResTime" : 215.0,
    "maxResTime" : 1133.0,
    "pct1ResTime" : 396.20000000000005,
    "pct2ResTime" : 471.74999999999994,
    "pct3ResTime" : 1130.929999999999,
    "throughput" : 0.19691357660036587,
    "receivedKBytesPerSec" : 0.14633909354773283,
    "sentKBytesPerSec" : 0.16114607147569004
  },
  "2.3 Search by first/last name" : {
    "transaction" : "2.3 Search by first/last name",
    "sampleCount" : 100,
    "errorCount" : 0,
    "errorPct" : 0.0,
    "meanResTime" : 365.97000000000014,
    "medianResTime" : 304.0,
    "minResTime" : 248.0,
    "maxResTime" : 1581.0,
    "pct1ResTime" : 642.4000000000002,
    "pct2ResTime" : 743.5499999999997,
    "pct3ResTime" : 1577.209999999998,
    "throughput" : 0.19747469361801284,
    "receivedKBytesPerSec" : 6.092861826710032,
    "sentKBytesPerSec" : 0.17028721089704854
  },
  "1.2 Sign-in page" : {
    "transaction" : "1.2 Sign-in page",
    "sampleCount" : 60,
    "errorCount" : 0,
    "errorPct" : 0.0,
    "meanResTime" : 158.3,
    "medianResTime" : 156.0,
    "minResTime" : 150.0,
    "maxResTime" : 190.0,
    "pct1ResTime" : 166.8,
    "pct2ResTime" : 173.85,
    "pct3ResTime" : 190.0,
    "throughput" : 0.11905068979953849,
    "receivedKBytesPerSec" : 0.7174431706571797,
    "sentKBytesPerSec" : 0.07173269102179222
  },
  "3.0 Nurse triage" : {
    "transaction" : "3.0 Nurse triage",
    "sampleCount" : 94,
    "errorCount" : 0,
    "errorPct" : 0.0,
    "meanResTime" : 1617.3829787234042,
    "medianResTime" : 1593.5,
    "minResTime" : 803.0,
    "maxResTime" : 4047.0,
    "pct1ResTime" : 2138.0,
    "pct2ResTime" : 2278.75,
    "pct3ResTime" : 4047.0,
    "throughput" : 0.20190477826989084,
    "receivedKBytesPerSec" : 22.671631143597256,
    "sentKBytesPerSec" : 0.5922541560970948
  },
  "4.2 Vaccination batch-2" : {
    "transaction" : "4.2 Vaccination batch-2",
    "sampleCount" : 74,
    "errorCount" : 0,
    "errorPct" : 0.0,
    "meanResTime" : 0.41891891891891914,
    "medianResTime" : 0.0,
    "minResTime" : 0.0,
    "maxResTime" : 5.0,
    "pct1ResTime" : 1.0,
    "pct2ResTime" : 1.0,
    "pct3ResTime" : 5.0,
    "throughput" : 0.1828853877046648,
    "receivedKBytesPerSec" : 0.8609123995983936,
    "sentKBytesPerSec" : 0.0
  },
  "2.4 Patient attending session" : {
    "transaction" : "2.4 Patient attending session",
    "sampleCount" : 100,
    "errorCount" : 0,
    "errorPct" : 0.0,
    "meanResTime" : 877.2299999999998,
    "medianResTime" : 802.5,
    "minResTime" : 546.0,
    "maxResTime" : 1796.0,
    "pct1ResTime" : 1102.6,
    "pct2ResTime" : 1455.1999999999996,
    "pct3ResTime" : 1794.8599999999994,
    "throughput" : 0.1967307287496385,
    "receivedKBytesPerSec" : 23.213968551855267,
    "sentKBytesPerSec" : 0.2924064151923338
  },
  "4.2 Vaccination batch-0" : {
    "transaction" : "4.2 Vaccination batch-0",
    "sampleCount" : 74,
    "errorCount" : 0,
    "errorPct" : 0.0,
    "meanResTime" : 225.43243243243248,
    "medianResTime" : 179.5,
    "minResTime" : 161.0,
    "maxResTime" : 583.0,
    "pct1ResTime" : 464.5,
    "pct2ResTime" : 476.5,
    "pct3ResTime" : 583.0,
    "throughput" : 0.18280316298878233,
    "receivedKBytesPerSec" : 0.13674533481387427,
    "sentKBytesPerSec" : 0.1642372167477341
  },
  "4.2 Vaccination batch-1" : {
    "transaction" : "4.2 Vaccination batch-1",
    "sampleCount" : 74,
    "errorCount" : 0,
    "errorPct" : 0.0,
    "meanResTime" : 247.67567567567573,
    "medianResTime" : 206.0,
    "minResTime" : 175.0,
    "maxResTime" : 2085.0,
    "pct1ResTime" : 238.0,
    "pct2ResTime" : 326.25,
    "pct3ResTime" : 2085.0,
    "throughput" : 0.1827751692522767,
    "receivedKBytesPerSec" : 2.4863872828309894,
    "sentKBytesPerSec" : 0.12559039158345045
  },
  "1.1 Homepage" : {
    "transaction" : "1.1 Homepage",
    "sampleCount" : 60,
    "errorCount" : 0,
    "errorPct" : 0.0,
    "meanResTime" : 509.5500000000001,
    "medianResTime" : 468.5,
    "minResTime" : 444.0,
    "maxResTime" : 2096.0,
    "pct1ResTime" : 530.5,
    "pct2ResTime" : 734.7499999999991,
    "pct3ResTime" : 2096.0,
    "throughput" : 0.11866361041945608,
    "receivedKBytesPerSec" : 0.6124386533855717,
    "sentKBytesPerSec" : 0.0643147497878888
  },