{
  "4.3 Vaccination confirm" : {
    "transaction" : "4.3 Vaccination confirm",
    "sampleCount" : 783,
    "errorCount" : 0,
    "errorPct" : 0.0,
    "meanResTime" : 1985.4431673052359,
    "medianResTime" : 1674.0,
    "minResTime" : 955.0,
    "maxResTime" : 18308.0,
    "pct1ResTime" : 3061.8,
    "pct2ResTime" : 3631.7999999999984,
    "pct3ResTime" : 8007.959999999988,
    "throughput" : 0.4709658288126428,
    "receivedKBytesPerSec" : 190.21154203396338,
    "sentKBytesPerSec" : 2.816405519284938
  },
  "4.1 Vaccination questions" : {
    "transaction" : "4.1 Vaccination questions",
    "sampleCount" : 804,
    "errorCount" : 0,
    "errorPct" : 0.0,
    "meanResTime" : 321.2835820895521,
    "medianResTime" : 154.5,
    "minResTime" : 81.0,
    "maxResTime" : 8395.0,
    "pct1ResTime" : 638.5,
    "pct2ResTime" : 942.5,
    "pct3ResTime" : 4102.800000000064,
    "throughput" : 0.47000722548421264,
    "receivedKBytesPerSec" : 185.53231686506788,
    "sentKBytesPerSec" : 2.662596161673424
  },
  "2.0 Register attendance" : {
    "transaction" : "2.0 Register attendance",
    "sampleCount" : 836,
    "errorCount" : 21,
    "errorPct" : 2.5119617,
    "meanResTime" : 2725.864832535885,
    "medianResTime" : 2532.0,
    "minResTime" : 529.0,
    "maxResTime" : 15138.0,
    "pct1ResTime" : 4068.500000000002,
    "pct2ResTime" : 4813.15,
    "pct3ResTime" : 9175.709999999997,
    "throughput" : 0.47152810640291176,
    "receivedKBytesPerSec" : 939.0184559576674,
    "sentKBytesPerSec" : 9.902068752894172
  },
  "Reset counters" : {
    "transaction" : "Reset counters",
    "sampleCount" : 1,
    "errorCount" : 0,
    "errorPct" : 0.0,
    "meanResTime" : 368.0,
    "medianResTime" : 368.0,
    "minResTime" : 368.0,
    "maxResTime" : 368.0,
    "pct1ResTime" : 368.0,
    "pct2ResTime" : 368.0,
    "pct3ResTime" : 368.0,
    "throughput" : 2.717391304347826,
    "receivedKBytesPerSec" : 0.0,
    "sentKBytesPerSec" : 0.0
  },
  "1.0 Login" : {
    "transaction" : "1.0 Login",
    "sampleCount" : 849,
    "errorCount" : 0,
    "errorPct" : 0.0,
    "meanResTime" : 1601.3309776207298,
    "medianResTime" : 1391.0,
    "minResTime" : 748.0,
    "maxResTime" : 10783.0,
    "pct1ResTime" : 2516.0,
    "pct2ResTime" : 2888.5,
    "pct3ResTime" : 5020.5,
    "throughput" : 0.4756052062244341,
    "receivedKBytesPerSec" : 792.3582374636153,
    "sentKBytesPerSec" : 9.039732072582732
  },
  "4.0 Vaccination for menacwy" : {
    "transaction" : "4.0 Vaccination for menacwy",
    "sampleCount" : 200,
    "errorCount" : 0,
    "errorPct" : 0.0,
    "meanResTime" : 2564.1699999999996,
    "medianResTime" : 2224.0,
    "minResTime" : 216.0,
    "maxResTime" : 18533.0,
    "pct1ResTime" : 3558.7,
    "pct2ResTime" : 4378.099999999996,
    "pct3ResTime" : 11840.230000000016,
    "throughput" : 0.11778909861892282,
    "receivedKBytesPerSec" : 139.2767450270915,
    "sentKBytesPerSec" : 1.9554025626490767
  },
  "2.5 Select patient" : {
    "transaction" : "2.5 Select patient",
    "sampleCount" : 830,
    "errorCount" : 0,
    "errorPct" : 0.0,
    "meanResTime" : 219.70843373493986,
    "medianResTime" : 118.0,
    "minResTime" : 60.0,
    "maxResTime" : 6147.0,
    "pct1ResTime" : 447.79999999999995,
    "pct2ResTime" : 718.6999999999996,
    "pct3ResTime" : 1479.8699999999985,
    "throughput" : 0.47275587627010424,
    "receivedKBytesPerSec" : 192.26327187809534,
    "sentKBytesPerSec" : 1.948142796517612
  },
  "Initialise vaccination list" : {
    "transaction" : "Initialise vaccination list",
    "sampleCount" : 1,
    "errorCount" : 1,
    "errorPct" : 100.0,
    "meanResTime" : 2.0,
    "medianResTime" : 2.0,
    "minResTime" : 2.0,
    "maxResTime" : 2.0,
    "pct1ResTime" : 2.0,
    "pct2ResTime" : 2.0,
    "pct3ResTime" : 2.0,
    "throughput" : 500.0,
    "receivedKBytesPerSec" : 1247.55859375,
    "sentKBytesPerSec" : 0.0
  },
  "2.3 Search by first/last name" : {
    "transaction" : "2.3 Search by first/last name",
    "sampleCount" : 840,
    "errorCount" : 0,
    "errorPct" : 0.0,
    "meanResTime" : 202.23690476190478,
    "medianResTime" : 114.0,
    "minResTime" : 63.0,
    "maxResTime" : 2604.0,
    "pct1ResTime" : 449.79999999999995,
    "pct2ResTime" : 691.9499999999999,
    "pct3ResTime" : 1221.8200000000031,
    "throughput" : 0.4739981006218968,
    "receivedKBytesPerSec" : 192.91881895984642,
    "sentKBytesPerSec" : 2.0309393575505923
  },
  "4.0 Vaccination for flu" : {
    "transaction" : "4.0 Vaccination for flu",
    "sampleCount" : 203,
    "errorCount" : 0,
    "errorPct" : 0.0,
    "meanResTime" : 2511.8226600985195,
    "medianResTime" : 2025.0,
    "minResTime" : 235.0,
    "maxResTime" : 13637.0,
    "pct1ResTime" : 3928.5999999999995,
    "pct2ResTime" : 4917.599999999999,
    "pct3ResTime" : 11909.280000000017,
    "throughput" : 0.11940122930329677,
    "receivedKBytesPerSec" : 141.97324271020204,
    "sentKBytesPerSec" : 1.9928348463738492
  },
  "4.0 Vaccination for hpv" : {
    "transaction" : "4.0 Vaccination for hpv",
    "sampleCount" : 202,
    "errorCount" : 0,
    "errorPct" : 0.0,
    "meanResTime" : 2604.5990099009905,
    "medianResTime" : 2246.0,
    "minResTime" : 335.0,
    "maxResTime" : 15572.0,
    "pct1ResTime" : 3798.100000000002,
    "pct2ResTime" : 4575.799999999999,
    "pct3ResTime" : 10146.83,
    "throughput" : 0.11937976891149882,
    "receivedKBytesPerSec" : 141.7023139969381,
    "sentKBytesPerSec" : 1.995236425870187
  },
  "1.2 Sign-in page" : {
    "transaction" : "1.2 Sign-in page",
    "sampleCount" : 852,
    "errorCount" : 0,
    "errorPct" : 0.0,
    "meanResTime" : 269.4823943661975,
    "medianResTime" : 152.0,
    "minResTime" : 11.0,
    "maxResTime" : 3819.0,
    "pct1ResTime" : 633.1000000000001,
    "pct2ResTime" : 906.3499999999999,
    "pct3ResTime" : 1515.8100000000006,
    "throughput" : 0.4748189891928523,
    "receivedKBytesPerSec" : 190.83781507176204,
    "sentKBytesPerSec" : 2.3102694836357425
  },
  "2.4 Patient attending session" : {
    "transaction" : "2.4 Patient attending session",
    "sampleCount" : 726,
    "errorCount" : 21,
    "errorPct" : 2.892562,
    "meanResTime" : 1603.7782369145998,
    "medianResTime" : 1300.5,
    "minResTime" : 128.0,
    "maxResTime" : 14560.0,
    "pct1ResTime" : 2466.9,
    "pct2ResTime" : 3030.25,
    "pct3ResTime" : 7886.930000000013,
    "throughput" : 0.4123484150996764,
    "receivedKBytesPerSec" : 168.06362368137962,
    "sentKBytesPerSec" : 2.0764050978134745
  },
  "Total" : {
    "transaction" : "Total",
    "sampleCount" : 11419,
    "errorCount" : 23,
    "errorPct" : 0.20141868,
    "meanResTime" : 504.4975917330789,
    "medianResTime" : 179.0,
    "minResTime" : 0.0,
    "maxResTime" : 18308.0,
    "pct1ResTime" : 1331.0,
    "pct2ResTime" : 1848.0,
    "pct3ResTime" : 3334.5999999999985,
    "throughput" : 5.9102811148946435,
    "receivedKBytesPerSec" : 2093.6062458504393,
    "sentKBytesPerSec" : 25.074305924333494
  },
  "1.4 Open Sessions list" : {
    "transaction" : "1.4 Open Sessions list",
    "sampleCount" : 849,
    "errorCount" : 0,
    "errorPct" : 0.0,
    "meanResTime" : 745.5995288574809,
    "medianResTime" : 623.0,
    "minResTime" : 469.0,
    "maxResTime" : 5774.0,
    "pct1ResTime" : 1148.0,
    "pct2ResTime" : 1422.5,
    "pct3ResTime" : 2011.0,
    "throughput" : 0.4762169193308732,
    "receivedKBytesPerSec" : 219.05652914641064,
    "sentKBytesPerSec" : 1.960967403786233
  },
  "Reset vaccination list" : {
    "transaction" : "Reset vaccination list",
    "sampleCount" : 1,
    "errorCount" : 1,
    "errorPct" : 100.0,
    "meanResTime" : 32.0,
    "medianResTime" : 32.0,
    "minResTime" : 32.0,
    "maxResTime" : 32.0,
    "pct1ResTime" : 32.0,
    "pct2ResTime" : 32.0,
    "pct3ResTime" : 32.0,
    "throughput" : 31.25,
    "receivedKBytesPerSec" : 77.972412109375,
    "sentKBytesPerSec" : 0.0
  },
  "4.2 Vaccination batch" : {
    "transaction" : "4.2 Vaccination batch",