{
  "2.0 Register attendance" : {
    "transaction" : "2.0 Register attendance",
    "sampleCount" : 1624,
    "errorCount" : 3,
    "errorPct" : 0.18472907,
    "meanResTime" : 1005.3054187192121,
    "medianResTime" : 959.5,
    "minResTime" : 407.0,
    "maxResTime" : 2926.0,
    "pct1ResTime" : 1362.0,
    "pct2ResTime" : 1549.75,
    "pct3ResTime" : 1969.0,
    "throughput" : 0.4560168389272148,
    "receivedKBytesPerSec" : 69.25665057535973,
    "sentKBytesPerSec" : 16.70203819774578
  },
  "2.5 Select patient" : {
    "transaction" : "2.5 Select patient",
    "sampleCount" : 1620,
    "errorCount" : 0,
    "errorPct" : 0.0,
    "meanResTime" : 121.96604938271592,
    "medianResTime" : 94.0,
    "minResTime" : 58.0,
    "maxResTime" : 1026.0,
    "pct1ResTime" : 201.0,
    "pct2ResTime" : 270.89999999999964,
    "pct3ResTime" : 505.3199999999997,
    "throughput" : 0.4579008243345457,
    "receivedKBytesPerSec" : 11.59740192027565,
    "sentKBytesPerSec" : 3.3024236512206167
  },
  "7.1 Full name search" : {
    "transaction" : "7.1 Full name search",
    "sampleCount" : 190,
    "errorCount" : 0,
    "errorPct" : 0.0,
    "meanResTime" : 512.8947368421055,
    "medianResTime" : 304.0,
    "minResTime" : 165.0,
    "maxResTime" : 3387.0,
    "pct1ResTime" : 835.9,
    "pct2ResTime" : 2041.4499999999996,
    "pct3ResTime" : 3230.4800000000005,
    "throughput" : 0.054100936401786585,
    "receivedKBytesPerSec" : 2.1747603195044696,
    "sentKBytesPerSec" : 0.3993225263628168
  },
  "2.3 Search by first/last name" : {
    "transaction" : "2.3 Search by first/last name",
    "sampleCount" : 1631,
    "errorCount" : 0,
    "errorPct" : 0.0,
    "meanResTime" : 119.78724708767625,
    "medianResTime" : 96.0,
    "minResTime" : 66.0,
    "maxResTime" : 1059.0,
    "pct1ResTime" : 190.0,
    "pct2ResTime" : 246.0,
    "pct3ResTime" : 422.3600000000001,
    "throughput" : 0.4569546480216469,
    "receivedKBytesPerSec" : 14.124126430574831,
    "sentKBytesPerSec" : 3.417314294145853
  },
  "4.0 Vaccination for flu" : {
    "transaction" : "4.0 Vaccination for flu",
    "sampleCount" : 416,
    "errorCount" : 0,
    "errorPct" : 0.0,
    "meanResTime" : 818.3870192307692,
    "medianResTime" : 770.5,
    "minResTime" : 189.0,
    "maxResTime" : 2893.0,
    "pct1ResTime" : 1083.9,
    "pct2ResTime" : 1189.2999999999995,
    "pct3ResTime" : 1538.2499999999973,
    "throughput" : 0.11879984738788836,
    "receivedKBytesPerSec" : 6.260962012285217,
    "sentKBytesPerSec" : 3.3657916263349277
  },
  "4.0 Vaccination for hpv" : {
    "transaction" : "4.0 Vaccination for hpv",
    "sampleCount" : 406,
    "errorCount" : 0,
    "errorPct" : 0.0,
    "meanResTime" : 817.7758620689658,
    "medianResTime" : 771.5,
    "minResTime" : 185.0,
    "maxResTime" : 2193.0,
    "pct1ResTime" : 1081.0,
    "pct2ResTime" : 1209.6499999999996,
    "pct3ResTime" : 1590.1800000000003,
    "throughput" : 0.1163792633937913,
    "receivedKBytesPerSec" : 5.712724654438149,
    "sentKBytesPerSec" : 3.3052702876144373
  },
  "1.2 Sign-in page" : {
    "transaction" : "1.2 Sign-in page",
    "sampleCount" : 3343,
    "errorCount" : 0,
    "errorPct" : 0.0,
    "meanResTime" : 725.4792102901591,
    "medianResTime" : 222.0,
    "minResTime" : 11.0,
    "maxResTime" : 9363.0,
    "pct1ResTime" : 1849.3999999999992,
    "pct2ResTime" : 3657.0,
    "pct3ResTime" : 4795.039999999992,
    "throughput" : 0.9295409102271467,
    "receivedKBytesPerSec" : 64.41941126387812,
    "sentKBytesPerSec" : 8.07452452135108
  },
  "7.7 Due vaccination search" : {
    "transaction" : "7.7 Due vaccination search",
    "sampleCount" : 172,
    "errorCount" : 0,
    "errorPct" : 0.0,
    "meanResTime" : 708.8837209302327,
    "medianResTime" : 660.0,
    "minResTime" : 550.0,
    "maxResTime" : 3434.0,
    "pct1ResTime" : 865.5000000000002,
    "pct2ResTime" : 945.8499999999999,
    "pct3ResTime" : 1844.0600000000222,
    "throughput" : 0.049596309111880045,
    "receivedKBytesPerSec" : 6.606329296424452,
    "sentKBytesPerSec" : 0.375713836775519
  },
  "7.2 First name search" : {
    "transaction" : "7.2 First name search",
    "sampleCount" : 174,
    "errorCount" : 0,
    "errorPct" : 0.0,
    "meanResTime" : 1224.3160919540235,
    "medianResTime" : 706.5,
    "minResTime" : 261.0,
    "maxResTime" : 8541.0,
    "pct1ResTime" : 3177.5,
    "pct2ResTime" : 3573.25,
    "pct3ResTime" : 6968.25,
    "throughput" : 0.05251157744476853,
    "receivedKBytesPerSec" : 7.050615884035425,
    "sentKBytesPerSec" : 0.3872363386906208
  },
  "2.4 Patient attending session" : {
    "transaction" : "2.4 Patient attending session",
    "sampleCount" : 1389,
    "errorCount" : 3,
    "errorPct" : 0.21598272,
    "meanResTime" : 399.44132469402444,
    "medianResTime" : 357.0,
    "minResTime" : 128.0,
    "maxResTime" : 1764.0,
    "pct1ResTime" : 556.0,
    "pct2ResTime" : 693.0,
    "pct3ResTime" : 1050.3999999999924,
    "throughput" : 0.39009095943840383,
    "receivedKBytesPerSec" : 12.523370198602356,
    "sentKBytesPerSec" : 3.4229421947124
  },
  "Check STS status" : {
    "transaction" : "Check STS status",
    "sampleCount" : 1,
    "errorCount" : 0,
    "errorPct" : 0.0,
    "meanResTime" : 41.0,
    "medianResTime" : 41.0,
    "minResTime" : 41.0,
    "maxResTime" : 41.0,
    "pct1ResTime" : 41.0,
    "pct2ResTime" : 41.0,
    "pct3ResTime" : 41.0,
    "throughput" : 24.390243902439025,
    "receivedKBytesPerSec" : 7.621951219512195,
    "sentKBytesPerSec" : 14.386432926829269
  },
  "1.1 Homepage" : {
    "transaction" : "1.1 Homepage",
    "sampleCount" : 3351,
    "errorCount" : 0,
    "errorPct" : 0.0,
    "meanResTime" : 723.4225604297236,
    "medianResTime" : 217.0,
    "minResTime" : 27.0,
    "maxResTime" : 9562.0,
    "pct1ResTime" : 1874.2000000000016,
    "pct2ResTime" : 3627.0,
    "pct3ResTime" : 4606.920000000001,
    "throughput" : 0.9299594297913933,
    "receivedKBytesPerSec" : 74.80801179579024,
    "sentKBytesPerSec" : 8.064993032675822
  },
  "1.3 Sign-in" : {
    "transaction" : "1.3 Sign-in",
    "sampleCount" : 3337,
    "errorCount" : 0,
    "errorPct" : 0.0,
    "meanResTime" : 736.2430326640667,
    "medianResTime" : 249.0,
    "minResTime" : 61.0,
    "maxResTime" : 9122.0,
    "pct1ResTime" : 1849.000000000004,
    "pct2ResTime" : 3676.4999999999995,
    "pct3ResTime" : 4717.959999999999,
    "throughput" : 0.9284066849732773,
    "receivedKBytesPerSec" : 64.66799575651095,
    "sentKBytesPerSec" : 8.321279300488547
  },
  "Run some searches" : {
    "transaction" : "Run some searches",
    "sampleCount" : 1686,
    "errorCount" : 1,
    "errorPct" : 0.059311982,
    "meanResTime" : 1377.825029655991,
    "medianResTime" : 801.0,
    "minResTime" : 0.0,
    "maxResTime" : 60006.0,
    "pct1ResTime" : 3644.5,
    "pct2ResTime" : 3916.5999999999995,
    "pct3ResTime" : 5319.379999999997,
    "throughput" : 0.47224549371081603,
    "receivedKBytesPerSec" : 55.10671749651698,
    "sentKBytesPerSec" : 3.5308982273497924
  },
  "4.0 Vaccination for td_ipv" : {
    "transaction" : "4.0 Vaccination for td_ipv",
    "sampleCount" : 392,
    "errorCount" : 0,
    "errorPct" : 0.0,
    "meanResTime" : 821.8545918367337,
    "medianResTime" : 790.5,
    "minResTime" : 201.0,
    "maxResTime" : 2006.0,
    "pct1ResTime" : 1089.0,
    "pct2ResTime" : 1222.7499999999998,
    "pct3ResTime" : 1502.2799999999993,
    "throughput" : 0.11309446359324768,
    "receivedKBytesPerSec" : 5.651309846030688,
    "sentKBytesPerSec" : 3.2120466849509928
  },
  "2.1 Open session" : {
    "transaction" : "2.1 Open session",
    "sampleCount" : 1636,
    "errorCount" : 0,
    "errorPct" : 0.0,
    "meanResTime" : 285.3031784841077,
    "medianResTime" : 252.0,
    "minResTime" : 118.0,
    "maxResTime" : 1307.0,
    "pct1ResTime" : 439.5999999999999,
    "pct2ResTime" : 547.1499999999999,
    "pct3ResTime" : 761.2599999999998,
    "throughput" : 0.4570067288374598,