{
  "2.0 Register attendance" : {
    "transaction" : "2.0 Register attendance",
    "sampleCount" : 63,
    "errorCount" : 42,
    "errorPct" : 66.666664,
    "meanResTime" : 15987.682539682539,
    "medianResTime" : 3848.0,
    "minResTime" : 0.0,
    "maxResTime" : 87514.0,
    "pct1ResTime" : 55078.8,
    "pct2ResTime" : 71552.79999999999,
    "pct3ResTime" : 87514.0,
    "throughput" : 0.44757669191093935,
    "receivedKBytesPerSec" : 38.50828111235241,
    "sentKBytesPerSec" : 0.7619252213906136
  },
  "1.4 Select Organisations" : {
    "transaction" : "1.4 Select Organisations",
    "sampleCount" : 63,
    "errorCount" : 8,
    "errorPct" : 12.698413,
    "meanResTime" : 24389.95238095238,
    "medianResTime" : 21279.0,
    "minResTime" : 311.0,
    "maxResTime" : 63310.0,
    "pct1ResTime" : 49480.8,
    "pct2ResTime" : 50111.6,
    "pct3ResTime" : 63310.0,
    "throughput" : 0.4400363204581965,
    "receivedKBytesPerSec" : 5.569148291803451,
    "sentKBytesPerSec" : 0.6088969843542642
  },
  "2.3 Search by first/last name" : {
    "transaction" : "2.3 Search by first/last name",
    "sampleCount" : 23,
    "errorCount" : 2,
    "errorPct" : 8.695652,
    "meanResTime" : 4195.869565217392,
    "medianResTime" : 765.0,
    "minResTime" : 648.0,
    "maxResTime" : 43335.0,
    "pct1ResTime" : 21641.000000000047,
    "pct2ResTime" : 41678.199999999975,
    "pct3ResTime" : 43335.0,
    "throughput" : 0.25971679577226225,
    "receivedKBytesPerSec" : 9.045305671847828,
    "sentKBytesPerSec" : 0.22408733894735652
  },
  "5.8 Consent confirm" : {
    "transaction" : "5.8 Consent confirm",
    "sampleCount" : 16,
    "errorCount" : 0,
    "errorPct" : 0.0,
    "meanResTime" : 857.125,
    "medianResTime" : 811.5,
    "minResTime" : 740.0,
    "maxResTime" : 1067.0,
    "pct1ResTime" : 1061.4,
    "pct2ResTime" : 1067.0,
    "pct3ResTime" : 1067.0,
    "throughput" : 0.29994001199760045,
    "receivedKBytesPerSec" : 25.325232805001498,
    "sentKBytesPerSec" : 0.6517251237252549
  },
  "1.2 Sign-in page" : {
    "transaction" : "1.2 Sign-in page",
    "sampleCount" : 70,
    "errorCount" : 0,
    "errorPct" : 0.0,
    "meanResTime" : 4057.6857142857143,
    "medianResTime" : 108.0,
    "minResTime" : 102.0,
    "maxResTime" : 25286.0,
    "pct1ResTime" : 19629.1,
    "pct2ResTime" : 21145.100000000002,
    "pct3ResTime" : 25286.0,
    "throughput" : 0.8428961913133526,
    "receivedKBytesPerSec" : 5.084540794670488,
    "sentKBytesPerSec" : 0.5078778808987682
  },
  "Determine session slug" : {
    "transaction" : "Determine session slug",
    "sampleCount" : 55,
    "errorCount" : 13,
    "errorPct" : 23.636364,
    "meanResTime" : 10898.090909090908,
    "medianResTime" : 0.0,
    "minResTime" : 0.0,
    "maxResTime" : 59643.0,
    "pct1ResTime" : 48529.39999999999,
    "pct2ResTime" : 57505.2,
    "pct3ResTime" : 59643.0,
    "throughput" : 0.3650919035891853,
    "receivedKBytesPerSec" : 0.0,
    "sentKBytesPerSec" : 0.0
  },
  "3.0 Nurse triage" : {
    "transaction" : "3.0 Nurse triage",
    "sampleCount" : 37,
    "errorCount" : 0,
    "errorPct" : 0.0,
    "meanResTime" : 1259.432432432433,
    "medianResTime" : 1285.0,
    "minResTime" : 1008.0,
    "maxResTime" : 1487.0,
    "pct1ResTime" : 1461.2,
    "pct2ResTime" : 1477.1,
    "pct3ResTime" : 1487.0,
    "throughput" : 0.12913313276980098,
    "receivedKBytesPerSec" : 15.422414899738593,
    "sentKBytesPerSec" : 0.3850749473869736
  },
  "2.4 Patient attending session" : {
    "transaction" : "2.4 Patient attending session",
    "sampleCount" : 21,
    "errorCount" : 0,
    "errorPct" : 0.0,
    "meanResTime" : 1274.8095238095239,
    "medianResTime" : 1006.0,
    "minResTime" : 847.0,
    "maxResTime" : 2750.0,
    "pct1ResTime" : 2596.6000000000004,
    "pct2ResTime" : 2744.7999999999997,
    "pct3ResTime" : 2750.0,
    "throughput" : 0.5307721470997093,
    "receivedKBytesPerSec" : 18.744199616138,
    "sentKBytesPerSec" : 0.7889015702009352
  },
  "5.4 Consent route" : {
    "transaction" : "5.4 Consent route",
    "sampleCount" : 16,
    "errorCount" : 0,
    "errorPct" : 0.0,
    "meanResTime" : 357.31249999999994,
    "medianResTime" : 353.0,
    "minResTime" : 340.0,
    "maxResTime" : 401.0,
    "pct1ResTime" : 393.3,
    "pct2ResTime" : 401.0,
    "pct3ResTime" : 401.0,
    "throughput" : 0.3012501882813677,
    "receivedKBytesPerSec" : 3.4422393950519656,
    "sentKBytesPerSec" : 0.46864409173068233
  },
  "1.1 Homepage" : {
    "transaction" : "1.1 Homepage",
    "sampleCount" : 70,
    "errorCount" : 0,
    "errorPct" : 0.0,
    "meanResTime" : 1722.742857142857,
    "medianResTime" : 319.0,
    "minResTime" : 303.0,
    "maxResTime" : 12216.0,
    "pct1ResTime" : 6864.9,
    "pct2ResTime" : 8123.950000000003,
    "pct3ResTime" : 12216.0,
    "throughput" : 0.9847642896332457,
    "receivedKBytesPerSec" : 5.088269391063967,
    "sentKBytesPerSec" : 0.5337345515102064
  },
  "1.3 Sign-in" : {
    "transaction" : "1.3 Sign-in",
    "sampleCount" : 70,
    "errorCount" : 7,
    "errorPct" : 10.0,
    "meanResTime" : 18632.557142857142,
    "medianResTime" : 13670.0,
    "minResTime" : 439.0,
    "maxResTime" : 61749.0,
    "pct1ResTime" : 46775.7,
    "pct2ResTime" : 50744.5,
    "pct3ResTime" : 61749.0,
    "throughput" : 0.49308970006057956,
    "receivedKBytesPerSec" : 4.35187431319649,
    "sentKBytesPerSec" : 0.7524983578351954
  },
  "2.1 Open session" : {
    "transaction" : "2.1 Open session",
    "sampleCount" : 63,
    "errorCount" : 32,
    "errorPct" : 50.79365,
    "meanResTime" : 7349.000000000001,
    "medianResTime" : 800.0,
    "minResTime" : 0.0,
    "maxResTime" : 60098.0,
    "pct1ResTime" : 30885.200000000004,
    "pct2ResTime" : 40624.599999999984,
    "pct3ResTime" : 60098.0,
    "throughput" : 0.44828371378152215,
    "receivedKBytesPerSec" : 3.9955843164740705,
    "sentKBytesPerSec" : 0.16028894509236066
  },
  "3.3 Nurse triage complete" : {
    "transaction" : "3.3 Nurse triage complete",
    "sampleCount" : 37,
    "errorCount" : 0,
    "errorPct" : 0.0,
    "meanResTime" : 324.9459459459459,
    "medianResTime" : 285.0,
    "minResTime" : 251.0,
    "maxResTime" : 633.0,
    "pct1ResTime" : 560.2,
    "pct2ResTime" : 606.0,
    "pct3ResTime" : 633.0,
    "throughput" : 0.1285061335630236,
    "receivedKBytesPerSec" : 3.1427428548853173,
    "sentKBytesPerSec" : 0.08705910674344619
  },
  "4.3 Vaccination confirm" : {
    "transaction" : "4.3 Vaccination confirm",
    "sampleCount" : 37,
    "errorCount" : 0,
    "errorPct" : 0.0,
    "meanResTime" : 767.9729729729729,
    "medianResTime" : 762.0,
    "minResTime" : 683.0,
    "maxResTime" : 1089.0,
    "pct1ResTime" : 881.6000000000001,
    "pct2ResTime" : 1003.5000000000001,
    "pct3ResTime" : 1089.0,
    "throughput" : 0.1650319582156923,
    "receivedKBytesPerSec" : 4.147647569792907,
    "sentKBytesPerSec" : 0.3842847202708308
  },
  "5.6 Consent questions" : {
    "transaction" : "5.6 Consent questions",
    "sampleCount" : 16,
    "errorCount" : 0,
    "errorPct" : 0.0,
    "meanResTime" : 377.99999999999994,
    "medianResTime" : 353.5,
    "minResTime" : 346.0,
    "maxResTime" : 547.0,
    "pct1ResTime" : 542.8,
    "pct2ResTime" : 547.0,
    "pct3ResTime" : 547.0,
    "throughput" : 0.30612049668050584,
    "receivedKBytesPerSec" : 3.6919058631641377,
    "sentKBytesPerSec" : 0.5937063539135592
  },
  "4.1 Vaccination questions" : {
    "transaction" : "4.1 Vaccination questions",
    "sampleCount" : 37,
    "errorCount" : 0,
    "errorPct" : 0.0,
    "meanResTime" : 474.72972972972974,
    "medianResTime" : 552.0,
    "minResTime" : 356.0,
    "maxResTime" : 589.0,
    "pct1ResTime" : 570.4,
    "pct2ResTime" : 588.1,
    "pct3ResTime" : 589.0,
    "throughput" : 0.1452489842385224,
    "receivedKBytesPerSec" : 1.691199156721691,
    "sentKBytesPerSec" : 0.2933195281370836
  },
  "5.3 Consent parent details" : {
    "transaction" : "5.3 Consent parent details",
    "sampleCount" : 16,