{
  "7.3 Safe to vaccinate" : {
    "transaction" : "7.3 Safe to vaccinate",
    "sampleCount" : 26,
    "errorCount" : 0,
    "errorPct" : 0.0,
    "meanResTime" : 125.07692307692308,
    "medianResTime" : 111.0,
    "minResTime" : 99.0,
    "maxResTime" : 213.0,
    "pct1ResTime" : 176.4,
    "pct2ResTime" : 202.14999999999995,
    "pct3ResTime" : 213.0,
    "throughput" : 0.007639917747470158,
    "receivedKBytesPerSec" : 3.263147641887965,
    "sentKBytesPerSec" : 0.033469118332188325
  },
  "2.0 Register attendance" : {
    "transaction" : "2.0 Register attendance",
    "sampleCount" : 1652,
    "errorCount" : 5,
    "errorPct" : 0.30266345,
    "meanResTime" : 1228.5895883777223,
    "medianResTime" : 1176.0,
    "minResTime" : 421.0,
    "maxResTime" : 4217.0,
    "pct1ResTime" : 1791.2000000000003,
    "pct2ResTime" : 2099.4499999999994,
    "pct3ResTime" : 3085.29,
    "throughput" : 0.4642422467751041,
    "receivedKBytesPerSec" : 915.2514623951309,
    "sentKBytesPerSec" : 9.302290299658956
  },
  "2.5 Select patient" : {
    "transaction" : "2.5 Select patient",
    "sampleCount" : 1650,
    "errorCount" : 0,
    "errorPct" : 0.0,
    "meanResTime" : 138.90181818181804,
    "medianResTime" : 101.0,
    "minResTime" : 77.0,
    "maxResTime" : 2504.0,
    "pct1ResTime" : 220.9000000000001,
    "pct2ResTime" : 309.4499999999998,
    "pct3ResTime" : 685.3900000000001,
    "throughput" : 0.46409468206560944,
    "receivedKBytesPerSec" : 195.69095361155667,
    "sentKBytesPerSec" : 1.9305967959641481
  },
  "7.1 Full name search" : {
    "transaction" : "7.1 Full name search",
    "sampleCount" : 26,
    "errorCount" : 0,
    "errorPct" : 0.0,
    "meanResTime" : 1268.3076923076924,
    "medianResTime" : 706.5,
    "minResTime" : 319.0,
    "maxResTime" : 5605.0,
    "pct1ResTime" : 5416.0,
    "pct2ResTime" : 5553.55,
    "pct3ResTime" : 5605.0,
    "throughput" : 0.0076231333951589,
    "receivedKBytesPerSec" : 3.2657971320929224,
    "sentKBytesPerSec" : 0.032988720364702434
  },
  "2.3 Search by first/last name" : {
    "transaction" : "2.3 Search by first/last name",
    "sampleCount" : 1661,
    "errorCount" : 0,
    "errorPct" : 0.0,
    "meanResTime" : 131.6851294400964,
    "medianResTime" : 99.0,
    "minResTime" : 77.0,
    "maxResTime" : 2064.0,
    "pct1ResTime" : 196.0,
    "pct2ResTime" : 299.4999999999993,
    "pct3ResTime" : 601.2799999999993,
    "throughput" : 0.46475552628177114,
    "receivedKBytesPerSec" : 197.9795708874767,
    "sentKBytesPerSec" : 2.009441151065972
  },
  "4.0 Vaccination for flu" : {
    "transaction" : "4.0 Vaccination for flu",
    "sampleCount" : 403,
    "errorCount" : 0,
    "errorPct" : 0.0,
    "meanResTime" : 1212.8808933002479,
    "medianResTime" : 1106.0,
    "minResTime" : 232.0,
    "maxResTime" : 4105.0,
    "pct1ResTime" : 1741.8000000000002,
    "pct2ResTime" : 2055.3999999999974,
    "pct3ResTime" : 3512.4799999999886,
    "throughput" : 0.11490916473298018,
    "receivedKBytesPerSec" : 141.83769889550337,
    "sentKBytesPerSec" : 1.9370335624400148
  },
  "4.0 Vaccination for hpv" : {
    "transaction" : "4.0 Vaccination for hpv",
    "sampleCount" : 401,
    "errorCount" : 0,
    "errorPct" : 0.0,
    "meanResTime" : 1212.2394014962592,
    "medianResTime" : 1108.0,
    "minResTime" : 320.0,
    "maxResTime" : 3610.0,
    "pct1ResTime" : 1675.4,
    "pct2ResTime" : 1925.1,
    "pct3ResTime" : 3365.98,
    "throughput" : 0.11510422960681717,
    "receivedKBytesPerSec" : 142.17049511494133,
    "sentKBytesPerSec" : 1.94640219583205
  },
  "7.6 First name search" : {
    "transaction" : "7.6 First name search",
    "sampleCount" : 26,
    "errorCount" : 0,
    "errorPct" : 0.0,
    "meanResTime" : 1873.576923076923,
    "medianResTime" : 1234.5,
    "minResTime" : 618.0,
    "maxResTime" : 5960.0,
    "pct1ResTime" : 4793.6,
    "pct2ResTime" : 5755.599999999999,
    "pct3ResTime" : 5960.0,
    "throughput" : 0.007640840527723467,
    "receivedKBytesPerSec" : 3.9312870690970025,
    "sentKBytesPerSec" : 0.03300880990749587
  },
  "1.2 Sign-in page" : {
    "transaction" : "1.2 Sign-in page",
    "sampleCount" : 1697,
    "errorCount" : 0,
    "errorPct" : 0.0,
    "meanResTime" : 189.32410135533303,
    "medianResTime" : 121.0,
    "minResTime" : 18.0,
    "maxResTime" : 5169.0,
    "pct1ResTime" : 319.0,
    "pct2ResTime" : 502.0,
    "pct3ResTime" : 1177.5599999999986,
    "throughput" : 0.47195116626447453,
    "receivedKBytesPerSec" : 197.7275753733928,
    "sentKBytesPerSec" : 2.3476857871433494
  },
  "2.4 Patient attending session" : {
    "transaction" : "2.4 Patient attending session",
    "sampleCount" : 1041,
    "errorCount" : 5,
    "errorPct" : 0.4803074,
    "meanResTime" : 716.5965417867438,
    "medianResTime" : 604.0,
    "minResTime" : 393.0,
    "maxResTime" : 3339.0,
    "pct1ResTime" : 1051.6000000000001,
    "pct2ResTime" : 1298.8,
    "pct3ResTime" : 2055.4599999999937,
    "throughput" : 0.2925449924924693,
    "receivedKBytesPerSec" : 124.9770968960618,
    "sentKBytesPerSec" : 1.4926876727237905
  },
  "Check STS status" : {
    "transaction" : "Check STS status",
    "sampleCount" : 1,
    "errorCount" : 0,
    "errorPct" : 0.0,
    "meanResTime" : 31.0,
    "medianResTime" : 31.0,
    "minResTime" : 31.0,
    "maxResTime" : 31.0,
    "pct1ResTime" : 31.0,
    "pct2ResTime" : 31.0,
    "pct3ResTime" : 31.0,
    "throughput" : 32.25806451612903,
    "receivedKBytesPerSec" : 10.112147177419354,
    "sentKBytesPerSec" : 19.027217741935484
  },
  "1.1 Homepage" : {
    "transaction" : "1.1 Homepage",
    "sampleCount" : 1701,
    "errorCount" : 0,
    "errorPct" : 0.0,
    "meanResTime" : 183.16166960611412,
    "medianResTime" : 125.0,
    "minResTime" : 36.0,
    "maxResTime" : 5095.0,
    "pct1ResTime" : 303.79999999999995,
    "pct2ResTime" : 430.7999999999997,
    "pct3ResTime" : 848.2800000000007,
    "throughput" : 0.47265650181949137,
    "receivedKBytesPerSec" : 197.81986884615685,
    "sentKBytesPerSec" : 2.3426759138894044
  },
  "1.3 Sign-in" : {
    "transaction" : "1.3 Sign-in",
    "sampleCount" : 1696,
    "errorCount" : 0,
    "errorPct" : 0.0,
    "meanResTime" : 202.06308962264146,
    "medianResTime" : 130.0,
    "minResTime" : 88.0,
    "maxResTime" : 4933.0,
    "pct1ResTime" : 358.0,
    "pct2ResTime" : 504.2999999999997,
    "pct3ResTime" : 978.6499999999985,
    "throughput" : 0.4723997125492315,
    "receivedKBytesPerSec" : 198.101831767488,
    "sentKBytesPerSec" : 2.4643793430099605
  },
  "Run some searches" : {
    "transaction" : "Run some searches",
    "sampleCount" : 26,
    "errorCount" : 0,
    "errorPct" : 0.0,
    "meanResTime" : 12878.230769230768,
    "medianResTime" : 8842.5,
    "minResTime" : 6804.0,
    "maxResTime" : 35247.0,
    "pct1ResTime" : 24165.100000000002,
    "pct2ResTime" : 32369.649999999987,
    "pct3ResTime" : 35247.0,
    "throughput" : 0.007640618231808128,
    "receivedKBytesPerSec" : 30.43112856467901,
    "sentKBytesPerSec" : 0.26620712878497127
  },
  "4.0 Vaccination for td_ipv" : {
    "transaction" : "4.0 Vaccination for td_ipv",
    "sampleCount" : 412,
    "errorCount" : 0,
    "errorPct" : 0.0,
    "meanResTime" : 1202.2378640776692,
    "medianResTime" : 1086.0,
    "minResTime" : 231.0,
    "maxResTime" : 3685.0,
    "pct1ResTime" : 1681.1999999999998,
    "pct2ResTime" : 2012.5499999999995,
    "pct3ResTime" : 2855.7500000000005,
    "throughput" : 0.11902079397269455,
    "receivedKBytesPerSec" : 147.34827274954645,
    "sentKBytesPerSec" : 2.008292523753604
  },
  "2.1 Open session" : {
    "transaction" : "2.1 Open session",
    "sampleCount" : 1667,
    "errorCount" : 0,
    "errorPct" : 0.0,
    "meanResTime" : 352.36592681463713,
    "medianResTime" : 268.0,
    "minResTime" : 108.0,
    "maxResTime" : 3644.0,
    "pct1ResTime" : 628.4000000000001,
    "pct2ResTime" : 814.0,
    "pct3ResTime" : 1391.479999999999,
    "throughput" : 0.46531946400333846,