{
  "2.0 Register attendance" : {
    "transaction" : "2.0 Register attendance",
    "sampleCount" : 731,
    "errorCount" : 0,
    "errorPct" : 0.0,
    "meanResTime" : 8150.600547195622,
    "medianResTime" : 7890.0,
    "minResTime" : 4000.0,
    "maxResTime" : 15653.0,
    "pct1ResTime" : 10405.600000000002,
    "pct2ResTime" : 11328.8,
    "pct3ResTime" : 14386.159999999987,
    "throughput" : 0.20825012349716626,
    "receivedKBytesPerSec" : 75.55674613775788,
    "sentKBytesPerSec" : 0.9036002303962848
  },
  "2.5 Select patient" : {
    "transaction" : "2.5 Select patient",
    "sampleCount" : 721,
    "errorCount" : 0,
    "errorPct" : 0.0,
    "meanResTime" : 695.8890429958388,
    "medianResTime" : 540.0,
    "minResTime" : 436.0,
    "maxResTime" : 4986.0,
    "pct1ResTime" : 1012.6000000000001,
    "pct2ResTime" : 1278.8,
    "pct3ResTime" : 2662.239999999997,
    "throughput" : 0.20605062958326903,
    "receivedKBytesPerSec" : 5.209861889725047,
    "sentKBytesPerSec" : 0.14286713574621193
  },
  "1.4 Select Organisations" : {
    "transaction" : "1.4 Select Organisations",
    "sampleCount" : 70,
    "errorCount" : 0,
    "errorPct" : 0.0,
    "meanResTime" : 607.1571428571428,
    "medianResTime" : 574.0,
    "minResTime" : 544.0,
    "maxResTime" : 1057.0,
    "pct1ResTime" : 714.4,
    "pct2ResTime" : 751.3000000000001,
    "pct3ResTime" : 1057.0,
    "throughput" : 0.07857911008035276,
    "receivedKBytesPerSec" : 1.1291142829319438,
    "sentKBytesPerSec" : 0.11357137003800984
  },
  "2.5 Select menacwy" : {
    "transaction" : "2.5 Select menacwy",
    "sampleCount" : 484,
    "errorCount" : 0,
    "errorPct" : 0.0,
    "meanResTime" : 804.9318181818186,
    "medianResTime" : 734.0,
    "minResTime" : 437.0,
    "maxResTime" : 3849.0,
    "pct1ResTime" : 1133.5,
    "pct2ResTime" : 1304.75,
    "pct3ResTime" : 2700.4499999999907,
    "throughput" : 0.14368353523244967,
    "receivedKBytesPerSec" : 3.2496551265817804,
    "sentKBytesPerSec" : 0.10018558999606354
  },
  "2.3 Search by first/last name" : {
    "transaction" : "2.3 Search by first/last name",
    "sampleCount" : 734,
    "errorCount" : 0,
    "errorPct" : 0.0,
    "meanResTime" : 1603.9155313351484,
    "medianResTime" : 1414.0,
    "minResTime" : 795.0,
    "maxResTime" : 6902.0,
    "pct1ResTime" : 2316.0,
    "pct2ResTime" : 2759.75,
    "pct3ResTime" : 4497.199999999994,
    "throughput" : 0.20843301817541598,
    "receivedKBytesPerSec" : 24.924167326154368,
    "sentKBytesPerSec" : 0.17983066015266158
  },
  "2.5 Select td_ipv" : {
    "transaction" : "2.5 Select td_ipv",
    "sampleCount" : 470,
    "errorCount" : 0,
    "errorPct" : 0.0,
    "meanResTime" : 705.2872340425536,
    "medianResTime" : 569.5,
    "minResTime" : 441.0,
    "maxResTime" : 2902.0,
    "pct1ResTime" : 1019.9000000000001,
    "pct2ResTime" : 1179.7999999999997,
    "pct3ResTime" : 2142.5200000000123,
    "throughput" : 0.1439326566661032,
    "receivedKBytesPerSec" : 3.3022110424636555,
    "sentKBytesPerSec" : 0.10021873457317536
  },
  "4.0 Vaccination for hpv" : {
    "transaction" : "4.0 Vaccination for hpv",
    "sampleCount" : 697,
    "errorCount" : 0,
    "errorPct" : 0.0,
    "meanResTime" : 3483.826398852226,
    "medianResTime" : 3237.0,
    "minResTime" : 1356.0,
    "maxResTime" : 9772.0,
    "pct1ResTime" : 4529.2,
    "pct2ResTime" : 5278.200000000001,
    "pct3ResTime" : 6594.239999999997,
    "throughput" : 0.20319840706442438,
    "receivedKBytesPerSec" : 10.161086484682134,
    "sentKBytesPerSec" : 1.1948101524316028
  },
  "5.8 Consent confirm" : {
    "transaction" : "5.8 Consent confirm",
    "sampleCount" : 31,
    "errorCount" : 0,
    "errorPct" : 0.0,
    "meanResTime" : 1662.4838709677424,
    "medianResTime" : 1640.0,
    "minResTime" : 1205.0,
    "maxResTime" : 2776.0,
    "pct1ResTime" : 2131.4,
    "pct2ResTime" : 2681.2,
    "pct3ResTime" : 2776.0,
    "throughput" : 0.009917258076487013,
    "receivedKBytesPerSec" : 0.7690058227701205,
    "sentKBytesPerSec" : 0.021648077239604793
  },
  "1.2 Sign-in page" : {
    "transaction" : "1.2 Sign-in page",
    "sampleCount" : 70,
    "errorCount" : 0,
    "errorPct" : 0.0,
    "meanResTime" : 161.25714285714287,
    "medianResTime" : 159.0,
    "minResTime" : 155.0,
    "maxResTime" : 186.0,
    "pct1ResTime" : 167.9,
    "pct2ResTime" : 178.25,
    "pct3ResTime" : 186.0,
    "throughput" : 0.07889519674771459,
    "receivedKBytesPerSec" : 0.47545142493178383,
    "sentKBytesPerSec" : 0.04753743788412099
  },
  "5.9 Patient home page" : {
    "transaction" : "5.9 Patient home page",
    "sampleCount" : 31,
    "errorCount" : 0,
    "errorPct" : 0.0,
    "meanResTime" : 680.1612903225807,
    "medianResTime" : 540.0,
    "minResTime" : 453.0,
    "maxResTime" : 1952.0,
    "pct1ResTime" : 974.6,
    "pct2ResTime" : 1706.5999999999995,
    "pct3ResTime" : 1952.0,
    "throughput" : 0.009924401670628958,
    "receivedKBytesPerSec" : 0.21474711964250384,
    "sentKBytesPerSec" : 0.00739484226043935
  },
  "2.4 Patient attending session" : {
    "transaction" : "2.4 Patient attending session",
    "sampleCount" : 722,
    "errorCount" : 0,
    "errorPct" : 0.0,
    "meanResTime" : 1860.9612188365654,
    "medianResTime" : 1625.5,
    "minResTime" : 1106.0,
    "maxResTime" : 6542.0,
    "pct1ResTime" : 2712.500000000001,
    "pct2ResTime" : 3399.9500000000016,
    "pct3ResTime" : 4803.0,
    "throughput" : 0.20616490165334544,
    "receivedKBytesPerSec" : 20.717338992029244,
    "sentKBytesPerSec" : 0.3064286917152263
  },
  "5.4 Consent route" : {
    "transaction" : "5.4 Consent route",
    "sampleCount" : 31,
    "errorCount" : 0,
    "errorPct" : 0.0,
    "meanResTime" : 740.741935483871,
    "medianResTime" : 637.0,
    "minResTime" : 578.0,
    "maxResTime" : 1903.0,
    "pct1ResTime" : 1020.8000000000001,
    "pct2ResTime" : 1679.1999999999994,
    "pct3ResTime" : 1903.0,
    "throughput" : 0.009920250783939818,
    "receivedKBytesPerSec" : 0.11281566447999807,
    "sentKBytesPerSec" : 0.015531955147826139
  },
  "1.1 Homepage" : {
    "transaction" : "1.1 Homepage",
    "sampleCount" : 70,
    "errorCount" : 0,
    "errorPct" : 0.0,
    "meanResTime" : 481.4,
    "medianResTime" : 470.0,
    "minResTime" : 460.0,
    "maxResTime" : 681.0,
    "pct1ResTime" : 515.0,
    "pct2ResTime" : 524.45,
    "pct3ResTime" : 681.0,
    "throughput" : 0.07891200634903457,
    "receivedKBytesPerSec" : 0.40727534526821063,
    "sentKBytesPerSec" : 0.042769690941127134
  },
  "1.3 Sign-in" : {
    "transaction" : "1.3 Sign-in",
    "sampleCount" : 70,
    "errorCount" : 0,
    "errorPct" : 0.0,
    "meanResTime" : 666.6999999999999,
    "medianResTime" : 627.0,
    "minResTime" : 586.0,
    "maxResTime" : 1172.0,
    "pct1ResTime" : 788.5,
    "pct2ResTime" : 964.25,
    "pct3ResTime" : 1172.0,
    "throughput" : 0.07855362575481617,
    "receivedKBytesPerSec" : 0.7622923624273519,
    "sentKBytesPerSec" : 0.12358387801856334
  },
  "4.0 Vaccination for td_ipv" : {
    "transaction" : "4.0 Vaccination for td_ipv",
    "sampleCount" : 465,
    "errorCount" : 0,
    "errorPct" : 0.0,
    "meanResTime" : 3600.4430107526887,
    "medianResTime" : 3303.0,
    "minResTime" : 1406.0,
    "maxResTime" : 10069.0,
    "pct1ResTime" : 4829.0,
    "pct2ResTime" : 5530.0,
    "pct3ResTime" : 7142.44,
    "throughput" : 0.14540837864967213,
    "receivedKBytesPerSec" : 8.031711925675992,
    "sentKBytesPerSec" : 0.8573680003650845
  },
  "2.1 Open session" : {
    "transaction" : "2.1 Open session",
    "sampleCount" : 737,
    "errorCount" : 0,
    "errorPct" : 0.0,
    "meanResTime" : 2334.0949796472196,
    "medianResTime" : 2184.0,
    "minResTime" : 1140.0,
    "maxResTime" : 7626.0,
    "pct1ResTime" : 3288.2,
    "pct2ResTime" : 3723.6000000000004,
    "pct3ResTime" : 4767.26,
    "throughput" : 0.20791182056278937,
    "receivedKBytesPerSec" : 3.6497556846568693,
    "sentKBytesPerSec" : 0.1360291671262637
  },