{
  "4.3 Vaccination confirm" : {
    "transaction" : "4.3 Vaccination confirm",
    "sampleCount" : 674,
    "errorCount" : 0,
    "errorPct" : 0.0,
    "meanResTime" : 1230.9718100890223,
    "medianResTime" : 1076.0,
    "minResTime" : 807.0,
    "maxResTime" : 6691.0,
    "pct1ResTime" : 1831.5,
    "pct2ResTime" : 2114.0,
    "pct3ResTime" : 3171.75,
    "throughput" : 0.382092232756529,
    "receivedKBytesPerSec" : 154.25620141203348,
    "sentKBytesPerSec" : 2.308692399879363
  },
  "4.1 Vaccination questions" : {
    "transaction" : "4.1 Vaccination questions",
    "sampleCount" : 674,
    "errorCount" : 0,
    "errorPct" : 0.0,
    "meanResTime" : 175.14391691394673,
    "medianResTime" : 124.0,
    "minResTime" : 91.0,
    "maxResTime" : 1648.0,
    "pct1ResTime" : 262.0,
    "pct2ResTime" : 460.75,
    "pct3ResTime" : 1040.25,
    "throughput" : 0.3839222039185128,
    "receivedKBytesPerSec" : 151.56230819910297,
    "sentKBytesPerSec" : 2.1953275904139637
  },
  "2.0 Register attendance" : {
    "transaction" : "2.0 Register attendance",
    "sampleCount" : 674,
    "errorCount" : 5,
    "errorPct" : 0.74183977,
    "meanResTime" : 1469.249258160238,
    "medianResTime" : 1471.5,
    "minResTime" : 441.0,
    "maxResTime" : 7886.0,
    "pct1ResTime" : 2348.5,
    "pct2ResTime" : 2752.0,
    "pct3ResTime" : 3894.5,
    "throughput" : 0.38381026789273354,
    "receivedKBytesPerSec" : 715.567178546266,
    "sentKBytesPerSec" : 7.593602645543245
  },
  "Reset counters" : {
    "transaction" : "Reset counters",
    "sampleCount" : 1,
    "errorCount" : 0,
    "errorPct" : 0.0,
    "meanResTime" : 429.0,
    "medianResTime" : 429.0,
    "minResTime" : 429.0,
    "maxResTime" : 429.0,
    "pct1ResTime" : 429.0,
    "pct2ResTime" : 429.0,
    "pct3ResTime" : 429.0,
    "throughput" : 2.331002331002331,
    "receivedKBytesPerSec" : 0.0,
    "sentKBytesPerSec" : 0.0
  },
  "1.0 Login" : {
    "transaction" : "1.0 Login",
    "sampleCount" : 744,
    "errorCount" : 0,
    "errorPct" : 0.0,
    "meanResTime" : 957.8131720430116,
    "medianResTime" : 845.0,
    "minResTime" : 648.0,
    "maxResTime" : 2792.0,
    "pct1ResTime" : 1374.0,
    "pct2ResTime" : 1666.25,
    "pct3ResTime" : 2352.55,
    "throughput" : 0.3916512997927512,
    "receivedKBytesPerSec" : 651.6468074126786,
    "sentKBytesPerSec" : 7.511268364576825
  },
  "4.0 Vaccination for menacwy" : {
    "transaction" : "4.0 Vaccination for menacwy",
    "sampleCount" : 176,
    "errorCount" : 0,
    "errorPct" : 0.0,
    "meanResTime" : 1532.6249999999998,
    "medianResTime" : 1405.5,
    "minResTime" : 1025.0,
    "maxResTime" : 3350.0,
    "pct1ResTime" : 2212.4,
    "pct2ResTime" : 2399.350000000001,
    "pct3ResTime" : 2848.729999999993,
    "throughput" : 0.10118134974770776,
    "receivedKBytesPerSec" : 120.96403504252204,
    "sentKBytesPerSec" : 1.7178350202161485
  },
  "2.5 Select patient" : {
    "transaction" : "2.5 Select patient",
    "sampleCount" : 674,
    "errorCount" : 0,
    "errorPct" : 0.0,
    "meanResTime" : 136.45548961424333,
    "medianResTime" : 94.0,
    "minResTime" : 61.0,
    "maxResTime" : 2417.0,
    "pct1ResTime" : 202.5,
    "pct2ResTime" : 322.5,
    "pct3ResTime" : 958.0,
    "throughput" : 0.384373889721192,
    "receivedKBytesPerSec" : 155.80298802937665,
    "sentKBytesPerSec" : 1.6011032402105845
  },
  "Initialise vaccination list" : {
    "transaction" : "Initialise vaccination list",
    "sampleCount" : 1,
    "errorCount" : 1,
    "errorPct" : 100.0,
    "meanResTime" : 2.0,
    "medianResTime" : 2.0,
    "minResTime" : 2.0,
    "maxResTime" : 2.0,
    "pct1ResTime" : 2.0,
    "pct2ResTime" : 2.0,
    "pct3ResTime" : 2.0,
    "throughput" : 500.0,
    "receivedKBytesPerSec" : 1247.55859375,
    "sentKBytesPerSec" : 0.0
  },
  "2.3 Search by first/last name" : {
    "transaction" : "2.3 Search by first/last name",
    "sampleCount" : 674,
    "errorCount" : 0,
    "errorPct" : 0.0,
    "meanResTime" : 126.40949554896152,
    "medianResTime" : 93.0,
    "minResTime" : 69.0,
    "maxResTime" : 3158.0,
    "pct1ResTime" : 176.0,
    "pct2ResTime" : 309.5,
    "pct3ResTime" : 716.75,
    "throughput" : 0.3844361536535409,
    "receivedKBytesPerSec" : 156.0111488979972,
    "sentKBytesPerSec" : 1.6642837628984317
  },
  "4.0 Vaccination for flu" : {
    "transaction" : "4.0 Vaccination for flu",
    "sampleCount" : 155,
    "errorCount" : 0,
    "errorPct" : 0.0,
    "meanResTime" : 1559.225806451613,
    "medianResTime" : 1381.0,
    "minResTime" : 1052.0,
    "maxResTime" : 4364.0,
    "pct1ResTime" : 2227.8,
    "pct2ResTime" : 2658.5999999999976,
    "pct3ResTime" : 4014.5599999999986,
    "throughput" : 0.1005511500456697,
    "receivedKBytesPerSec" : 119.92900822731404,
    "sentKBytesPerSec" : 1.7038440522210776
  },
  "4.0 Vaccination for hpv" : {
    "transaction" : "4.0 Vaccination for hpv",
    "sampleCount" : 166,
    "errorCount" : 0,
    "errorPct" : 0.0,
    "meanResTime" : 1577.3493975903625,
    "medianResTime" : 1377.5,
    "minResTime" : 1059.0,
    "maxResTime" : 4177.0,
    "pct1ResTime" : 2273.000000000001,
    "pct2ResTime" : 2700.1500000000005,
    "pct3ResTime" : 3984.0400000000036,
    "throughput" : 0.10233054739445467,
    "receivedKBytesPerSec" : 121.96584846086535,
    "sentKBytesPerSec" : 1.7364678301809156
  },
  "1.2 Sign-in page" : {
    "transaction" : "1.2 Sign-in page",
    "sampleCount" : 744,
    "errorCount" : 0,
    "errorPct" : 0.0,
    "meanResTime" : 136.3010752688172,
    "medianResTime" : 105.0,
    "minResTime" : 13.0,
    "maxResTime" : 1466.0,
    "pct1ResTime" : 224.0,
    "pct2ResTime" : 361.0,
    "pct3ResTime" : 843.749999999997,
    "throughput" : 0.39213516013503363,
    "receivedKBytesPerSec" : 157.27816478505036,
    "sentKBytesPerSec" : 1.921606712382827
  },
  "2.4 Patient attending session" : {
    "transaction" : "2.4 Patient attending session",
    "sampleCount" : 388,
    "errorCount" : 5,
    "errorPct" : 1.2886598,
    "meanResTime" : 1102.8041237113412,
    "medianResTime" : 952.5,
    "minResTime" : 58.0,
    "maxResTime" : 6721.0,
    "pct1ResTime" : 1671.0000000000002,
    "pct2ResTime" : 1862.2499999999993,
    "pct3ResTime" : 2724.8000000000025,
    "throughput" : 0.2210097067691058,
    "receivedKBytesPerSec" : 90.05472584650136,
    "sentKBytesPerSec" : 1.127639460400244
  },
  "Total" : {
    "transaction" : "Total",
    "sampleCount" : 8760,
    "errorCount" : 7,
    "errorPct" : 0.07990868,
    "meanResTime" : 318.76244292237413,
    "medianResTime" : 125.0,
    "minResTime" : 2.0,
    "maxResTime" : 6721.0,
    "pct1ResTime" : 925.0,
    "pct2ResTime" : 1143.949999999999,
    "pct3ResTime" : 1893.1199999999953,
    "throughput" : 4.494036167756829,
    "receivedKBytesPerSec" : 1693.2429730585482,
    "sentKBytesPerSec" : 20.309081217134796
  },
  "1.4 Open Sessions list" : {
    "transaction" : "1.4 Open Sessions list",
    "sampleCount" : 744,
    "errorCount" : 0,
    "errorPct" : 0.0,
    "meanResTime" : 493.447580645161,
    "medianResTime" : 435.0,
    "minResTime" : 363.0,
    "maxResTime" : 2056.0,
    "pct1ResTime" : 636.5,
    "pct2ResTime" : 802.0,
    "pct3ResTime" : 1583.849999999987,
    "throughput" : 0.3917022304914915,
    "receivedKBytesPerSec" : 179.87419013161772,
    "sentKBytesPerSec" : 1.6301867023476335
  },
  "Reset vaccination list" : {
    "transaction" : "Reset vaccination list",
    "sampleCount" : 1,
    "errorCount" : 1,
    "errorPct" : 100.0,
    "meanResTime" : 37.0,
    "medianResTime" : 37.0,
    "minResTime" : 37.0,
    "maxResTime" : 37.0,
    "pct1ResTime" : 37.0,
    "pct2ResTime" : 37.0,
    "pct3ResTime" : 37.0,
    "throughput" : 27.027027027027028,
    "receivedKBytesPerSec" : 67.43559966216216,
    "sentKBytesPerSec" : 0.0
  },
  "4.2 Vaccination batch" : {
    "transaction" : "4.2 Vaccination batch",
    "sampleCount" : 674,
    "errorCount" : 0,
    "errorPct" : 0.0,
    "meanResTime" : 164.35163204747778,