{
  "2.0 Register attendance" : {
    "transaction" : "2.0 Register attendance",
    "sampleCount" : 1678,
    "errorCount" : 1,
    "errorPct" : 0.059594754,
    "meanResTime" : 810.6829558998819,
    "medianResTime" : 792.0,
    "minResTime" : 376.0,
    "maxResTime" : 1846.0,
    "pct1ResTime" : 1091.0,
    "pct2ResTime" : 1197.1999999999998,
    "pct3ResTime" : 1457.6800000000003,
    "throughput" : 0.4693313762009835,
    "receivedKBytesPerSec" : 64.1306934879782,
    "sentKBytesPerSec" : 16.04576381452642
  },
  "2.5 Select patient" : {
    "transaction" : "2.5 Select patient",
    "sampleCount" : 1673,
    "errorCount" : 0,
    "errorPct" : 0.0,
    "meanResTime" : 105.45606694560654,
    "medianResTime" : 92.0,
    "minResTime" : 57.0,
    "maxResTime" : 654.0,
    "pct1ResTime" : 166.0,
    "pct2ResTime" : 216.29999999999995,
    "pct3ResTime" : 354.52,
    "throughput" : 0.4712684021437783,
    "receivedKBytesPerSec" : 11.87488582727182,
    "sentKBytesPerSec" : 3.398635255615925
  },
  "7.1 Full name search" : {
    "transaction" : "7.1 Full name search",
    "sampleCount" : 171,
    "errorCount" : 0,
    "errorPct" : 0.0,
    "meanResTime" : 513.6900584795322,
    "medianResTime" : 381.0,
    "minResTime" : 222.0,
    "maxResTime" : 2283.0,
    "pct1ResTime" : 983.8000000000006,
    "pct2ResTime" : 1467.0,
    "pct3ResTime" : 2252.04,
    "throughput" : 0.05072838244097856,
    "receivedKBytesPerSec" : 1.9066723633811982,
    "sentKBytesPerSec" : 0.3743521354238668
  },
  "2.3 Search by first/last name" : {
    "transaction" : "2.3 Search by first/last name",
    "sampleCount" : 1679,
    "errorCount" : 0,
    "errorPct" : 0.0,
    "meanResTime" : 104.18225134008347,
    "medianResTime" : 89.0,
    "minResTime" : 60.0,
    "maxResTime" : 632.0,
    "pct1ResTime" : 156.0,
    "pct2ResTime" : 203.0,
    "pct3ResTime" : 326.20000000000005,
    "throughput" : 0.46973483622369006,
    "receivedKBytesPerSec" : 13.623156392621805,
    "sentKBytesPerSec" : 3.512633531009913
  },
  "4.0 Vaccination for flu" : {
    "transaction" : "4.0 Vaccination for flu",
    "sampleCount" : 408,
    "errorCount" : 0,
    "errorPct" : 0.0,
    "meanResTime" : 728.1004901960778,
    "medianResTime" : 699.0,
    "minResTime" : 173.0,
    "maxResTime" : 2262.0,
    "pct1ResTime" : 924.0,
    "pct2ResTime" : 1082.1499999999994,
    "pct3ResTime" : 1299.5499999999997,
    "throughput" : 0.11638806748454007,
    "receivedKBytesPerSec" : 6.12338540974305,
    "sentKBytesPerSec" : 3.296858490295574
  },
  "4.0 Vaccination for hpv" : {
    "transaction" : "4.0 Vaccination for hpv",
    "sampleCount" : 411,
    "errorCount" : 0,
    "errorPct" : 0.0,
    "meanResTime" : 722.5620437956206,
    "medianResTime" : 700.0,
    "minResTime" : 171.0,
    "maxResTime" : 1457.0,
    "pct1ResTime" : 929.2,
    "pct2ResTime" : 1044.1999999999998,
    "pct3ResTime" : 1265.0,
    "throughput" : 0.11799592957107187,
    "receivedKBytesPerSec" : 5.744937194531219,
    "sentKBytesPerSec" : 3.351280768120486
  },
  "1.2 Sign-in page" : {
    "transaction" : "1.2 Sign-in page",
    "sampleCount" : 3384,
    "errorCount" : 0,
    "errorPct" : 0.0,
    "meanResTime" : 722.5292553191485,
    "medianResTime" : 175.0,
    "minResTime" : 12.0,
    "maxResTime" : 14470.0,
    "pct1ResTime" : 1591.0,
    "pct2ResTime" : 2764.25,
    "pct3ResTime" : 5878.050000000001,
    "throughput" : 0.9409519297022154,
    "receivedKBytesPerSec" : 63.373858500130545,
    "sentKBytesPerSec" : 8.173283286695874
  },
  "7.2 First name search" : {
    "transaction" : "7.2 First name search",
    "sampleCount" : 166,
    "errorCount" : 0,
    "errorPct" : 0.0,
    "meanResTime" : 1741.4759036144576,
    "medianResTime" : 1259.0,
    "minResTime" : 954.0,
    "maxResTime" : 8204.0,
    "pct1ResTime" : 3058.5000000000027,
    "pct2ResTime" : 5802.6,
    "pct3ResTime" : 7440.200000000014,
    "throughput" : 0.04839514695798602,
    "receivedKBytesPerSec" : 6.45725196630794,
    "sentKBytesPerSec" : 0.3567664473712981
  },
  "7.7 Due vaccination search" : {
    "transaction" : "7.7 Due vaccination search",
    "sampleCount" : 189,
    "errorCount" : 0,
    "errorPct" : 0.0,
    "meanResTime" : 673.2275132275132,
    "medianResTime" : 622.0,
    "minResTime" : 534.0,
    "maxResTime" : 3926.0,
    "pct1ResTime" : 840.0,
    "pct2ResTime" : 950.0,
    "pct3ResTime" : 1515.7999999999847,
    "throughput" : 0.057021504347965137,
    "receivedKBytesPerSec" : 7.485268054056688,
    "sentKBytesPerSec" : 0.43197083506560036
  },
  "2.4 Patient attending session" : {
    "transaction" : "2.4 Patient attending session",
    "sampleCount" : 970,
    "errorCount" : 1,
    "errorPct" : 0.10309278,
    "meanResTime" : 359.70309278350516,
    "medianResTime" : 329.0,
    "minResTime" : 126.0,
    "maxResTime" : 1249.0,
    "pct1ResTime" : 490.0,
    "pct2ResTime" : 596.8999999999999,
    "pct3ResTime" : 873.3499999999995,
    "throughput" : 0.27254456314337727,
    "receivedKBytesPerSec" : 8.310528213841273,
    "sentKBytesPerSec" : 2.391810399826386
  },
  "Check STS status" : {
    "transaction" : "Check STS status",
    "sampleCount" : 1,
    "errorCount" : 0,
    "errorPct" : 0.0,
    "meanResTime" : 31.0,
    "medianResTime" : 31.0,
    "minResTime" : 31.0,
    "maxResTime" : 31.0,
    "pct1ResTime" : 31.0,
    "pct2ResTime" : 31.0,
    "pct3ResTime" : 31.0,
    "throughput" : 32.25806451612903,
    "receivedKBytesPerSec" : 10.112147177419354,
    "sentKBytesPerSec" : 19.027217741935484
  },
  "1.1 Homepage" : {
    "transaction" : "1.1 Homepage",
    "sampleCount" : 3390,
    "errorCount" : 0,
    "errorPct" : 0.0,
    "meanResTime" : 725.802064896754,
    "medianResTime" : 185.0,
    "minResTime" : 26.0,
    "maxResTime" : 10851.0,
    "pct1ResTime" : 1621.000000000001,
    "pct2ResTime" : 2736.3499999999995,
    "pct3ResTime" : 6019.440000000002,
    "throughput" : 0.9415280528144467,
    "receivedKBytesPerSec" : 73.77555678434841,
    "sentKBytesPerSec" : 8.164931024477646
  },
  "1.3 Sign-in" : {
    "transaction" : "1.3 Sign-in",
    "sampleCount" : 3379,
    "errorCount" : 0,
    "errorPct" : 0.0,
    "meanResTime" : 734.8961231133463,
    "medianResTime" : 229.0,
    "minResTime" : 55.0,
    "maxResTime" : 15904.0,
    "pct1ResTime" : 1636.0,
    "pct2ResTime" : 2745.0,
    "pct3ResTime" : 6048.399999999999,
    "throughput" : 0.9408419519171012,
    "receivedKBytesPerSec" : 63.62687713753361,
    "sentKBytesPerSec" : 8.430821577913632
  },
  "Run some searches" : {
    "transaction" : "Run some searches",
    "sampleCount" : 1679,
    "errorCount" : 1,
    "errorPct" : 0.059559263,
    "meanResTime" : 1404.7081596188204,
    "medianResTime" : 1117.0,
    "minResTime" : 0.0,
    "maxResTime" : 60002.0,
    "pct1ResTime" : 2733.0,
    "pct2ResTime" : 3367.0,
    "pct3ResTime" : 6856.000000000001,
    "throughput" : 0.4700266339094403,
    "receivedKBytesPerSec" : 53.84815317316618,
    "sentKBytesPerSec" : 3.514068410763386
  },
  "4.0 Vaccination for td_ipv" : {
    "transaction" : "4.0 Vaccination for td_ipv",
    "sampleCount" : 416,
    "errorCount" : 0,
    "errorPct" : 0.0,
    "meanResTime" : 723.5192307692311,
    "medianResTime" : 688.5,
    "minResTime" : 186.0,
    "maxResTime" : 1531.0,
    "pct1ResTime" : 954.2,
    "pct2ResTime" : 1035.75,
    "pct3ResTime" : 1304.1299999999999,
    "throughput" : 0.12007528951566651,
    "receivedKBytesPerSec" : 5.944337377611962,
    "sentKBytesPerSec" : 3.4082745612056367
  },
  "2.1 Open session" : {
    "transaction" : "2.1 Open session",
    "sampleCount" : 1680,
    "errorCount" : 0,
    "errorPct" : 0.0,
    "meanResTime" : 271.9029761904762,
    "medianResTime" : 246.5,
    "minResTime" : 107.0,
    "maxResTime" : 892.0,
    "pct1ResTime" : 421.0,
    "pct2ResTime" : 513.8999999999996,
    "pct3ResTime" : 687.6600000000008,
    "throughput" : 0.4697396775404878,
    "receivedKBytesPerSec" : 10.732902856296846,
    "sentKBytesPerSec" : 3.3912008898351407
  },