{
  "4.3 Vaccination confirm" : {
    "transaction" : "4.3 Vaccination confirm",
    "sampleCount" : 1546,
    "errorCount" : 0,
    "errorPct" : 0.0,
    "meanResTime" : 1056.1520051746443,
    "medianResTime" : 784.0,
    "minResTime" : 448.0,
    "maxResTime" : 13761.0,
    "pct1ResTime" : 1852.6,
    "pct2ResTime" : 2403.1499999999987,
    "pct3ResTime" : 4265.079999999999,
    "throughput" : 0.4468698874442858,
    "receivedKBytesPerSec" : 187.2968964415709,
    "sentKBytesPerSec" : 4.573352426982588
  },
  "4.1 Vaccination questions" : {
    "transaction" : "4.1 Vaccination questions",
    "sampleCount" : 1573,
    "errorCount" : 0,
    "errorPct" : 0.0,
    "meanResTime" : 269.9186268277176,
    "medianResTime" : 134.0,
    "minResTime" : 76.0,
    "maxResTime" : 6658.0,
    "pct1ResTime" : 558.8000000000004,
    "pct2ResTime" : 883.7999999999993,
    "pct3ResTime" : 2024.6799999999998,
    "throughput" : 0.447973298171369,
    "receivedKBytesPerSec" : 183.68337319416995,
    "sentKBytesPerSec" : 4.172184919543511
  },
  "2.0 Register attendance" : {
    "transaction" : "2.0 Register attendance",
    "sampleCount" : 1605,
    "errorCount" : 22,
    "errorPct" : 1.3707165,
    "meanResTime" : 2049.157632398757,
    "medianResTime" : 1713.0,
    "minResTime" : 461.0,
    "maxResTime" : 10765.0,
    "pct1ResTime" : 3449.8000000000006,
    "pct2ResTime" : 4322.499999999992,
    "pct3ResTime" : 7043.700000000001,
    "throughput" : 0.44941479473504264,
    "receivedKBytesPerSec" : 930.1822691784263,
    "sentKBytesPerSec" : 16.30195646509433
  },
  "Reset counters" : {
    "transaction" : "Reset counters",
    "sampleCount" : 1,
    "errorCount" : 0,
    "errorPct" : 0.0,
    "meanResTime" : 47.0,
    "medianResTime" : 47.0,
    "minResTime" : 47.0,
    "maxResTime" : 47.0,
    "pct1ResTime" : 47.0,
    "pct2ResTime" : 47.0,
    "pct3ResTime" : 47.0,
    "throughput" : 21.27659574468085,
    "receivedKBytesPerSec" : 0.0,
    "sentKBytesPerSec" : 0.0
  },
  "1.0 Login" : {
    "transaction" : "1.0 Login",
    "sampleCount" : 1613,
    "errorCount" : 0,
    "errorPct" : 0.0,
    "meanResTime" : 1430.7644141351525,
    "medianResTime" : 1199.0,
    "minResTime" : 325.0,
    "maxResTime" : 7722.0,
    "pct1ResTime" : 2392.6000000000004,
    "pct2ResTime" : 3053.5999999999995,
    "pct3ResTime" : 4537.719999999995,
    "throughput" : 0.4493271513940006,
    "receivedKBytesPerSec" : 777.2815021698037,
    "sentKBytesPerSec" : 14.702173013343039
  },
  "4.0 Vaccination for menacwy" : {
    "transaction" : "4.0 Vaccination for menacwy",
    "sampleCount" : 380,
    "errorCount" : 0,
    "errorPct" : 0.0,
    "meanResTime" : 1541.6763157894745,
    "medianResTime" : 1238.5,
    "minResTime" : 200.0,
    "maxResTime" : 12798.0,
    "pct1ResTime" : 2599.4000000000024,
    "pct2ResTime" : 3244.0,
    "pct3ResTime" : 5548.159999999999,
    "throughput" : 0.10922289633827366,
    "receivedKBytesPerSec" : 134.86458130336834,
    "sentKBytesPerSec" : 3.0771409362852546
  },
  "2.5 Select patient" : {
    "transaction" : "2.5 Select patient",
    "sampleCount" : 1599,
    "errorCount" : 0,
    "errorPct" : 0.0,
    "meanResTime" : 192.30456535334605,
    "medianResTime" : 100.0,
    "minResTime" : 56.0,
    "maxResTime" : 4735.0,
    "pct1ResTime" : 362.0,
    "pct2ResTime" : 693.0,
    "pct3ResTime" : 1632.0,
    "throughput" : 0.4501739884458158,
    "receivedKBytesPerSec" : 189.805518742205,
    "sentKBytesPerSec" : 3.2230436351514373
  },
  "Initialise vaccination list" : {
    "transaction" : "Initialise vaccination list",
    "sampleCount" : 1,
    "errorCount" : 0,
    "errorPct" : 0.0,
    "meanResTime" : 45.0,
    "medianResTime" : 45.0,
    "minResTime" : 45.0,
    "maxResTime" : 45.0,
    "pct1ResTime" : 45.0,
    "pct2ResTime" : 45.0,
    "pct3ResTime" : 45.0,
    "throughput" : 22.22222222222222,
    "receivedKBytesPerSec" : 6.358506944444445,
    "sentKBytesPerSec" : 13.715277777777779
  },
  "2.3 Search by first/last name" : {
    "transaction" : "2.3 Search by first/last name",
    "sampleCount" : 1606,
    "errorCount" : 0,
    "errorPct" : 0.0,
    "meanResTime" : 174.79265255292663,
    "medianResTime" : 106.0,
    "minResTime" : 64.0,
    "maxResTime" : 2252.0,
    "pct1ResTime" : 323.0,
    "pct2ResTime" : 552.6499999999999,
    "pct3ResTime" : 1339.2700000000025,
    "throughput" : 0.449532175839297,
    "receivedKBytesPerSec" : 191.33588977788042,
    "sentKBytesPerSec" : 3.3381358030475257
  },
  "4.0 Vaccination for flu" : {
    "transaction" : "4.0 Vaccination for flu",
    "sampleCount" : 407,
    "errorCount" : 0,
    "errorPct" : 0.0,
    "meanResTime" : 1590.8402948402947,
    "medianResTime" : 1261.0,
    "minResTime" : 194.0,
    "maxResTime" : 13961.0,
    "pct1ResTime" : 2556.5999999999995,
    "pct2ResTime" : 3504.7999999999997,
    "pct3ResTime" : 6429.680000000007,
    "throughput" : 0.11643884800496196,
    "receivedKBytesPerSec" : 143.76296951211836,
    "sentKBytesPerSec" : 3.281199174228278
  },
  "4.0 Vaccination for hpv" : {
    "transaction" : "4.0 Vaccination for hpv",
    "sampleCount" : 401,
    "errorCount" : 0,
    "errorPct" : 0.0,
    "meanResTime" : 1528.618453865337,
    "medianResTime" : 1227.0,
    "minResTime" : 187.0,
    "maxResTime" : 5819.0,
    "pct1ResTime" : 2729.4,
    "pct2ResTime" : 3504.8999999999987,
    "pct3ResTime" : 4805.520000000002,
    "throughput" : 0.11469753031332734,
    "receivedKBytesPerSec" : 141.4943162421857,
    "sentKBytesPerSec" : 3.237434886448015
  },
  "1.2 Sign-in page" : {
    "transaction" : "1.2 Sign-in page",
    "sampleCount" : 1614,
    "errorCount" : 0,
    "errorPct" : 0.0,
    "meanResTime" : 233.14188351920689,
    "medianResTime" : 120.0,
    "minResTime" : 13.0,
    "maxResTime" : 3529.0,
    "pct1ResTime" : 464.0,
    "pct2ResTime" : 788.75,
    "pct3ResTime" : 2113.049999999997,
    "throughput" : 0.4490716820238609,
    "receivedKBytesPerSec" : 187.39372745120727,
    "sentKBytesPerSec" : 3.778046318985994
  },
  "Debug Sampler" : {
    "transaction" : "Debug Sampler",
    "sampleCount" : 1606,
    "errorCount" : 0,
    "errorPct" : 0.0,
    "meanResTime" : 0.35118306351183043,
    "medianResTime" : 0.0,
    "minResTime" : 0.0,
    "maxResTime" : 17.0,
    "pct1ResTime" : 1.0,
    "pct2ResTime" : 1.0,
    "pct3ResTime" : 1.0,
    "throughput" : 0.449585910660617,
    "receivedKBytesPerSec" : 2.5981403627473845,
    "sentKBytesPerSec" : 0.0
  },
  "2.4 Patient attending session" : {
    "transaction" : "2.4 Patient attending session",
    "sampleCount" : 1363,
    "errorCount" : 22,
    "errorPct" : 1.6140866,
    "meanResTime" : 914.42626559061,
    "medianResTime" : 651.0,
    "minResTime" : 56.0,
    "maxResTime" : 8981.0,
    "pct1ResTime" : 1629.800000000001,
    "pct2ResTime" : 2342.3999999999996,
    "pct3ResTime" : 4628.959999999986,
    "throughput" : 0.38245660604696724,
    "receivedKBytesPerSec" : 163.16467103838934,
    "sentKBytesPerSec" : 3.324152597660421
  },
  "Check STS status" : {
    "transaction" : "Check STS status",
    "sampleCount" : 1,
    "errorCount" : 0,
    "errorPct" : 0.0,
    "meanResTime" : 32.0,
    "medianResTime" : 32.0,
    "minResTime" : 32.0,
    "maxResTime" : 32.0,
    "pct1ResTime" : 32.0,
    "pct2ResTime" : 32.0,
    "pct3ResTime" : 32.0,
    "throughput" : 31.25,
    "receivedKBytesPerSec" : 9.765625,
    "sentKBytesPerSec" : 18.4326171875
  },
  "Total" : {
    "transaction" : "Total",
    "sampleCount" : 20539,
    "errorCount" : 22,
    "errorPct" : 0.107113294,
    "meanResTime" : 393.0079361215242,
    "medianResTime" : 157.0,
    "minResTime" : 0.0,
    "maxResTime" : 13761.0,
    "pct1ResTime" : 947.0,
    "pct2ResTime" : 1376.9500000000007,
    "pct3ResTime" : 2668.9900000000016,
    "throughput" : 5.425597280623758,
    "receivedKBytesPerSec" : 2128.7731300169075,
    "sentKBytesPerSec" : 41.04882876579615
  },
  "1.4 Open Sessions list" : {
    "transaction" : "1.4 Open Sessions list",