{
  "1.4 Select Organisations-0" : {
    "transaction" : "1.4 Select Organisations-0",
    "sampleCount" : 61,
    "errorCount" : 0,
    "errorPct" : 0.0,
    "meanResTime" : 108.11475409836063,
    "medianResTime" : 95.0,
    "minResTime" : 88.0,
    "maxResTime" : 841.0,
    "pct1ResTime" : 104.80000000000001,
    "pct2ResTime" : 118.6,
    "pct3ResTime" : 841.0,
    "throughput" : 0.11823355196849172,
    "receivedKBytesPerSec" : 0.08578860264901304,
    "sentKBytesPerSec" : 0.0944482866310803
  },
  "1.4 Select Organisations-1" : {
    "transaction" : "1.4 Select Organisations-1",
    "sampleCount" : 61,
    "errorCount" : 0,
    "errorPct" : 0.0,
    "meanResTime" : 127.4754098360656,
    "medianResTime" : 107.0,
    "minResTime" : 95.0,
    "maxResTime" : 828.0,
    "pct1ResTime" : 155.60000000000005,
    "pct2ResTime" : 235.39999999999992,
    "pct3ResTime" : 828.0,
    "throughput" : 0.1182301145669192,
    "receivedKBytesPerSec" : 1.6127326565143825,
    "sentKBytesPerSec" : 0.07643392172197316
  },
  "2.0 Register attendance" : {
    "transaction" : "2.0 Register attendance",
    "sampleCount" : 98,
    "errorCount" : 0,
    "errorPct" : 0.0,
    "meanResTime" : 3869.816326530613,
    "medianResTime" : 3572.5,
    "minResTime" : 2758.0,
    "maxResTime" : 7141.0,
    "pct1ResTime" : 5160.200000000002,
    "pct2ResTime" : 6491.9,
    "pct3ResTime" : 7141.0,
    "throughput" : 0.1963648458836518,
    "receivedKBytesPerSec" : 58.93589351515115,
    "sentKBytesPerSec" : 0.8457510930308513
  },
  "1.3 Sign-in-1" : {
    "transaction" : "1.3 Sign-in-1",
    "sampleCount" : 61,
    "errorCount" : 0,
    "errorPct" : 0.0,
    "meanResTime" : 130.327868852459,
    "medianResTime" : 100.0,
    "minResTime" : 90.0,
    "maxResTime" : 1713.0,
    "pct1ResTime" : 111.80000000000001,
    "pct2ResTime" : 174.49999999999991,
    "pct3ResTime" : 1713.0,
    "throughput" : 0.1180162436783922,
    "receivedKBytesPerSec" : 1.0614546916777265,
    "sentKBytesPerSec" : 0.07790916086581359
  },
  "1.3 Sign-in-0" : {
    "transaction" : "1.3 Sign-in-0",
    "sampleCount" : 61,
    "errorCount" : 0,
    "errorPct" : 0.0,
    "meanResTime" : 438.1147540983607,
    "medianResTime" : 360.0,
    "minResTime" : 318.0,
    "maxResTime" : 2014.0,
    "pct1ResTime" : 623.4000000000001,
    "pct2ResTime" : 751.2999999999998,
    "pct3ResTime" : 2014.0,
    "throughput" : 0.11796375225291428,
    "receivedKBytesPerSec" : 0.08374965614049677,
    "sentKBytesPerSec" : 0.10771104331686998
  },
  "1.4 Select Organisations" : {
    "transaction" : "1.4 Select Organisations",
    "sampleCount" : 61,
    "errorCount" : 0,
    "errorPct" : 0.0,
    "meanResTime" : 235.91803278688533,
    "medianResTime" : 201.0,
    "minResTime" : 188.0,
    "maxResTime" : 964.0,
    "pct1ResTime" : 262.00000000000006,
    "pct2ResTime" : 384.29999999999995,
    "pct3ResTime" : 964.0,
    "throughput" : 0.11820903620878428,
    "receivedKBytesPerSec" : 1.6982159488939705,
    "sentKBytesPerSec" : 0.17084899764550854
  },
  "2.4 Patient attending session-1" : {
    "transaction" : "2.4 Patient attending session-1",
    "sampleCount" : 98,
    "errorCount" : 0,
    "errorPct" : 0.0,
    "meanResTime" : 540.2959183673472,
    "medianResTime" : 410.0,
    "minResTime" : 256.0,
    "maxResTime" : 4096.0,
    "pct1ResTime" : 899.1000000000001,
    "pct2ResTime" : 1151.6499999999994,
    "pct3ResTime" : 4096.0,
    "throughput" : 0.1970407693436733,
    "receivedKBytesPerSec" : 22.334562958421383,
    "sentKBytesPerSec" : 0.13161707639753176
  },
  "2.4 Patient attending session-0" : {
    "transaction" : "2.4 Patient attending session-0",
    "sampleCount" : 98,
    "errorCount" : 0,
    "errorPct" : 0.0,
    "meanResTime" : 239.08163265306118,
    "medianResTime" : 209.0,
    "minResTime" : 146.0,
    "maxResTime" : 2148.0,
    "pct1ResTime" : 343.1,
    "pct2ResTime" : 487.25,
    "pct3ResTime" : 2148.0,
    "throughput" : 0.19711408883006754,
    "receivedKBytesPerSec" : 0.14648810703093887,
    "sentKBytesPerSec" : 0.16131016253866856
  },
  "2.3 Search by first/last name" : {
    "transaction" : "2.3 Search by first/last name",
    "sampleCount" : 100,
    "errorCount" : 0,
    "errorPct" : 0.0,
    "meanResTime" : 371.76,
    "medianResTime" : 236.0,
    "minResTime" : 189.0,
    "maxResTime" : 3308.0,
    "pct1ResTime" : 499.9,
    "pct2ResTime" : 709.3499999999985,
    "pct3ResTime" : 3301.159999999996,
    "throughput" : 0.19259807093772147,
    "receivedKBytesPerSec" : 6.412547129349828,
    "sentKBytesPerSec" : 0.16610831282163876
  },
  "1.2 Sign-in page" : {
    "transaction" : "1.2 Sign-in page",
    "sampleCount" : 61,
    "errorCount" : 0,
    "errorPct" : 0.0,
    "meanResTime" : 116.03278688524591,
    "medianResTime" : 89.0,
    "minResTime" : 85.0,
    "maxResTime" : 1573.0,
    "pct1ResTime" : 96.4,
    "pct2ResTime" : 152.09999999999994,
    "pct3ResTime" : 1573.0,
    "throughput" : 0.11829958886044527,
    "receivedKBytesPerSec" : 0.7129167606033279,
    "sentKBytesPerSec" : 0.07128012336610814
  },
  "3.0 Nurse triage" : {
    "transaction" : "3.0 Nurse triage",
    "sampleCount" : 92,
    "errorCount" : 0,
    "errorPct" : 0.0,
    "meanResTime" : 1180.6630434782617,
    "medianResTime" : 1072.5,
    "minResTime" : 640.0,
    "maxResTime" : 4158.0,
    "pct1ResTime" : 1391.7,
    "pct2ResTime" : 1898.7499999999989,
    "pct3ResTime" : 4158.0,
    "throughput" : 0.20020847795856989,
    "receivedKBytesPerSec" : 22.617025221643843,
    "sentKBytesPerSec" : 0.5928196664298259
  },
  "4.2 Vaccination batch-2" : {
    "transaction" : "4.2 Vaccination batch-2",
    "sampleCount" : 74,
    "errorCount" : 0,
    "errorPct" : 0.0,
    "meanResTime" : 0.5405405405405402,
    "medianResTime" : 0.0,
    "minResTime" : 0.0,
    "maxResTime" : 5.0,
    "pct1ResTime" : 1.0,
    "pct2ResTime" : 1.0,
    "pct3ResTime" : 5.0,
    "throughput" : 0.18507541823292992,
    "receivedKBytesPerSec" : 0.8719397881199089,
    "sentKBytesPerSec" : 0.0
  },
  "2.4 Patient attending session" : {
    "transaction" : "2.4 Patient attending session",
    "sampleCount" : 98,
    "errorCount" : 0,
    "errorPct" : 0.0,
    "meanResTime" : 779.622448979592,
    "medianResTime" : 609.5,
    "minResTime" : 417.0,
    "maxResTime" : 4334.0,
    "pct1ResTime" : 1071.5,
    "pct2ResTime" : 1509.599999999999,
    "pct3ResTime" : 4334.0,
    "throughput" : 0.19697106736209513,
    "receivedKBytesPerSec" : 22.473044060342488,
    "sentKBytesPerSec" : 0.2927636372315515
  },
  "4.2 Vaccination batch-0" : {
    "transaction" : "4.2 Vaccination batch-0",
    "sampleCount" : 74,
    "errorCount" : 0,
    "errorPct" : 0.0,
    "meanResTime" : 184.7702702702703,
    "medianResTime" : 117.5,
    "minResTime" : 98.0,
    "maxResTime" : 1259.0,
    "pct1ResTime" : 274.5,
    "pct2ResTime" : 300.0,
    "pct3ResTime" : 1259.0,
    "throughput" : 0.18494821449994,
    "receivedKBytesPerSec" : 0.1383499338935098,
    "sentKBytesPerSec" : 0.16616441146478986
  },
  "4.2 Vaccination batch-1" : {
    "transaction" : "4.2 Vaccination batch-1",
    "sampleCount" : 74,
    "errorCount" : 0,
    "errorPct" : 0.0,
    "meanResTime" : 154.78378378378375,
    "medianResTime" : 140.0,
    "minResTime" : 111.0,
    "maxResTime" : 369.0,
    "pct1ResTime" : 207.5,
    "pct2ResTime" : 270.25,
    "pct3ResTime" : 369.0,
    "throughput" : 0.18500971300993302,
    "receivedKBytesPerSec" : 2.516885066153473,
    "sentKBytesPerSec" : 0.12712581473027335
  },
  "1.1 Homepage" : {
    "transaction" : "1.1 Homepage",
    "sampleCount" : 61,
    "errorCount" : 0,
    "errorPct" : 0.0,
    "meanResTime" : 276.90163934426226,
    "medianResTime" : 259.0,
    "minResTime" : 246.0,
    "maxResTime" : 509.0,
    "pct1ResTime" : 354.20000000000005,
    "pct2ResTime" : 372.4,
    "pct3ResTime" : 509.0,
    "throughput" : 0.11868697186729629,
    "receivedKBytesPerSec" : 0.6125592249205672,
    "sentKBytesPerSec" : 0.06432741151010687
  },