{
  "7.3 Safe to vaccinate" : {
    "transaction" : "7.3 Safe to vaccinate",
    "sampleCount" : 21,
    "errorCount" : 0,
    "errorPct" : 0.0,
    "meanResTime" : 132.8571428571429,
    "medianResTime" : 104.0,
    "minResTime" : 79.0,
    "maxResTime" : 422.0,
    "pct1ResTime" : 226.40000000000006,
    "pct2ResTime" : 404.09999999999974,
    "pct3ResTime" : 422.0,
    "throughput" : 0.0060599047556112555,
    "receivedKBytesPerSec" : 0.18359617689265975,
    "sentKBytesPerSec" : 0.04503785240149697
  },
  "2.0 Register attendance" : {
    "transaction" : "2.0 Register attendance",
    "sampleCount" : 1626,
    "errorCount" : 10,
    "errorPct" : 0.61500615,
    "meanResTime" : 959.3603936039364,
    "medianResTime" : 918.5,
    "minResTime" : 357.0,
    "maxResTime" : 2930.0,
    "pct1ResTime" : 1310.3,
    "pct2ResTime" : 1467.6499999999999,
    "pct3ResTime" : 1939.5200000000004,
    "throughput" : 0.4561282343096516,
    "receivedKBytesPerSec" : 67.48556013611403,
    "sentKBytesPerSec" : 16.868499688322892
  },
  "2.5 Select patient" : {
    "transaction" : "2.5 Select patient",
    "sampleCount" : 1619,
    "errorCount" : 0,
    "errorPct" : 0.0,
    "meanResTime" : 115.48857319332933,
    "medianResTime" : 97.0,
    "minResTime" : 54.0,
    "maxResTime" : 1428.0,
    "pct1ResTime" : 192.0,
    "pct2ResTime" : 265.0,
    "pct3ResTime" : 510.19999999999914,
    "throughput" : 0.45605441103769984,
    "receivedKBytesPerSec" : 11.485260944760093,
    "sentKBytesPerSec" : 3.2888882269687594
  },
  "7.1 Full name search" : {
    "transaction" : "7.1 Full name search",
    "sampleCount" : 21,
    "errorCount" : 0,
    "errorPct" : 0.0,
    "meanResTime" : 6266.857142857142,
    "medianResTime" : 5800.0,
    "minResTime" : 4974.0,
    "maxResTime" : 8374.0,
    "pct1ResTime" : 8053.0,
    "pct2ResTime" : 8343.3,
    "pct3ResTime" : 8374.0,
    "throughput" : 0.006050232487385985,
    "receivedKBytesPerSec" : 0.25879796312801057,
    "sentKBytesPerSec" : 0.04464719320711588
  },
  "2.3 Search by first/last name" : {
    "transaction" : "2.3 Search by first/last name",
    "sampleCount" : 1630,
    "errorCount" : 0,
    "errorPct" : 0.0,
    "meanResTime" : 110.44110429447856,
    "medianResTime" : 90.0,
    "minResTime" : 56.0,
    "maxResTime" : 1172.0,
    "pct1ResTime" : 183.80000000000018,
    "pct2ResTime" : 264.4499999999998,
    "pct3ResTime" : 433.7600000000002,
    "throughput" : 0.45621574358548067,
    "receivedKBytesPerSec" : 13.23553259715716,
    "sentKBytesPerSec" : 3.411579865498922
  },
  "4.0 Vaccination for flu" : {
    "transaction" : "4.0 Vaccination for flu",
    "sampleCount" : 408,
    "errorCount" : 2,
    "errorPct" : 0.49019608,
    "meanResTime" : 825.5318627450981,
    "medianResTime" : 775.0,
    "minResTime" : 55.0,
    "maxResTime" : 2232.0,
    "pct1ResTime" : 1134.1000000000004,
    "pct2ResTime" : 1350.6499999999999,
    "pct3ResTime" : 1969.3399999999976,
    "throughput" : 0.11660064536170921,
    "receivedKBytesPerSec" : 6.103776920942048,
    "sentKBytesPerSec" : 3.2994924951552145
  },
  "4.0 Vaccination for hpv" : {
    "transaction" : "4.0 Vaccination for hpv",
    "sampleCount" : 416,
    "errorCount" : 0,
    "errorPct" : 0.0,
    "meanResTime" : 818.4687500000009,
    "medianResTime" : 761.5,
    "minResTime" : 187.0,
    "maxResTime" : 3240.0,
    "pct1ResTime" : 1133.0,
    "pct2ResTime" : 1337.1999999999994,
    "pct3ResTime" : 1689.5999999999997,
    "throughput" : 0.11959260319749222,
    "receivedKBytesPerSec" : 5.8505756296902725,
    "sentKBytesPerSec" : 3.3968416143305284
  },
  "7.6 First name search" : {
    "transaction" : "7.6 First name search",
    "sampleCount" : 21,
    "errorCount" : 0,
    "errorPct" : 0.0,
    "meanResTime" : 7438.7619047619055,
    "medianResTime" : 7135.0,
    "minResTime" : 6273.0,
    "maxResTime" : 9378.0,
    "pct1ResTime" : 9312.8,
    "pct2ResTime" : 9373.1,
    "pct3ResTime" : 9378.0,
    "throughput" : 0.006050952477548085,
    "receivedKBytesPerSec" : 0.8088863410156899,
    "sentKBytesPerSec" : 0.04460889128397754
  },
  "1.2 Sign-in page" : {
    "transaction" : "1.2 Sign-in page",
    "sampleCount" : 1663,
    "errorCount" : 0,
    "errorPct" : 0.0,
    "meanResTime" : 200.42934455802782,
    "medianResTime" : 92.0,
    "minResTime" : 11.0,
    "maxResTime" : 8709.0,
    "pct1ResTime" : 217.60000000000014,
    "pct2ResTime" : 362.79999999999995,
    "pct3ResTime" : 6192.4799999999905,
    "throughput" : 0.4626221859468566,
    "receivedKBytesPerSec" : 9.789401423171752,
    "sentKBytesPerSec" : 3.9222720073970865
  },
  "2.4 Patient attending session" : {
    "transaction" : "2.4 Patient attending session",
    "sampleCount" : 1461,
    "errorCount" : 10,
    "errorPct" : 0.6844627,
    "meanResTime" : 374.67761806981514,
    "medianResTime" : 340.0,
    "minResTime" : 14.0,
    "maxResTime" : 1512.0,
    "pct1ResTime" : 545.5999999999999,
    "pct2ResTime" : 629.7999999999997,
    "pct3ResTime" : 953.7599999999998,
    "throughput" : 0.4105980961288553,
    "receivedKBytesPerSec" : 12.390853587966216,
    "sentKBytesPerSec" : 3.5998592187422713
  },
  "Check STS status" : {
    "transaction" : "Check STS status",
    "sampleCount" : 1,
    "errorCount" : 0,
    "errorPct" : 0.0,
    "meanResTime" : 20.0,
    "medianResTime" : 20.0,
    "minResTime" : 20.0,
    "maxResTime" : 20.0,
    "pct1ResTime" : 20.0,
    "pct2ResTime" : 20.0,
    "pct3ResTime" : 20.0,
    "throughput" : 50.0,
    "receivedKBytesPerSec" : 15.673828125,
    "sentKBytesPerSec" : 29.4921875
  },
  "1.1 Homepage" : {
    "transaction" : "1.1 Homepage",
    "sampleCount" : 1669,
    "errorCount" : 0,
    "errorPct" : 0.0,
    "meanResTime" : 195.054523666866,
    "medianResTime" : 94.0,
    "minResTime" : 27.0,
    "maxResTime" : 8613.0,
    "pct1ResTime" : 193.0,
    "pct2ResTime" : 279.5,
    "pct3ResTime" : 6011.5999999999985,
    "throughput" : 0.46295050645786834,
    "receivedKBytesPerSec" : 17.96362011303246,
    "sentKBytesPerSec" : 3.916958731821426
  },
  "1.3 Sign-in" : {
    "transaction" : "1.3 Sign-in",
    "sampleCount" : 1658,
    "errorCount" : 1,
    "errorPct" : 0.06031363,
    "meanResTime" : 213.24487334137555,
    "medianResTime" : 95.0,
    "minResTime" : 55.0,
    "maxResTime" : 8748.0,
    "pct1ResTime" : 285.10000000000014,
    "pct2ResTime" : 381.04999999999995,
    "pct3ResTime" : 6070.390000000007,
    "throughput" : 0.46162562941039714,
    "receivedKBytesPerSec" : 9.973800977108741,
    "sentKBytesPerSec" : 4.072522201203205
  },
  "Run some searches" : {
    "transaction" : "Run some searches",
    "sampleCount" : 21,
    "errorCount" : 0,
    "errorPct" : 0.0,
    "meanResTime" : 30331.04761904762,
    "medianResTime" : 29509.0,
    "minResTime" : 25746.0,
    "maxResTime" : 38607.0,
    "pct1ResTime" : 33161.2,
    "pct2ResTime" : 38068.29999999999,
    "pct3ResTime" : 38607.0,
    "throughput" : 0.00601685234386483,
    "receivedKBytesPerSec" : 4.0275946122274755,
    "sentKBytesPerSec" : 0.3565108126418079
  },
  "4.0 Vaccination for td_ipv" : {
    "transaction" : "4.0 Vaccination for td_ipv",
    "sampleCount" : 389,
    "errorCount" : 0,
    "errorPct" : 0.0,
    "meanResTime" : 816.6323907455007,
    "medianResTime" : 760.0,
    "minResTime" : 177.0,
    "maxResTime" : 1933.0,
    "pct1ResTime" : 1156.0,
    "pct2ResTime" : 1317.5,
    "pct3ResTime" : 1629.8000000000004,
    "throughput" : 0.11245381154822592,
    "receivedKBytesPerSec" : 5.602974121458211,
    "sentKBytesPerSec" : 3.1965213875080294
  },
  "2.1 Open session" : {
    "transaction" : "2.1 Open session",
    "sampleCount" : 1633,
    "errorCount" : 0,
    "errorPct" : 0.0,
    "meanResTime" : 272.9467238211882,
    "medianResTime" : 235.0,
    "minResTime" : 104.0,
    "maxResTime" : 1296.0,
    "pct1ResTime" : 457.0,
    "pct2ResTime" : 545.7999999999997,
    "pct3ResTime" : 823.8000000000025,
    "throughput" : 0.45619507605439585,
    "receivedKBytesPerSec" : 10.512992982438865,