{
  "7.3 Safe to vaccinate" : {
    "transaction" : "7.3 Safe to vaccinate",
    "sampleCount" : 27,
    "errorCount" : 0,
    "errorPct" : 0.0,
    "meanResTime" : 183.55555555555557,
    "medianResTime" : 101.0,
    "minResTime" : 80.0,
    "maxResTime" : 1146.0,
    "pct1ResTime" : 394.79999999999995,
    "pct2ResTime" : 857.9999999999984,
    "pct3ResTime" : 1146.0,
    "throughput" : 0.007922416653976128,
    "receivedKBytesPerSec" : 3.59468881554296,
    "sentKBytesPerSec" : 0.05895191498381333
  },
  "2.0 Register attendance" : {
    "transaction" : "2.0 Register attendance",
    "sampleCount" : 1650,
    "errorCount" : 5,
    "errorPct" : 0.3030303,
    "meanResTime" : 1202.6703030303026,
    "medianResTime" : 1132.0,
    "minResTime" : 385.0,
    "maxResTime" : 3949.0,
    "pct1ResTime" : 1783.7000000000003,
    "pct2ResTime" : 2104.699999999999,
    "pct3ResTime" : 2644.2300000000005,
    "throughput" : 0.4625936927452693,
    "receivedKBytesPerSec" : 981.3879249816715,
    "sentKBytesPerSec" : 16.160369788899576
  },
  "2.5 Select patient" : {
    "transaction" : "2.5 Select patient",
    "sampleCount" : 1641,
    "errorCount" : 0,
    "errorPct" : 0.0,
    "meanResTime" : 155.30286410725148,
    "medianResTime" : 107.0,
    "minResTime" : 56.0,
    "maxResTime" : 2365.0,
    "pct1ResTime" : 302.0,
    "pct2ResTime" : 449.59999999999945,
    "pct3ResTime" : 743.1599999999999,
    "throughput" : 0.4638997772941837,
    "receivedKBytesPerSec" : 208.4411609671448,
    "sentKBytesPerSec" : 3.349206078712569
  },
  "7.1 Full name search" : {
    "transaction" : "7.1 Full name search",
    "sampleCount" : 27,
    "errorCount" : 0,
    "errorPct" : 0.0,
    "meanResTime" : 1346.2962962962965,
    "medianResTime" : 699.0,
    "minResTime" : 326.0,
    "maxResTime" : 8836.0,
    "pct1ResTime" : 4013.7999999999993,
    "pct2ResTime" : 7202.799999999991,
    "pct3ResTime" : 8836.0,
    "throughput" : 0.007914305077114644,
    "receivedKBytesPerSec" : 3.6336292695660677,
    "sentKBytesPerSec" : 0.058468188267541035
  },
  "2.3 Search by first/last name" : {
    "transaction" : "2.3 Search by first/last name",
    "sampleCount" : 1653,
    "errorCount" : 0,
    "errorPct" : 0.0,
    "meanResTime" : 150.88263762855416,
    "medianResTime" : 108.0,
    "minResTime" : 62.0,
    "maxResTime" : 1504.0,
    "pct1ResTime" : 253.8000000000004,
    "pct2ResTime" : 414.5999999999999,
    "pct3ResTime" : 750.6400000000012,
    "throughput" : 0.4638287902149803,
    "receivedKBytesPerSec" : 210.3155878404708,
    "sentKBytesPerSec" : 3.4722268196967296
  },
  "4.0 Vaccination for flu" : {
    "transaction" : "4.0 Vaccination for flu",
    "sampleCount" : 419,
    "errorCount" : 2,
    "errorPct" : 0.47732696,
    "meanResTime" : 1035.0453460620533,
    "medianResTime" : 928.0,
    "minResTime" : 225.0,
    "maxResTime" : 3129.0,
    "pct1ResTime" : 1565.0,
    "pct2ResTime" : 1785.0,
    "pct3ResTime" : 2207.2000000000016,
    "throughput" : 0.12074847918875466,
    "receivedKBytesPerSec" : 159.6779553721618,
    "sentKBytesPerSec" : 3.4387444869781842
  },
  "4.0 Vaccination for hpv" : {
    "transaction" : "4.0 Vaccination for hpv",
    "sampleCount" : 403,
    "errorCount" : 3,
    "errorPct" : 0.7444169,
    "meanResTime" : 1039.4441687344915,
    "medianResTime" : 909.0,
    "minResTime" : 255.0,
    "maxResTime" : 3489.0,
    "pct1ResTime" : 1539.4,
    "pct2ResTime" : 1862.9999999999993,
    "pct3ResTime" : 2942.3199999999947,
    "throughput" : 0.11563496652181211,
    "receivedKBytesPerSec" : 152.22200672800747,
    "sentKBytesPerSec" : 3.2895305521641385
  },
  "7.6 First name search" : {
    "transaction" : "7.6 First name search",
    "sampleCount" : 27,
    "errorCount" : 0,
    "errorPct" : 0.0,
    "meanResTime" : 1584.2222222222222,
    "medianResTime" : 981.0,
    "minResTime" : 493.0,
    "maxResTime" : 11406.0,
    "pct1ResTime" : 2538.3999999999996,
    "pct2ResTime" : 8102.799999999982,
    "pct3ResTime" : 11406.0,
    "throughput" : 0.007923920967399228,
    "receivedKBytesPerSec" : 4.40085880812783,
    "sentKBytesPerSec" : 0.058481907157178895
  },
  "1.2 Sign-in page" : {
    "transaction" : "1.2 Sign-in page",
    "sampleCount" : 1695,
    "errorCount" : 0,
    "errorPct" : 0.0,
    "meanResTime" : 175.7203539823011,
    "medianResTime" : 112.0,
    "minResTime" : 14.0,
    "maxResTime" : 5013.0,
    "pct1ResTime" : 344.0,
    "pct2ResTime" : 485.199999999998,
    "pct3ResTime" : 933.6799999999994,
    "throughput" : 0.4713966523328711,
    "receivedKBytesPerSec" : 210.64279371357455,
    "sentKBytesPerSec" : 4.003191745994102
  },
  "2.4 Patient attending session" : {
    "transaction" : "2.4 Patient attending session",
    "sampleCount" : 1092,
    "errorCount" : 5,
    "errorPct" : 0.45787546,
    "meanResTime" : 540.4340659340666,
    "medianResTime" : 441.0,
    "minResTime" : 161.0,
    "maxResTime" : 3147.0,
    "pct1ResTime" : 854.7,
    "pct2ResTime" : 1071.35,
    "pct3ResTime" : 1702.189999999999,
    "throughput" : 0.30746168976665006,
    "receivedKBytesPerSec" : 139.85531302844979,
    "sentKBytesPerSec" : 2.699677995822801
  },
  "Check STS status" : {
    "transaction" : "Check STS status",
    "sampleCount" : 1,
    "errorCount" : 0,
    "errorPct" : 0.0,
    "meanResTime" : 20.0,
    "medianResTime" : 20.0,
    "minResTime" : 20.0,
    "maxResTime" : 20.0,
    "pct1ResTime" : 20.0,
    "pct2ResTime" : 20.0,
    "pct3ResTime" : 20.0,
    "throughput" : 50.0,
    "receivedKBytesPerSec" : 15.673828125,
    "sentKBytesPerSec" : 29.4921875
  },
  "1.1 Homepage" : {
    "transaction" : "1.1 Homepage",
    "sampleCount" : 1698,
    "errorCount" : 0,
    "errorPct" : 0.0,
    "meanResTime" : 168.59776207302713,
    "medianResTime" : 115.0,
    "minResTime" : 26.0,
    "maxResTime" : 5911.0,
    "pct1ResTime" : 266.10000000000014,
    "pct2ResTime" : 447.14999999999986,
    "pct3ResTime" : 837.1699999999998,
    "throughput" : 0.4717158037295552,
    "receivedKBytesPerSec" : 210.51828044153905,
    "sentKBytesPerSec" : 3.9975097774941832
  },
  "1.3 Sign-in" : {
    "transaction" : "1.3 Sign-in",
    "sampleCount" : 1692,
    "errorCount" : 0,
    "errorPct" : 0.0,
    "meanResTime" : 201.77836879432638,
    "medianResTime" : 118.0,
    "minResTime" : 55.0,
    "maxResTime" : 7992.0,
    "pct1ResTime" : 369.70000000000005,
    "pct2ResTime" : 557.7499999999995,
    "pct3ResTime" : 1007.1399999999999,
    "throughput" : 0.47110657700420766,
    "receivedKBytesPerSec" : 210.72478736251736,
    "sentKBytesPerSec" : 4.161650525947198
  },
  "Run some searches" : {
    "transaction" : "Run some searches",
    "sampleCount" : 27,
    "errorCount" : 0,
    "errorPct" : 0.0,
    "meanResTime" : 9141.555555555557,
    "medianResTime" : 8086.0,
    "minResTime" : 4347.0,
    "maxResTime" : 22038.0,
    "pct1ResTime" : 20772.399999999998,
    "pct2ResTime" : 21906.8,
    "pct3ResTime" : 22038.0,
    "throughput" : 0.007900623037280407,
    "receivedKBytesPerSec" : 31.937962296178554,
    "sentKBytesPerSec" : 0.46867571448333434
  },
  "4.0 Vaccination for td_ipv" : {
    "transaction" : "4.0 Vaccination for td_ipv",
    "sampleCount" : 401,
    "errorCount" : 1,
    "errorPct" : 0.24937657,
    "meanResTime" : 1052.8129675810474,
    "medianResTime" : 955.0,
    "minResTime" : 217.0,
    "maxResTime" : 2938.0,
    "pct1ResTime" : 1536.6,
    "pct2ResTime" : 1786.6999999999994,
    "pct3ResTime" : 2376.2200000000007,
    "throughput" : 0.11604197883695262,
    "receivedKBytesPerSec" : 153.18639612716404,
    "sentKBytesPerSec" : 3.295737567954009
  },
  "2.1 Open session" : {
    "transaction" : "2.1 Open session",
    "sampleCount" : 1657,
    "errorCount" : 0,
    "errorPct" : 0.0,
    "meanResTime" : 352.7748943874478,
    "medianResTime" : 302.0,
    "minResTime" : 108.0,
    "maxResTime" : 1867.0,
    "pct1ResTime" : 564.2,
    "pct2ResTime" : 713.1999999999998,
    "pct3ResTime" : 1113.0400000000009,