{
  "4.3 Vaccination confirm" : {
    "transaction" : "4.3 Vaccination confirm",
    "sampleCount" : 1645,
    "errorCount" : 0,
    "errorPct" : 0.0,
    "meanResTime" : 468.54042553191493,
    "medianResTime" : 426.0,
    "minResTime" : 351.0,
    "maxResTime" : 1656.0,
    "pct1ResTime" : 625.0,
    "pct2ResTime" : 693.0,
    "pct3ResTime" : 851.2399999999998,
    "throughput" : 0.4736129905277402,
    "receivedKBytesPerSec" : 10.071643355652405,
    "sentKBytesPerSec" : 4.8945544178087115
  },
  "4.1 Vaccination questions" : {
    "transaction" : "4.1 Vaccination questions",
    "sampleCount" : 1672,
    "errorCount" : 0,
    "errorPct" : 0.0,
    "meanResTime" : 128.8301435406699,
    "medianResTime" : 104.0,
    "minResTime" : 75.0,
    "maxResTime" : 754.0,
    "pct1ResTime" : 204.70000000000005,
    "pct2ResTime" : 268.0,
    "pct3ResTime" : 394.27,
    "throughput" : 0.47436822776937987,
    "receivedKBytesPerSec" : 6.715025035992547,
    "sentKBytesPerSec" : 4.459056021412391
  },
  "2.0 Register attendance" : {
    "transaction" : "2.0 Register attendance",
    "sampleCount" : 1699,
    "errorCount" : 0,
    "errorPct" : 0.0,
    "meanResTime" : 772.0388463802244,
    "medianResTime" : 751.0,
    "minResTime" : 393.0,
    "maxResTime" : 2087.0,
    "pct1ResTime" : 1036.0,
    "pct2ResTime" : 1137.0,
    "pct3ResTime" : 1358.0,
    "throughput" : 0.4752997969555076,
    "receivedKBytesPerSec" : 62.87570456585742,
    "sentKBytesPerSec" : 15.749257997552025
  },
  "Reset counters" : {
    "transaction" : "Reset counters",
    "sampleCount" : 1,
    "errorCount" : 0,
    "errorPct" : 0.0,
    "meanResTime" : 18.0,
    "medianResTime" : 18.0,
    "minResTime" : 18.0,
    "maxResTime" : 18.0,
    "pct1ResTime" : 18.0,
    "pct2ResTime" : 18.0,
    "pct3ResTime" : 18.0,
    "throughput" : 55.55555555555555,
    "receivedKBytesPerSec" : 0.0,
    "sentKBytesPerSec" : 0.0
  },
  "1.0 Login" : {
    "transaction" : "1.0 Login",
    "sampleCount" : 1711,
    "errorCount" : 0,
    "errorPct" : 0.0,
    "meanResTime" : 754.2378725891282,
    "medianResTime" : 721.0,
    "minResTime" : 231.0,
    "maxResTime" : 2102.0,
    "pct1ResTime" : 941.5999999999999,
    "pct2ResTime" : 1040.7999999999997,
    "pct3ResTime" : 1225.7599999999998,
    "throughput" : 0.47620280172011914,
    "receivedKBytesPerSec" : 75.8570232202964,
    "sentKBytesPerSec" : 15.738019833996287
  },
  "4.0 Vaccination for menacwy" : {
    "transaction" : "4.0 Vaccination for menacwy",
    "sampleCount" : 419,
    "errorCount" : 0,
    "errorPct" : 0.0,
    "meanResTime" : 715.9642004773273,
    "medianResTime" : 670.0,
    "minResTime" : 195.0,
    "maxResTime" : 1932.0,
    "pct1ResTime" : 913.0,
    "pct2ResTime" : 1011.0,
    "pct3ResTime" : 1189.6000000000001,
    "throughput" : 0.12091012136028793,
    "receivedKBytesPerSec" : 6.49483256896999,
    "sentKBytesPerSec" : 3.453252707257695
  },
  "2.5 Select patient" : {
    "transaction" : "2.5 Select patient",
    "sampleCount" : 1694,
    "errorCount" : 0,
    "errorPct" : 0.0,
    "meanResTime" : 106.7343565525384,
    "medianResTime" : 88.0,
    "minResTime" : 61.0,
    "maxResTime" : 546.0,
    "pct1ResTime" : 173.0,
    "pct2ResTime" : 237.25,
    "pct3ResTime" : 337.1999999999998,
    "throughput" : 0.4753145100556797,
    "receivedKBytesPerSec" : 11.989265810327765,
    "sentKBytesPerSec" : 3.437101555388871
  },
  "Initialise vaccination list" : {
    "transaction" : "Initialise vaccination list",
    "sampleCount" : 1,
    "errorCount" : 0,
    "errorPct" : 0.0,
    "meanResTime" : 45.0,
    "medianResTime" : 45.0,
    "minResTime" : 45.0,
    "maxResTime" : 45.0,
    "pct1ResTime" : 45.0,
    "pct2ResTime" : 45.0,
    "pct3ResTime" : 45.0,
    "throughput" : 22.22222222222222,
    "receivedKBytesPerSec" : 6.380208333333334,
    "sentKBytesPerSec" : 13.715277777777779
  },
  "2.3 Search by first/last name" : {
    "transaction" : "2.3 Search by first/last name",
    "sampleCount" : 1702,
    "errorCount" : 0,
    "errorPct" : 0.0,
    "meanResTime" : 103.7931844888366,
    "medianResTime" : 85.0,
    "minResTime" : 64.0,
    "maxResTime" : 568.0,
    "pct1ResTime" : 169.0,
    "pct2ResTime" : 217.0,
    "pct3ResTime" : 325.0,
    "throughput" : 0.47629681743056057,
    "receivedKBytesPerSec" : 13.831097176444183,
    "sentKBytesPerSec" : 3.571027769458208
  },
  "4.0 Vaccination for flu" : {
    "transaction" : "4.0 Vaccination for flu",
    "sampleCount" : 409,
    "errorCount" : 0,
    "errorPct" : 0.0,
    "meanResTime" : 708.5721271393643,
    "medianResTime" : 674.0,
    "minResTime" : 184.0,
    "maxResTime" : 1378.0,
    "pct1ResTime" : 905.0,
    "pct2ResTime" : 1016.5,
    "pct3ResTime" : 1230.2999999999997,
    "throughput" : 0.11648386200108453,
    "receivedKBytesPerSec" : 6.145275496704703,
    "sentKBytesPerSec" : 3.3111038957906604
  },
  "4.0 Vaccination for hpv" : {
    "transaction" : "4.0 Vaccination for hpv",
    "sampleCount" : 416,
    "errorCount" : 0,
    "errorPct" : 0.0,
    "meanResTime" : 718.5072115384612,
    "medianResTime" : 675.0,
    "minResTime" : 178.0,
    "maxResTime" : 1857.0,
    "pct1ResTime" : 926.3,
    "pct2ResTime" : 1024.15,
    "pct3ResTime" : 1225.2399999999996,
    "throughput" : 0.11927922090024272,
    "receivedKBytesPerSec" : 5.858676938341102,
    "sentKBytesPerSec" : 3.3967204307241485
  },
  "1.2 Sign-in page" : {
    "transaction" : "1.2 Sign-in page",
    "sampleCount" : 1714,
    "errorCount" : 0,
    "errorPct" : 0.0,
    "meanResTime" : 104.38156359393214,
    "medianResTime" : 84.0,
    "minResTime" : 13.0,
    "maxResTime" : 591.0,
    "pct1ResTime" : 172.0,
    "pct2ResTime" : 238.0,
    "pct3ResTime" : 384.39999999999964,
    "throughput" : 0.4766419048323536,
    "receivedKBytesPerSec" : 9.48386320175718,
    "sentKBytesPerSec" : 4.055503395569539
  },
  "Debug Sampler" : {
    "transaction" : "Debug Sampler",
    "sampleCount" : 1702,
    "errorCount" : 0,
    "errorPct" : 0.0,
    "meanResTime" : 0.3166862514688602,
    "medianResTime" : 0.0,
    "minResTime" : 0.0,
    "maxResTime" : 17.0,
    "pct1ResTime" : 1.0,
    "pct2ResTime" : 1.0,
    "pct3ResTime" : 1.0,
    "throughput" : 0.47631094653227724,
    "receivedKBytesPerSec" : 2.7070559798817397,
    "sentKBytesPerSec" : 0.0
  },
  "2.4 Patient attending session" : {
    "transaction" : "2.4 Patient attending session",
    "sampleCount" : 761,
    "errorCount" : 0,
    "errorPct" : 0.0,
    "meanResTime" : 353.8252299605785,
    "medianResTime" : 320.0,
    "minResTime" : 265.0,
    "maxResTime" : 1332.0,
    "pct1ResTime" : 469.2000000000006,
    "pct2ResTime" : 530.0,
    "pct3ResTime" : 734.1199999999999,
    "throughput" : 0.2146199323538279,
    "receivedKBytesPerSec" : 6.649404801165632,
    "sentKBytesPerSec" : 1.888823076535837
  },
  "Check STS status" : {
    "transaction" : "Check STS status",
    "sampleCount" : 1,
    "errorCount" : 0,
    "errorPct" : 0.0,
    "meanResTime" : 31.0,
    "medianResTime" : 31.0,
    "minResTime" : 31.0,
    "maxResTime" : 31.0,
    "pct1ResTime" : 31.0,
    "pct2ResTime" : 31.0,
    "pct3ResTime" : 31.0,
    "throughput" : 32.25806451612903,
    "receivedKBytesPerSec" : 10.112147177419354,
    "sentKBytesPerSec" : 19.027217741935484
  },
  "Total" : {
    "transaction" : "Total",
    "sampleCount" : 21097,
    "errorCount" : 0,
    "errorPct" : 0.0,
    "meanResTime" : 179.82552021614453,
    "medianResTime" : 99.0,
    "minResTime" : 0.0,
    "maxResTime" : 1667.0,
    "pct1ResTime" : 411.0,
    "pct2ResTime" : 478.0,
    "pct3ResTime" : 649.0,
    "throughput" : 5.637124379861542,
    "receivedKBytesPerSec" : 155.90058083246115,
    "sentKBytesPerSec" : 42.88939360331874
  },
  "1.4 Open Sessions list" : {
    "transaction" : "1.4 Open Sessions list",
    "sampleCount" : 1705,
    "errorCount" : 0,
    "errorPct" : 0.0,
    "meanResTime" : 429.05219941349,
    "medianResTime" : 396.0,
    "minResTime" : 336.0,
    "maxResTime" : 1667.0,