{
  "7.3 Safe to vaccinate" : {
    "transaction" : "7.3 Safe to vaccinate",
    "sampleCount" : 27,
    "errorCount" : 0,
    "errorPct" : 0.0,
    "meanResTime" : 103.0,
    "medianResTime" : 100.0,
    "minResTime" : 77.0,
    "maxResTime" : 172.0,
    "pct1ResTime" : 132.79999999999995,
    "pct2ResTime" : 170.39999999999998,
    "pct3ResTime" : 172.0,
    "throughput" : 0.007773627364550302,
    "receivedKBytesPerSec" : 3.5182960035169906,
    "sentKBytesPerSec" : 0.05713340572043963
  },
  "2.0 Register attendance" : {
    "transaction" : "2.0 Register attendance",
    "sampleCount" : 1648,
    "errorCount" : 17,
    "errorPct" : 1.0315534,
    "meanResTime" : 1479.7609223300988,
    "medianResTime" : 1389.0,
    "minResTime" : 385.0,
    "maxResTime" : 5961.0,
    "pct1ResTime" : 2240.0,
    "pct2ResTime" : 2627.0,
    "pct3ResTime" : 3710.7299999999996,
    "throughput" : 0.46126210043310495,
    "receivedKBytesPerSec" : 978.7022435718242,
    "sentKBytesPerSec" : 16.026959698745888
  },
  "2.5 Select patient" : {
    "transaction" : "2.5 Select patient",
    "sampleCount" : 1642,
    "errorCount" : 0,
    "errorPct" : 0.0,
    "meanResTime" : 123.22472594397067,
    "medianResTime" : 95.0,
    "minResTime" : 52.0,
    "maxResTime" : 1771.0,
    "pct1ResTime" : 179.70000000000005,
    "pct2ResTime" : 304.6999999999998,
    "pct3ResTime" : 825.2699999999993,
    "throughput" : 0.4620086515481229,
    "receivedKBytesPerSec" : 207.0242382950657,
    "sentKBytesPerSec" : 3.293475678846025
  },
  "7.1 Full name search" : {
    "transaction" : "7.1 Full name search",
    "sampleCount" : 27,
    "errorCount" : 0,
    "errorPct" : 0.0,
    "meanResTime" : 1385.037037037037,
    "medianResTime" : 607.0,
    "minResTime" : 245.0,
    "maxResTime" : 6835.0,
    "pct1ResTime" : 5005.4,
    "pct2ResTime" : 6244.599999999997,
    "pct3ResTime" : 6835.0,
    "throughput" : 0.007762417136197071,
    "receivedKBytesPerSec" : 3.57897096196545,
    "sentKBytesPerSec" : 0.0566368954011416
  },
  "2.3 Search by first/last name" : {
    "transaction" : "2.3 Search by first/last name",
    "sampleCount" : 1649,
    "errorCount" : 0,
    "errorPct" : 0.0,
    "meanResTime" : 135.39963614311682,
    "medianResTime" : 110.0,
    "minResTime" : 62.0,
    "maxResTime" : 1696.0,
    "pct1ResTime" : 186.0,
    "pct2ResTime" : 263.0,
    "pct3ResTime" : 733.5,
    "throughput" : 0.46157713264590344,
    "receivedKBytesPerSec" : 208.64765180068966,
    "sentKBytesPerSec" : 3.4133723211241653
  },
  "4.0 Vaccination for flu" : {
    "transaction" : "4.0 Vaccination for flu",
    "sampleCount" : 405,
    "errorCount" : 0,
    "errorPct" : 0.0,
    "meanResTime" : 1028.024691358026,
    "medianResTime" : 948.0,
    "minResTime" : 191.0,
    "maxResTime" : 2785.0,
    "pct1ResTime" : 1468.6000000000001,
    "pct2ResTime" : 1669.4,
    "pct3ResTime" : 2592.2599999999993,
    "throughput" : 0.1154811787064112,
    "receivedKBytesPerSec" : 151.47659388753488,
    "sentKBytesPerSec" : 3.2376935579501662
  },
  "4.0 Vaccination for hpv" : {
    "transaction" : "4.0 Vaccination for hpv",
    "sampleCount" : 431,
    "errorCount" : 0,
    "errorPct" : 0.0,
    "meanResTime" : 1030.8955916473317,
    "medianResTime" : 924.0,
    "minResTime" : 226.0,
    "maxResTime" : 2718.0,
    "pct1ResTime" : 1518.4,
    "pct2ResTime" : 1768.0,
    "pct3ResTime" : 2129.48,
    "throughput" : 0.12313990178521429,
    "receivedKBytesPerSec" : 161.53542644217612,
    "sentKBytesPerSec" : 3.4596337656646243
  },
  "7.6 First name search" : {
    "transaction" : "7.6 First name search",
    "sampleCount" : 27,
    "errorCount" : 0,
    "errorPct" : 0.0,
    "meanResTime" : 2151.740740740741,
    "medianResTime" : 1227.0,
    "minResTime" : 491.0,
    "maxResTime" : 17988.0,
    "pct1ResTime" : 4023.399999999998,
    "pct2ResTime" : 13442.799999999976,
    "pct3ResTime" : 17988.0,
    "throughput" : 0.007780376679732897,
    "receivedKBytesPerSec" : 4.287895655117082,
    "sentKBytesPerSec" : 0.056714465975116056
  },
  "1.2 Sign-in page" : {
    "transaction" : "1.2 Sign-in page",
    "sampleCount" : 1688,
    "errorCount" : 0,
    "errorPct" : 0.0,
    "meanResTime" : 174.56753554502356,
    "medianResTime" : 107.0,
    "minResTime" : 16.0,
    "maxResTime" : 5733.0,
    "pct1ResTime" : 284.10000000000014,
    "pct2ResTime" : 522.55,
    "pct3ResTime" : 1341.8699999999983,
    "throughput" : 0.46960399141136583,
    "receivedKBytesPerSec" : 209.20195703438193,
    "sentKBytesPerSec" : 3.938432796309547
  },
  "2.4 Patient attending session" : {
    "transaction" : "2.4 Patient attending session",
    "sampleCount" : 1137,
    "errorCount" : 17,
    "errorPct" : 1.4951627,
    "meanResTime" : 649.5892700087949,
    "medianResTime" : 566.0,
    "minResTime" : 108.0,
    "maxResTime" : 3635.0,
    "pct1ResTime" : 990.2,
    "pct2ResTime" : 1196.099999999999,
    "pct3ResTime" : 1833.7999999999956,
    "throughput" : 0.31914589037212354,
    "receivedKBytesPerSec" : 144.6926819761376,
    "sentKBytesPerSec" : 2.7626318318833762
  },
  "Check STS status" : {
    "transaction" : "Check STS status",
    "sampleCount" : 1,
    "errorCount" : 0,
    "errorPct" : 0.0,
    "meanResTime" : 29.0,
    "medianResTime" : 29.0,
    "minResTime" : 29.0,
    "maxResTime" : 29.0,
    "pct1ResTime" : 29.0,
    "pct2ResTime" : 29.0,
    "pct3ResTime" : 29.0,
    "throughput" : 34.48275862068965,
    "receivedKBytesPerSec" : 10.809536637931034,
    "sentKBytesPerSec" : 20.339439655172413
  },
  "1.1 Homepage" : {
    "transaction" : "1.1 Homepage",
    "sampleCount" : 1690,
    "errorCount" : 0,
    "errorPct" : 0.0,
    "meanResTime" : 162.29585798816538,
    "medianResTime" : 107.0,
    "minResTime" : 31.0,
    "maxResTime" : 6605.0,
    "pct1ResTime" : 231.0,
    "pct2ResTime" : 433.4999999999982,
    "pct3ResTime" : 1086.3399999999979,
    "throughput" : 0.46972823858859175,
    "receivedKBytesPerSec" : 209.05657411074748,
    "sentKBytesPerSec" : 3.93102679657154
  },
  "1.3 Sign-in" : {
    "transaction" : "1.3 Sign-in",
    "sampleCount" : 1686,
    "errorCount" : 0,
    "errorPct" : 0.0,
    "meanResTime" : 187.7402135231316,
    "medianResTime" : 115.0,
    "minResTime" : 59.0,
    "maxResTime" : 5416.0,
    "pct1ResTime" : 321.29999999999995,
    "pct2ResTime" : 550.5999999999967,
    "pct3ResTime" : 1145.5699999999777,
    "throughput" : 0.4694103693474472,
    "receivedKBytesPerSec" : 209.32326698941532,
    "sentKBytesPerSec" : 4.096023532466159
  },
  "Run some searches" : {
    "transaction" : "Run some searches",
    "sampleCount" : 27,
    "errorCount" : 0,
    "errorPct" : 0.0,
    "meanResTime" : 8879.74074074074,
    "medianResTime" : 6533.0,
    "minResTime" : 4346.0,
    "maxResTime" : 32469.0,
    "pct1ResTime" : 16156.399999999996,
    "pct2ResTime" : 27650.199999999975,
    "pct3ResTime" : 32469.0,
    "throughput" : 0.007751156860161379,
    "receivedKBytesPerSec" : 31.025296631569713,
    "sentKBytesPerSec" : 0.4520487689153347
  },
  "4.0 Vaccination for td_ipv" : {
    "transaction" : "4.0 Vaccination for td_ipv",
    "sampleCount" : 391,
    "errorCount" : 0,
    "errorPct" : 0.0,
    "meanResTime" : 1069.5780051150884,
    "medianResTime" : 961.0,
    "minResTime" : 206.0,
    "maxResTime" : 3342.0,
    "pct1ResTime" : 1557.0,
    "pct2ResTime" : 1942.599999999999,
    "pct3ResTime" : 2573.7599999999975,
    "throughput" : 0.1130160693820391,
    "receivedKBytesPerSec" : 148.8620907345069,
    "sentKBytesPerSec" : 3.1741512526610083
  },
  "2.1 Open session" : {
    "transaction" : "2.1 Open session",
    "sampleCount" : 1655,
    "errorCount" : 0,
    "errorPct" : 0.0,
    "meanResTime" : 612.59758308157,
    "medianResTime" : 479.0,
    "minResTime" : 122.0,
    "maxResTime" : 4168.0,
    "pct1ResTime" : 1213.4,
    "pct2ResTime" : 1459.1999999999998,
    "pct3ResTime" : 2057.0400000000022,
    "throughput" : 0.4619712522686836,
    "receivedKBytesPerSec" : 205.9521650030642,