{
  "2.0 Register attendance" : {
    "transaction" : "2.0 Register attendance",
    "sampleCount" : 100,
    "errorCount" : 0,
    "errorPct" : 0.0,
    "meanResTime" : 33307.32999999999,
    "medianResTime" : 30407.5,
    "minResTime" : 8775.0,
    "maxResTime" : 81592.0,
    "pct1ResTime" : 57590.7,
    "pct2ResTime" : 66151.75,
    "pct3ResTime" : 81543.91999999997,
    "throughput" : 0.22657446596398373,
    "receivedKBytesPerSec" : 80.22585420697804,
    "sentKBytesPerSec" : 0.9666565050378833
  },
  "2.5 Select patient" : {
    "transaction" : "2.5 Select patient",
    "sampleCount" : 98,
    "errorCount" : 0,
    "errorPct" : 0.0,
    "meanResTime" : 2230.1836734693875,
    "medianResTime" : 644.0,
    "minResTime" : 330.0,
    "maxResTime" : 22717.0,
    "pct1ResTime" : 6560.30000000002,
    "pct2ResTime" : 13577.299999999997,
    "pct3ResTime" : 22717.0,
    "throughput" : 0.23790623095839797,
    "receivedKBytesPerSec" : 5.766807969009072,
    "sentKBytesPerSec" : 0.16495451560592045
  },
  "1.4 Select Organisations" : {
    "transaction" : "1.4 Select Organisations",
    "sampleCount" : 70,
    "errorCount" : 0,
    "errorPct" : 0.0,
    "meanResTime" : 4063.542857142857,
    "medianResTime" : 598.5,
    "minResTime" : 362.0,
    "maxResTime" : 21014.0,
    "pct1ResTime" : 15609.099999999999,
    "pct2ResTime" : 17869.250000000007,
    "pct3ResTime" : 21014.0,
    "throughput" : 0.7439764478313087,
    "receivedKBytesPerSec" : 10.689575661076216,
    "sentKBytesPerSec" : 1.0752784597561884
  },
  "2.5 Select menacwy" : {
    "transaction" : "2.5 Select menacwy",
    "sampleCount" : 67,
    "errorCount" : 0,
    "errorPct" : 0.0,
    "meanResTime" : 975.1194029850747,
    "medianResTime" : 605.0,
    "minResTime" : 337.0,
    "maxResTime" : 5476.0,
    "pct1ResTime" : 2569.4000000000015,
    "pct2ResTime" : 3636.5999999999985,
    "pct3ResTime" : 5476.0,
    "throughput" : 0.20284712592870682,
    "receivedKBytesPerSec" : 4.583228038581826,
    "sentKBytesPerSec" : 0.14143832804013345
  },
  "2.3 Search by first/last name" : {
    "transaction" : "2.3 Search by first/last name",
    "sampleCount" : 100,
    "errorCount" : 0,
    "errorPct" : 0.0,
    "meanResTime" : 6228.000000000003,
    "medianResTime" : 3554.0,
    "minResTime" : 980.0,
    "maxResTime" : 24226.0,
    "pct1ResTime" : 16321.000000000002,
    "pct2ResTime" : 18388.7,
    "pct3ResTime" : 24210.569999999992,
    "throughput" : 0.23264254008430965,
    "receivedKBytesPerSec" : 25.65519681995096,
    "sentKBytesPerSec" : 0.20068372552018873
  },
  "2.5 Select td_ipv" : {
    "transaction" : "2.5 Select td_ipv",
    "sampleCount" : 63,
    "errorCount" : 0,
    "errorPct" : 0.0,
    "meanResTime" : 512.2539682539683,
    "medianResTime" : 412.0,
    "minResTime" : 344.0,
    "maxResTime" : 1462.0,
    "pct1ResTime" : 710.4000000000001,
    "pct2ResTime" : 993.7999999999996,
    "pct3ResTime" : 1462.0,
    "throughput" : 0.2575391520830012,
    "receivedKBytesPerSec" : 5.903028748574337,
    "sentKBytesPerSec" : 0.17932169476091783
  },
  "4.0 Vaccination for hpv" : {
    "transaction" : "4.0 Vaccination for hpv",
    "sampleCount" : 96,
    "errorCount" : 0,
    "errorPct" : 0.0,
    "meanResTime" : 3397.3541666666656,
    "medianResTime" : 2851.0,
    "minResTime" : 855.0,
    "maxResTime" : 10991.0,
    "pct1ResTime" : 6040.9,
    "pct2ResTime" : 7562.199999999996,
    "pct3ResTime" : 10991.0,
    "throughput" : 0.24274974776784022,
    "receivedKBytesPerSec" : 11.876995158754543,
    "sentKBytesPerSec" : 1.3837061580680154
  },
  "5.8 Consent confirm" : {
    "transaction" : "5.8 Consent confirm",
    "sampleCount" : 3,
    "errorCount" : 0,
    "errorPct" : 0.0,
    "meanResTime" : 1169.3333333333333,
    "medianResTime" : 1069.0,
    "minResTime" : 990.0,
    "maxResTime" : 1449.0,
    "pct1ResTime" : 1449.0,
    "pct2ResTime" : 1449.0,
    "pct3ResTime" : 1449.0,
    "throughput" : 0.01640123993373899,
    "receivedKBytesPerSec" : 1.3261512987048487,
    "sentKBytesPerSec" : 0.03563745981696216
  },
  "1.2 Sign-in page" : {
    "transaction" : "1.2 Sign-in page",
    "sampleCount" : 70,
    "errorCount" : 0,
    "errorPct" : 0.0,
    "meanResTime" : 183.97142857142853,
    "medianResTime" : 89.0,
    "minResTime" : 86.0,
    "maxResTime" : 3493.0,
    "pct1ResTime" : 98.6,
    "pct2ResTime" : 238.7500000000005,
    "pct3ResTime" : 3493.0,
    "throughput" : 1.12307272698102,
    "receivedKBytesPerSec" : 6.768048631054565,
    "sentKBytesPerSec" : 0.6766951880344623
  },
  "5.9 Patient home page" : {
    "transaction" : "5.9 Patient home page",
    "sampleCount" : 3,
    "errorCount" : 0,
    "errorPct" : 0.0,
    "meanResTime" : 650.0,
    "medianResTime" : 679.0,
    "minResTime" : 383.0,
    "maxResTime" : 888.0,
    "pct1ResTime" : 888.0,
    "pct2ResTime" : 888.0,
    "pct3ResTime" : 888.0,
    "throughput" : 0.016699973836707654,
    "receivedKBytesPerSec" : 0.3607672733396051,
    "sentKBytesPerSec" : 0.012443437536531193
  },
  "2.4 Patient attending session" : {
    "transaction" : "2.4 Patient attending session",
    "sampleCount" : 98,
    "errorCount" : 0,
    "errorPct" : 0.0,
    "meanResTime" : 6948.540816326531,
    "medianResTime" : 3955.0,
    "minResTime" : 1090.0,
    "maxResTime" : 30033.0,
    "pct1ResTime" : 18286.000000000004,
    "pct2ResTime" : 22891.249999999996,
    "pct3ResTime" : 30033.0,
    "throughput" : 0.23513942808332575,
    "receivedKBytesPerSec" : 21.65414064337027,
    "sentKBytesPerSec" : 0.3494943452566619
  },
  "5.4 Consent route" : {
    "transaction" : "5.4 Consent route",
    "sampleCount" : 5,
    "errorCount" : 0,
    "errorPct" : 0.0,
    "meanResTime" : 436.8,
    "medianResTime" : 448.0,
    "minResTime" : 397.0,
    "maxResTime" : 464.0,
    "pct1ResTime" : 464.0,
    "pct2ResTime" : 464.0,
    "pct3ResTime" : 464.0,
    "throughput" : 0.014207047832288641,
    "receivedKBytesPerSec" : 0.16148030246094483,
    "sentKBytesPerSec" : 0.02210139374690997
  },
  "1.1 Homepage" : {
    "transaction" : "1.1 Homepage",
    "sampleCount" : 70,
    "errorCount" : 0,
    "errorPct" : 0.0,
    "meanResTime" : 325.4857142857142,
    "medianResTime" : 260.5,
    "minResTime" : 250.0,
    "maxResTime" : 4394.0,
    "pct1ResTime" : 283.8,
    "pct2ResTime" : 307.05,
    "pct3ResTime" : 4394.0,
    "throughput" : 1.1103532509556968,
    "receivedKBytesPerSec" : 5.730680596973494,
    "sentKBytesPerSec" : 0.6018027873832147
  },
  "1.3 Sign-in" : {
    "transaction" : "1.3 Sign-in",
    "sampleCount" : 70,
    "errorCount" : 0,
    "errorPct" : 0.0,
    "meanResTime" : 6248.0142857142855,
    "medianResTime" : 1152.5,
    "minResTime" : 451.0,
    "maxResTime" : 27075.0,
    "pct1ResTime" : 19516.1,
    "pct2ResTime" : 23710.75,
    "pct3ResTime" : 27075.0,
    "throughput" : 0.791407574901074,
    "receivedKBytesPerSec" : 7.679910525014132,
    "sentKBytesPerSec" : 1.2450757843414357
  },
  "4.0 Vaccination for td_ipv" : {
    "transaction" : "4.0 Vaccination for td_ipv",
    "sampleCount" : 51,
    "errorCount" : 0,
    "errorPct" : 0.0,
    "meanResTime" : 3361.6078431372543,
    "medianResTime" : 2851.0,
    "minResTime" : 2161.0,
    "maxResTime" : 10709.0,
    "pct1ResTime" : 5188.200000000002,
    "pct2ResTime" : 6286.4,
    "pct3ResTime" : 10709.0,
    "throughput" : 0.44675315574165403,
    "receivedKBytesPerSec" : 24.593614085207214,
    "sentKBytesPerSec" : 2.647506901131775
  },
  "2.1 Open session" : {
    "transaction" : "2.1 Open session",
    "sampleCount" : 100,
    "errorCount" : 0,
    "errorPct" : 0.0,
    "meanResTime" : 9764.179999999995,
    "medianResTime" : 7105.0,
    "minResTime" : 2570.0,
    "maxResTime" : 26185.0,
    "pct1ResTime" : 19891.200000000004,
    "pct2ResTime" : 21772.399999999994,
    "pct3ResTime" : 26160.13999999999,
    "throughput" : 0.22897547214742356,
    "receivedKBytesPerSec" : 3.876460827734883,
    "sentKBytesPerSec" : 0.1426400914871499
  },