{
  "7.3 Safe to vaccinate" : {
    "transaction" : "7.3 Safe to vaccinate",
    "sampleCount" : 6,
    "errorCount" : 0,
    "errorPct" : 0.0,
    "meanResTime" : 24426.833333333332,
    "medianResTime" : 24396.0,
    "minResTime" : 23931.0,
    "maxResTime" : 25001.0,
    "pct1ResTime" : 25001.0,
    "pct2ResTime" : 25001.0,
    "pct3ResTime" : 25001.0,
    "throughput" : 0.0037074363139679516,
    "receivedKBytesPerSec" : 1.4986188930800084,
    "sentKBytesPerSec" : 0.01624960164369189
  },
  "2.0 Register attendance" : {
    "transaction" : "2.0 Register attendance",
    "sampleCount" : 701,
    "errorCount" : 16,
    "errorPct" : 2.2824535,
    "meanResTime" : 2104.088445078459,
    "medianResTime" : 1979.0,
    "minResTime" : 526.0,
    "maxResTime" : 8778.0,
    "pct1ResTime" : 3187.4000000000015,
    "pct2ResTime" : 3900.0999999999976,
    "pct3ResTime" : 5340.84,
    "throughput" : 0.3971894174234135,
    "receivedKBytesPerSec" : 776.8868380843317,
    "sentKBytesPerSec" : 8.266532969660904
  },
  "2.5 Select patient" : {
    "transaction" : "2.5 Select patient",
    "sampleCount" : 695,
    "errorCount" : 0,
    "errorPct" : 0.0,
    "meanResTime" : 176.52374100719427,
    "medianResTime" : 107.0,
    "minResTime" : 81.0,
    "maxResTime" : 5900.0,
    "pct1ResTime" : 273.5999999999999,
    "pct2ResTime" : 554.7999999999967,
    "pct3ResTime" : 1065.1599999999999,
    "throughput" : 0.39418712942156015,
    "receivedKBytesPerSec" : 160.1143149986572,
    "sentKBytesPerSec" : 1.6418363632805897
  },
  "2.3 Search by first/last name" : {
    "transaction" : "2.3 Search by first/last name",
    "sampleCount" : 707,
    "errorCount" : 0,
    "errorPct" : 0.0,
    "meanResTime" : 162.64922206506364,
    "medianResTime" : 108.0,
    "minResTime" : 77.0,
    "maxResTime" : 2360.0,
    "pct1ResTime" : 285.8000000000002,
    "pct2ResTime" : 462.0000000000002,
    "pct3ResTime" : 849.7999999999994,
    "throughput" : 0.39863932613602343,
    "receivedKBytesPerSec" : 162.36040388292042,
    "sentKBytesPerSec" : 1.7257694017393532
  },
  "4.0 Vaccination for flu" : {
    "transaction" : "4.0 Vaccination for flu",
    "sampleCount" : 176,
    "errorCount" : 0,
    "errorPct" : 0.0,
    "meanResTime" : 1838.9147727272716,
    "medianResTime" : 1642.0,
    "minResTime" : 267.0,
    "maxResTime" : 8777.0,
    "pct1ResTime" : 2576.7000000000003,
    "pct2ResTime" : 3177.2500000000005,
    "pct3ResTime" : 6186.719999999966,
    "throughput" : 0.10243552091372485,
    "receivedKBytesPerSec" : 121.01227117792556,
    "sentKBytesPerSec" : 1.7147781454325397
  },
  "4.0 Vaccination for hpv" : {
    "transaction" : "4.0 Vaccination for hpv",
    "sampleCount" : 175,
    "errorCount" : 0,
    "errorPct" : 0.0,
    "meanResTime" : 1890.2457142857133,
    "medianResTime" : 1651.0,
    "minResTime" : 383.0,
    "maxResTime" : 6180.0,
    "pct1ResTime" : 2798.4,
    "pct2ResTime" : 3435.199999999999,
    "pct3ResTime" : 5536.280000000008,
    "throughput" : 0.10289723329919105,
    "receivedKBytesPerSec" : 121.58278058532062,
    "sentKBytesPerSec" : 1.7283037324942405
  },
  "1.2 Sign-in page" : {
    "transaction" : "1.2 Sign-in page",
    "sampleCount" : 724,
    "errorCount" : 0,
    "errorPct" : 0.0,
    "meanResTime" : 353.31906077348077,
    "medianResTime" : 123.0,
    "minResTime" : 15.0,
    "maxResTime" : 24914.0,
    "pct1ResTime" : 343.0,
    "pct2ResTime" : 615.25,
    "pct3ResTime" : 2541.5,
    "throughput" : 0.4032293996560297,
    "receivedKBytesPerSec" : 161.9351594663671,
    "sentKBytesPerSec" : 1.9740039739538315
  },
  "7.1 Name search" : {
    "transaction" : "7.1 Name search",
    "sampleCount" : 6,
    "errorCount" : 0,
    "errorPct" : 0.0,
    "meanResTime" : 5558.5,
    "medianResTime" : 5366.0,
    "minResTime" : 4803.0,
    "maxResTime" : 7050.0,
    "pct1ResTime" : 7050.0,
    "pct2ResTime" : 7050.0,
    "pct3ResTime" : 7050.0,
    "throughput" : 0.003748217254168486,
    "receivedKBytesPerSec" : 1.5151814414362919,
    "sentKBytesPerSec" : 0.016255086057506397
  },
  "2.4 Patient attending session" : {
    "transaction" : "2.4 Patient attending session",
    "sampleCount" : 553,
    "errorCount" : 16,
    "errorPct" : 2.893309,
    "meanResTime" : 1260.6455696202534,
    "medianResTime" : 1092.0,
    "minResTime" : 153.0,
    "maxResTime" : 3848.0,
    "pct1ResTime" : 1849.6,
    "pct2ResTime" : 2236.999999999998,
    "pct3ResTime" : 3146.880000000001,
    "throughput" : 0.31892021573539653,
    "receivedKBytesPerSec" : 130.02784530232108,
    "sentKBytesPerSec" : 1.6227556413338478
  },
  "Check STS status" : {
    "transaction" : "Check STS status",
    "sampleCount" : 1,
    "errorCount" : 0,
    "errorPct" : 0.0,
    "meanResTime" : 27.0,
    "medianResTime" : 27.0,
    "minResTime" : 27.0,
    "maxResTime" : 27.0,
    "pct1ResTime" : 27.0,
    "pct2ResTime" : 27.0,
    "pct3ResTime" : 27.0,
    "throughput" : 37.03703703703704,
    "receivedKBytesPerSec" : 11.610243055555555,
    "sentKBytesPerSec" : 21.846064814814817
  },
  "1.1 Homepage" : {
    "transaction" : "1.1 Homepage",
    "sampleCount" : 727,
    "errorCount" : 0,
    "errorPct" : 0.0,
    "meanResTime" : 356.53232462173366,
    "medianResTime" : 129.0,
    "minResTime" : 29.0,
    "maxResTime" : 29171.0,
    "pct1ResTime" : 333.4000000000001,
    "pct2ResTime" : 498.0,
    "pct3ResTime" : 1825.8000000000045,
    "throughput" : 0.403898986363548,
    "receivedKBytesPerSec" : 162.3325191419716,
    "sentKBytesPerSec" : 1.964586332540258
  },
  "1.3 Sign-in" : {
    "transaction" : "1.3 Sign-in",
    "sampleCount" : 722,
    "errorCount" : 0,
    "errorPct" : 0.0,
    "meanResTime" : 397.7008310249313,
    "medianResTime" : 138.0,
    "minResTime" : 91.0,
    "maxResTime" : 24687.0,
    "pct1ResTime" : 459.8000000000002,
    "pct2ResTime" : 618.5000000000002,
    "pct3ResTime" : 2496.1799999999957,
    "throughput" : 0.40285614966608135,
    "receivedKBytesPerSec" : 162.2293330950442,
    "sentKBytesPerSec" : 2.115071615945571
  },
  "Run some searches" : {
    "transaction" : "Run some searches",
    "sampleCount" : 6,
    "errorCount" : 1,
    "errorPct" : 16.666666,
    "meanResTime" : 108741.33333333334,
    "medianResTime" : 107207.5,
    "minResTime" : 106542.0,
    "maxResTime" : 117058.0,
    "pct1ResTime" : 117058.0,
    "pct2ResTime" : 117058.0,
    "pct3ResTime" : 117058.0,
    "throughput" : 0.0035562531080170394,
    "receivedKBytesPerSec" : 7.653813781399492,
    "sentKBytesPerSec" : 0.07586789060550543
  },
  "4.0 Vaccination for td_ipv" : {
    "transaction" : "4.0 Vaccination for td_ipv",
    "sampleCount" : 162,
    "errorCount" : 0,
    "errorPct" : 0.0,
    "meanResTime" : 1877.1296296296298,
    "medianResTime" : 1677.5,
    "minResTime" : 362.0,
    "maxResTime" : 5403.0,
    "pct1ResTime" : 2860.1000000000026,
    "pct2ResTime" : 3330.049999999999,
    "pct3ResTime" : 4798.8300000000045,
    "throughput" : 0.09780848615406165,
    "receivedKBytesPerSec" : 116.36595541306576,
    "sentKBytesPerSec" : 1.645653958028688
  },
  "2.1 Open session" : {
    "transaction" : "2.1 Open session",
    "sampleCount" : 714,
    "errorCount" : 0,
    "errorPct" : 0.0,
    "meanResTime" : 574.5924369747896,
    "medianResTime" : 417.5,
    "minResTime" : 202.0,
    "maxResTime" : 7093.0,
    "pct1ResTime" : 976.0,
    "pct2ResTime" : 1350.0,
    "pct3ResTime" : 2338.6500000000033,
    "throughput" : 0.40037098801915055,
    "receivedKBytesPerSec" : 161.28828525668882,
    "sentKBytesPerSec" : 1.6689166652881717
  },
  "4.3 Vaccination confirm" : {
    "transaction" : "4.3 Vaccination confirm",
    "sampleCount" : 654,
    "errorCount" : 0,
    "errorPct" : 0.0,
    "meanResTime" : 1488.1100917431193,
    "medianResTime" : 1298.0,
    "minResTime" : 924.0,
    "maxResTime" : 8528.0,
    "pct1ResTime" : 2219.0,
    "pct2ResTime" : 2667.75,
    "pct3ResTime" : 3938.9000000000055,
    "throughput" : 0.39075406572435584,