{
  "2.0 Register attendance" : {
    "transaction" : "2.0 Register attendance",
    "sampleCount" : 100,
    "errorCount" : 0,
    "errorPct" : 0.0,
    "meanResTime" : 5877.610000000001,
    "medianResTime" : 5663.0,
    "minResTime" : 2657.0,
    "maxResTime" : 10057.0,
    "pct1ResTime" : 8286.300000000001,
    "pct2ResTime" : 9365.099999999999,
    "pct3ResTime" : 10053.499999999998,
    "throughput" : 0.254600633446376,
    "receivedKBytesPerSec" : 51.81883211666056,
    "sentKBytesPerSec" : 1.082216790211624
  },
  "1.4 Select Organisations" : {
    "transaction" : "1.4 Select Organisations",
    "sampleCount" : 70,
    "errorCount" : 0,
    "errorPct" : 0.0,
    "meanResTime" : 486.0857142857141,
    "medianResTime" : 357.5,
    "minResTime" : 330.0,
    "maxResTime" : 2177.0,
    "pct1ResTime" : 837.4999999999999,
    "pct2ResTime" : 1126.4000000000005,
    "pct3ResTime" : 2177.0,
    "throughput" : 1.0282172182317602,
    "receivedKBytesPerSec" : 14.773593683441298,
    "sentKBytesPerSec" : 1.486095198225591
  },
  "2.3 Search by first/last name" : {
    "transaction" : "2.3 Search by first/last name",
    "sampleCount" : 100,
    "errorCount" : 0,
    "errorPct" : 0.0,
    "meanResTime" : 1266.0699999999997,
    "medianResTime" : 1013.0,
    "minResTime" : 649.0,
    "maxResTime" : 4040.0,
    "pct1ResTime" : 2442.7000000000003,
    "pct2ResTime" : 2792.0499999999993,
    "pct3ResTime" : 4034.009999999997,
    "throughput" : 0.25465444664862014,
    "receivedKBytesPerSec" : 9.180882187462597,
    "sentKBytesPerSec" : 0.21955739386002662
  },
  "5.8 Consent confirm" : {
    "transaction" : "5.8 Consent confirm",
    "sampleCount" : 67,
    "errorCount" : 0,
    "errorPct" : 0.0,
    "meanResTime" : 892.9850746268656,
    "medianResTime" : 836.0,
    "minResTime" : 762.0,
    "maxResTime" : 1365.0,
    "pct1ResTime" : 1159.6,
    "pct2ResTime" : 1227.6,
    "pct3ResTime" : 1365.0,
    "throughput" : 0.24795254114346832,
    "receivedKBytesPerSec" : 21.05297704380433,
    "sentKBytesPerSec" : 0.5387640664494306
  },
  "1.2 Sign-in page" : {
    "transaction" : "1.2 Sign-in page",
    "sampleCount" : 70,
    "errorCount" : 0,
    "errorPct" : 0.0,
    "meanResTime" : 118.54285714285714,
    "medianResTime" : 118.0,
    "minResTime" : 110.0,
    "maxResTime" : 166.0,
    "pct1ResTime" : 121.0,
    "pct2ResTime" : 134.0,
    "pct3ResTime" : 166.0,
    "throughput" : 1.1776581426648722,
    "receivedKBytesPerSec" : 7.097000389047779,
    "sentKBytesPerSec" : 0.7095850332267833
  },
  "3.0 Nurse triage" : {
    "transaction" : "3.0 Nurse triage",
    "sampleCount" : 156,
    "errorCount" : 0,
    "errorPct" : 0.0,
    "meanResTime" : 1524.4423076923078,
    "medianResTime" : 1521.0,
    "minResTime" : 1017.0,
    "maxResTime" : 2726.0,
    "pct1ResTime" : 1827.9,
    "pct2ResTime" : 1972.15,
    "pct3ResTime" : 2517.3800000000024,
    "throughput" : 0.3342947880013886,
    "receivedKBytesPerSec" : 39.74982334341932,
    "sentKBytesPerSec" : 0.9974559242500868
  },
  "2.4 Patient attending session" : {
    "transaction" : "2.4 Patient attending session",
    "sampleCount" : 97,
    "errorCount" : 0,
    "errorPct" : 0.0,
    "meanResTime" : 1590.7216494845366,
    "medianResTime" : 1248.0,
    "minResTime" : 844.0,
    "maxResTime" : 4913.0,
    "pct1ResTime" : 2798.2000000000007,
    "pct2ResTime" : 3522.099999999997,
    "pct3ResTime" : 4913.0,
    "throughput" : 0.24525420471899428,
    "receivedKBytesPerSec" : 8.278912124565117,
    "sentKBytesPerSec" : 0.36452822224834897
  },
  "5.4 Consent route" : {
    "transaction" : "5.4 Consent route",
    "sampleCount" : 67,
    "errorCount" : 0,
    "errorPct" : 0.0,
    "meanResTime" : 374.76119402985086,
    "medianResTime" : 371.0,
    "minResTime" : 345.0,
    "maxResTime" : 438.0,
    "pct1ResTime" : 393.6,
    "pct2ResTime" : 412.4,
    "pct3ResTime" : 438.0,
    "throughput" : 0.2503736920777279,
    "receivedKBytesPerSec" : 2.859291795123318,
    "sentKBytesPerSec" : 0.3894973549607623
  },
  "1.1 Homepage" : {
    "transaction" : "1.1 Homepage",
    "sampleCount" : 70,
    "errorCount" : 0,
    "errorPct" : 0.0,
    "meanResTime" : 353.47142857142853,
    "medianResTime" : 348.0,
    "minResTime" : 329.0,
    "maxResTime" : 630.0,
    "pct1ResTime" : 361.0,
    "pct2ResTime" : 385.6500000000001,
    "pct3ResTime" : 630.0,
    "throughput" : 1.1869436201780414,
    "receivedKBytesPerSec" : 6.125973664688427,
    "sentKBytesPerSec" : 0.6433141691394658
  },
  "1.3 Sign-in" : {
    "transaction" : "1.3 Sign-in",
    "sampleCount" : 70,
    "errorCount" : 0,
    "errorPct" : 0.0,
    "meanResTime" : 791.6142857142855,
    "medianResTime" : 513.5,
    "minResTime" : 448.0,
    "maxResTime" : 2969.0,
    "pct1ResTime" : 1617.1,
    "pct2ResTime" : 2129.1000000000013,
    "pct3ResTime" : 2969.0,
    "throughput" : 1.0366837966322586,
    "receivedKBytesPerSec" : 10.060084850717534,
    "sentKBytesPerSec" : 1.63095468395954
  },
  "2.1 Open session" : {
    "transaction" : "2.1 Open session",
    "sampleCount" : 100,
    "errorCount" : 0,
    "errorPct" : 0.0,
    "meanResTime" : 1363.5399999999997,
    "medianResTime" : 1183.5,
    "minResTime" : 583.0,
    "maxResTime" : 3738.0,
    "pct1ResTime" : 2134.6,
    "pct2ResTime" : 2642.4999999999986,
    "pct3ResTime" : 3734.9499999999985,
    "throughput" : 0.2544652285988381,
    "receivedKBytesPerSec" : 4.294162857905344,
    "sentKBytesPerSec" : 0.15851891535468637
  },
  "3.3 Nurse triage complete" : {
    "transaction" : "3.3 Nurse triage complete",
    "sampleCount" : 155,
    "errorCount" : 0,
    "errorPct" : 0.0,
    "meanResTime" : 350.8322580645163,
    "medianResTime" : 295.0,
    "minResTime" : 250.0,
    "maxResTime" : 786.0,
    "pct1ResTime" : 610.4,
    "pct2ResTime" : 636.2,
    "pct3ResTime" : 749.0399999999998,
    "throughput" : 0.33798517226341035,
    "receivedKBytesPerSec" : 8.212558431912342,
    "sentKBytesPerSec" : 0.22889807293938072
  },
  "4.3 Vaccination confirm" : {
    "transaction" : "4.3 Vaccination confirm",
    "sampleCount" : 141,
    "errorCount" : 0,
    "errorPct" : 0.0,
    "meanResTime" : 933.7872340425529,
    "medianResTime" : 855.0,
    "minResTime" : 713.0,
    "maxResTime" : 1627.0,
    "pct1ResTime" : 1153.8,
    "pct2ResTime" : 1196.9,
    "pct3ResTime" : 1531.240000000003,
    "throughput" : 0.39450711791565946,
    "receivedKBytesPerSec" : 9.878066523413018,
    "sentKBytesPerSec" : 0.9181285376236682
  },
  "5.6 Consent questions" : {
    "transaction" : "5.6 Consent questions",
    "sampleCount" : 67,
    "errorCount" : 0,
    "errorPct" : 0.0,
    "meanResTime" : 418.1940298507463,
    "medianResTime" : 384.0,
    "minResTime" : 344.0,
    "maxResTime" : 703.0,
    "pct1ResTime" : 604.0,
    "pct2ResTime" : 618.0,
    "pct3ResTime" : 703.0,
    "throughput" : 0.2472306477442971,
    "receivedKBytesPerSec" : 2.980090005101438,
    "sentKBytesPerSec" : 0.47949225236345117
  },
  "4.1 Vaccination questions" : {
    "transaction" : "4.1 Vaccination questions",
    "sampleCount" : 153,
    "errorCount" : 0,
    "errorPct" : 0.0,
    "meanResTime" : 441.48366013071904,
    "medianResTime" : 398.0,
    "minResTime" : 357.0,
    "maxResTime" : 679.0,
    "pct1ResTime" : 615.6,
    "pct2ResTime" : 635.1999999999999,
    "pct3ResTime" : 675.76,
    "throughput" : 0.37230534878684424,
    "receivedKBytesPerSec" : 4.332436396315394,
    "sentKBytesPerSec" : 0.7537477103525221
  },
  "5.3 Consent parent details" : {
    "transaction" : "5.3 Consent parent details",
    "sampleCount" : 67,
    "errorCount" : 0,
    "errorPct" : 0.0,
    "meanResTime" : 378.2388059701494,
    "medianResTime" : 372.0,
    "minResTime" : 349.0,
    "maxResTime" : 492.0,
    "pct1ResTime" : 403.4,
    "pct2ResTime" : 427.7999999999999,
    "pct3ResTime" : 492.0,
    "throughput" : 0.2509222328333614,
    "receivedKBytesPerSec" : 2.84780349418572,
    "sentKBytesPerSec" : 0.4166505744059323
  },