{
  "2.0 Register attendance" : {
    "transaction" : "2.0 Register attendance",
    "sampleCount" : 2562,
    "errorCount" : 10,
    "errorPct" : 0.39032006,
    "meanResTime" : 968.92701014832,
    "medianResTime" : 949.0,
    "minResTime" : 339.0,
    "maxResTime" : 3238.0,
    "pct1ResTime" : 1304.7000000000003,
    "pct2ResTime" : 1423.85,
    "pct3ResTime" : 1763.9599999999991,
    "throughput" : 0.7170822310269894,
    "receivedKBytesPerSec" : 106.25636272283569,
    "sentKBytesPerSec" : 26.253486191776254
  },
  "2.5 Select patient" : {
    "transaction" : "2.5 Select patient",
    "sampleCount" : 2554,
    "errorCount" : 0,
    "errorPct" : 0.0,
    "meanResTime" : 118.42404072043843,
    "medianResTime" : 97.0,
    "minResTime" : 55.0,
    "maxResTime" : 889.0,
    "pct1ResTime" : 203.0,
    "pct2ResTime" : 264.75,
    "pct3ResTime" : 436.4499999999998,
    "throughput" : 0.719955799111472,
    "receivedKBytesPerSec" : 18.086934642922078,
    "sentKBytesPerSec" : 5.195574077274739
  },
  "7.1 Full name search" : {
    "transaction" : "7.1 Full name search",
    "sampleCount" : 191,
    "errorCount" : 0,
    "errorPct" : 0.0,
    "meanResTime" : 547.9581151832458,
    "medianResTime" : 382.0,
    "minResTime" : 241.0,
    "maxResTime" : 3005.0,
    "pct1ResTime" : 1068.2000000000014,
    "pct2ResTime" : 1519.199999999995,
    "pct3ResTime" : 2826.519999999997,
    "throughput" : 0.0542274560707921,
    "receivedKBytesPerSec" : 1.9776524545660512,
    "sentKBytesPerSec" : 0.4004343182714445
  },
  "2.3 Search by first/last name" : {
    "transaction" : "2.3 Search by first/last name",
    "sampleCount" : 2571,
    "errorCount" : 0,
    "errorPct" : 0.0,
    "meanResTime" : 115.49436017113958,
    "medianResTime" : 92.0,
    "minResTime" : 59.0,
    "maxResTime" : 1036.0,
    "pct1ResTime" : 193.0,
    "pct2ResTime" : 249.0,
    "pct3ResTime" : 435.8400000000006,
    "throughput" : 0.7193055050792033,
    "receivedKBytesPerSec" : 20.794900396139113,
    "sentKBytesPerSec" : 5.382506256153335
  },
  "4.0 Vaccination for flu" : {
    "transaction" : "4.0 Vaccination for flu",
    "sampleCount" : 655,
    "errorCount" : 0,
    "errorPct" : 0.0,
    "meanResTime" : 820.2122137404582,
    "medianResTime" : 762.0,
    "minResTime" : 233.0,
    "maxResTime" : 2032.0,
    "pct1ResTime" : 1139.6,
    "pct2ResTime" : 1280.0,
    "pct3ResTime" : 1626.5599999999972,
    "throughput" : 0.1869443756286183,
    "receivedKBytesPerSec" : 9.820394974935184,
    "sentKBytesPerSec" : 5.316142327085728
  },
  "4.0 Vaccination for hpv" : {
    "transaction" : "4.0 Vaccination for hpv",
    "sampleCount" : 627,
    "errorCount" : 0,
    "errorPct" : 0.0,
    "meanResTime" : 831.7145135566185,
    "medianResTime" : 777.0,
    "minResTime" : 219.0,
    "maxResTime" : 1984.0,
    "pct1ResTime" : 1159.2,
    "pct2ResTime" : 1299.4,
    "pct3ResTime" : 1627.4800000000002,
    "throughput" : 0.17925855573640243,
    "receivedKBytesPerSec" : 8.742942610137515,
    "sentKBytesPerSec" : 5.103853045347697
  },
  "1.2 Sign-in page" : {
    "transaction" : "1.2 Sign-in page",
    "sampleCount" : 4339,
    "errorCount" : 0,
    "errorPct" : 0.0,
    "meanResTime" : 625.2131827610032,
    "medianResTime" : 158.0,
    "minResTime" : 11.0,
    "maxResTime" : 11132.0,
    "pct1ResTime" : 1439.0,
    "pct2ResTime" : 2718.0,
    "pct3ResTime" : 5762.400000000003,
    "throughput" : 1.2054220935895381,
    "receivedKBytesPerSec" : 69.95948600243877,
    "sentKBytesPerSec" : 10.433519631968439
  },
  "7.7 Due vaccination search" : {
    "transaction" : "7.7 Due vaccination search",
    "sampleCount" : 204,
    "errorCount" : 0,
    "errorPct" : 0.0,
    "meanResTime" : 750.9901960784316,
    "medianResTime" : 671.0,
    "minResTime" : 536.0,
    "maxResTime" : 6531.0,
    "pct1ResTime" : 949.0,
    "pct2ResTime" : 1040.5,
    "pct3ResTime" : 1389.4499999999991,
    "throughput" : 0.058167899360409725,
    "receivedKBytesPerSec" : 7.6477321629847435,
    "sentKBytesPerSec" : 0.44096288795351357
  },
  "7.2 First name search" : {
    "transaction" : "7.2 First name search",
    "sampleCount" : 217,
    "errorCount" : 0,
    "errorPct" : 0.0,
    "meanResTime" : 1883.986175115207,
    "medianResTime" : 1323.0,
    "minResTime" : 929.0,
    "maxResTime" : 8081.0,
    "pct1ResTime" : 3355.8,
    "pct2ResTime" : 5815.7,
    "pct3ResTime" : 7757.019999999995,
    "throughput" : 0.06425277574952196,
    "receivedKBytesPerSec" : 8.555328454748873,
    "sentKBytesPerSec" : 0.47404667858674093
  },
  "2.4 Patient attending session" : {
    "transaction" : "2.4 Patient attending session",
    "sampleCount" : 2185,
    "errorCount" : 10,
    "errorPct" : 0.4576659,
    "meanResTime" : 373.8572082379854,
    "medianResTime" : 334.0,
    "minResTime" : 62.0,
    "maxResTime" : 2795.0,
    "pct1ResTime" : 536.0,
    "pct2ResTime" : 663.0999999999995,
    "pct3ResTime" : 907.5599999999995,
    "throughput" : 0.6134783294746435,
    "receivedKBytesPerSec" : 18.487998766568126,
    "sentKBytesPerSec" : 5.384235836406808
  },
  "Check STS status" : {
    "transaction" : "Check STS status",
    "sampleCount" : 1,
    "errorCount" : 0,
    "errorPct" : 0.0,
    "meanResTime" : 29.0,
    "medianResTime" : 29.0,
    "minResTime" : 29.0,
    "maxResTime" : 29.0,
    "pct1ResTime" : 29.0,
    "pct2ResTime" : 29.0,
    "pct3ResTime" : 29.0,
    "throughput" : 34.48275862068965,
    "receivedKBytesPerSec" : 10.809536637931034,
    "sentKBytesPerSec" : 20.339439655172413
  },
  "1.1 Homepage" : {
    "transaction" : "1.1 Homepage",
    "sampleCount" : 4345,
    "errorCount" : 0,
    "errorPct" : 0.0,
    "meanResTime" : 622.8451093210576,
    "medianResTime" : 161.0,
    "minResTime" : 25.0,
    "maxResTime" : 10608.0,
    "pct1ResTime" : 1459.8000000000002,
    "pct2ResTime" : 2716.0999999999995,
    "pct3ResTime" : 5733.819999999999,
    "throughput" : 1.206839851657301,
    "receivedKBytesPerSec" : 84.4251221209266,
    "sentKBytesPerSec" : 10.427885583683443
  },
  "1.3 Sign-in" : {
    "transaction" : "1.3 Sign-in",
    "sampleCount" : 4333,
    "errorCount" : 0,
    "errorPct" : 0.0,
    "meanResTime" : 634.3655665820434,
    "medianResTime" : 176.0,
    "minResTime" : 56.0,
    "maxResTime" : 10836.0,
    "pct1ResTime" : 1469.6,
    "pct2ResTime" : 2697.500000000001,
    "pct3ResTime" : 5712.66,
    "throughput" : 1.2051181783441403,
    "receivedKBytesPerSec" : 70.22605780635256,
    "sentKBytesPerSec" : 10.773682506915593
  },
  "Run some searches" : {
    "transaction" : "Run some searches",
    "sampleCount" : 1739,
    "errorCount" : 2,
    "errorPct" : 0.11500862,
    "meanResTime" : 1500.140310523288,
    "medianResTime" : 1150.0,
    "minResTime" : 0.0,
    "maxResTime" : 60011.0,
    "pct1ResTime" : 2828.0,
    "pct2ResTime" : 3371.0,
    "pct3ResTime" : 6905.799999999972,
    "throughput" : 0.48674848930230946,
    "receivedKBytesPerSec" : 55.52693761419976,
    "sentKBytesPerSec" : 3.641382391250619
  },
  "4.0 Vaccination for td_ipv" : {
    "transaction" : "4.0 Vaccination for td_ipv",
    "sampleCount" : 614,
    "errorCount" : 0,
    "errorPct" : 0.0,
    "meanResTime" : 829.3338762214981,
    "medianResTime" : 780.5,
    "minResTime" : 226.0,
    "maxResTime" : 1958.0,
    "pct1ResTime" : 1152.0,
    "pct2ResTime" : 1319.5,
    "pct3ResTime" : 1671.1000000000015,
    "throughput" : 0.17674618901824687,
    "receivedKBytesPerSec" : 8.773401103670563,
    "sentKBytesPerSec" : 5.032978281412461
  },
  "2.1 Open session" : {
    "transaction" : "2.1 Open session",
    "sampleCount" : 2577,
    "errorCount" : 0,
    "errorPct" : 0.0,
    "meanResTime" : 280.3418703919289,
    "medianResTime" : 251.0,
    "minResTime" : 103.0,
    "maxResTime" : 1328.0,
    "pct1ResTime" : 438.2000000000003,
    "pct2ResTime" : 528.0,
    "pct3ResTime" : 798.0,
    "throughput" : 0.7192481637820453,
    "receivedKBytesPerSec" : 16.391255742018775,
    "sentKBytesPerSec" : 5.194502839941745
  },