{
  "7.3 Safe to vaccinate" : {
    "transaction" : "7.3 Safe to vaccinate",
    "sampleCount" : 27,
    "errorCount" : 0,
    "errorPct" : 0.0,
    "meanResTime" : 104.11111111111111,
    "medianResTime" : 89.0,
    "minResTime" : 73.0,
    "maxResTime" : 264.0,
    "pct1ResTime" : 206.59999999999997,
    "pct2ResTime" : 249.99999999999991,
    "pct3ResTime" : 264.0,
    "throughput" : 0.00798615968947445,
    "receivedKBytesPerSec" : 3.392526875276003,
    "sentKBytesPerSec" : 0.058695442975270413
  },
  "2.0 Register attendance" : {
    "transaction" : "2.0 Register attendance",
    "sampleCount" : 1706,
    "errorCount" : 5,
    "errorPct" : 0.29308325,
    "meanResTime" : 1077.1535756154744,
    "medianResTime" : 1058.0,
    "minResTime" : 412.0,
    "maxResTime" : 4197.0,
    "pct1ResTime" : 1379.0,
    "pct2ResTime" : 1568.549999999999,
    "pct3ResTime" : 2066.1000000000045,
    "throughput" : 0.4783732393635561,
    "receivedKBytesPerSec" : 888.7585109790829,
    "sentKBytesPerSec" : 15.277456314530264
  },
  "2.5 Select patient" : {
    "transaction" : "2.5 Select patient",
    "sampleCount" : 1697,
    "errorCount" : 0,
    "errorPct" : 0.0,
    "meanResTime" : 99.90335886859172,
    "medianResTime" : 88.0,
    "minResTime" : 53.0,
    "maxResTime" : 954.0,
    "pct1ResTime" : 134.0,
    "pct2ResTime" : 179.0,
    "pct3ResTime" : 410.49999999999955,
    "throughput" : 0.47620864954298564,
    "receivedKBytesPerSec" : 200.77873200204206,
    "sentKBytesPerSec" : 3.3947147302882734
  },
  "7.1 Full name search" : {
    "transaction" : "7.1 Full name search",
    "sampleCount" : 27,
    "errorCount" : 0,
    "errorPct" : 0.0,
    "meanResTime" : 977.9629629629629,
    "medianResTime" : 618.0,
    "minResTime" : 313.0,
    "maxResTime" : 4732.0,
    "pct1ResTime" : 2063.9999999999986,
    "pct2ResTime" : 4344.799999999997,
    "pct3ResTime" : 4732.0,
    "throughput" : 0.007985545570994606,
    "receivedKBytesPerSec" : 3.432242248401338,
    "sentKBytesPerSec" : 0.05826808369310188
  },
  "2.3 Search by first/last name" : {
    "transaction" : "2.3 Search by first/last name",
    "sampleCount" : 1713,
    "errorCount" : 0,
    "errorPct" : 0.0,
    "meanResTime" : 106.58960887332161,
    "medianResTime" : 92.0,
    "minResTime" : 64.0,
    "maxResTime" : 923.0,
    "pct1ResTime" : 134.60000000000014,
    "pct2ResTime" : 175.0,
    "pct3ResTime" : 469.4399999999996,
    "throughput" : 0.47916365382845605,
    "receivedKBytesPerSec" : 203.63888222533964,
    "sentKBytesPerSec" : 3.543365165134537
  },
  "4.0 Vaccination for flu" : {
    "transaction" : "4.0 Vaccination for flu",
    "sampleCount" : 405,
    "errorCount" : 0,
    "errorPct" : 0.0,
    "meanResTime" : 871.0246913580254,
    "medianResTime" : 801.0,
    "minResTime" : 203.0,
    "maxResTime" : 2410.0,
    "pct1ResTime" : 1136.0,
    "pct2ResTime" : 1373.5,
    "pct3ResTime" : 1815.1799999999998,
    "throughput" : 0.11664642395185987,
    "receivedKBytesPerSec" : 144.56445367234264,
    "sentKBytesPerSec" : 3.288000608019485
  },
  "4.0 Vaccination for hpv" : {
    "transaction" : "4.0 Vaccination for hpv",
    "sampleCount" : 446,
    "errorCount" : 0,
    "errorPct" : 0.0,
    "meanResTime" : 860.2219730941702,
    "medianResTime" : 784.0,
    "minResTime" : 198.0,
    "maxResTime" : 1968.0,
    "pct1ResTime" : 1147.6,
    "pct2ResTime" : 1370.5499999999997,
    "pct3ResTime" : 1839.3299999999983,
    "throughput" : 0.12718459503683507,
    "receivedKBytesPerSec" : 157.21807487543896,
    "sentKBytesPerSec" : 3.5825227870023046
  },
  "7.6 First name search" : {
    "transaction" : "7.6 First name search",
    "sampleCount" : 27,
    "errorCount" : 0,
    "errorPct" : 0.0,
    "meanResTime" : 2007.2222222222224,
    "medianResTime" : 1273.0,
    "minResTime" : 716.0,
    "maxResTime" : 8366.0,
    "pct1ResTime" : 5195.4,
    "pct2ResTime" : 7291.9999999999945,
    "pct3ResTime" : 8366.0,
    "throughput" : 0.007983604632974475,
    "receivedKBytesPerSec" : 4.124413373694644,
    "sentKBytesPerSec" : 0.05819183810964801
  },
  "1.2 Sign-in page" : {
    "transaction" : "1.2 Sign-in page",
    "sampleCount" : 1754,
    "errorCount" : 0,
    "errorPct" : 0.0,
    "meanResTime" : 134.04275940706978,
    "medianResTime" : 99.0,
    "minResTime" : 17.0,
    "maxResTime" : 5541.0,
    "pct1ResTime" : 184.5,
    "pct2ResTime" : 332.5,
    "pct3ResTime" : 757.0500000000013,
    "throughput" : 0.4877121019334976,
    "receivedKBytesPerSec" : 204.42432647712954,
    "sentKBytesPerSec" : 4.094200558898188
  },
  "2.4 Patient attending session" : {
    "transaction" : "2.4 Patient attending session",
    "sampleCount" : 624,
    "errorCount" : 5,
    "errorPct" : 0.80128205,
    "meanResTime" : 508.96314102564145,
    "medianResTime" : 471.0,
    "minResTime" : 198.0,
    "maxResTime" : 1664.0,
    "pct1ResTime" : 651.0,
    "pct2ResTime" : 788.5,
    "pct3ResTime" : 1091.75,
    "throughput" : 0.18741237570414795,
    "receivedKBytesPerSec" : 80.0658931701404,
    "sentKBytesPerSec" : 1.6241649177472912
  },
  "Check STS status" : {
    "transaction" : "Check STS status",
    "sampleCount" : 1,
    "errorCount" : 0,
    "errorPct" : 0.0,
    "meanResTime" : 33.0,
    "medianResTime" : 33.0,
    "minResTime" : 33.0,
    "maxResTime" : 33.0,
    "pct1ResTime" : 33.0,
    "pct2ResTime" : 33.0,
    "pct3ResTime" : 33.0,
    "throughput" : 30.303030303030305,
    "receivedKBytesPerSec" : 9.499289772727272,
    "sentKBytesPerSec" : 17.87405303030303
  },
  "1.1 Homepage" : {
    "transaction" : "1.1 Homepage",
    "sampleCount" : 1758,
    "errorCount" : 0,
    "errorPct" : 0.0,
    "meanResTime" : 129.3606370875995,
    "medianResTime" : 99.0,
    "minResTime" : 36.0,
    "maxResTime" : 5651.0,
    "pct1ResTime" : 165.0,
    "pct2ResTime" : 252.0,
    "pct3ResTime" : 688.8200000000002,
    "throughput" : 0.4883547666814265,
    "receivedKBytesPerSec" : 204.47960643567828,
    "sentKBytesPerSec" : 4.0911110864379605
  },
  "1.3 Sign-in" : {
    "transaction" : "1.3 Sign-in",
    "sampleCount" : 1752,
    "errorCount" : 0,
    "errorPct" : 0.0,
    "meanResTime" : 144.32648401826464,
    "medianResTime" : 103.5,
    "minResTime" : 61.0,
    "maxResTime" : 5232.0,
    "pct1ResTime" : 238.80000000000018,
    "pct2ResTime" : 315.0,
    "pct3ResTime" : 697.2900000000002,
    "throughput" : 0.4877990379333358,
    "receivedKBytesPerSec" : 204.66991637558007,
    "sentKBytesPerSec" : 4.257079602914321
  },
  "Run some searches" : {
    "transaction" : "Run some searches",
    "sampleCount" : 27,
    "errorCount" : 0,
    "errorPct" : 0.0,
    "meanResTime" : 8199.370370370369,
    "medianResTime" : 5923.0,
    "minResTime" : 4708.0,
    "maxResTime" : 17708.0,
    "pct1ResTime" : 17447.0,
    "pct2ResTime" : 17680.4,
    "pct3ResTime" : 17708.0,
    "throughput" : 0.00796222954223078,
    "receivedKBytesPerSec" : 30.031529772379763,
    "sentKBytesPerSec" : 0.46652594378223594
  },
  "4.0 Vaccination for td_ipv" : {
    "transaction" : "4.0 Vaccination for td_ipv",
    "sampleCount" : 411,
    "errorCount" : 0,
    "errorPct" : 0.0,
    "meanResTime" : 892.1167883211677,
    "medianResTime" : 811.0,
    "minResTime" : 193.0,
    "maxResTime" : 3475.0,
    "pct1ResTime" : 1213.0,
    "pct2ResTime" : 1384.1999999999994,
    "pct3ResTime" : 1798.1199999999997,
    "throughput" : 0.11889440354496247,
    "receivedKBytesPerSec" : 147.53189632559884,
    "sentKBytesPerSec" : 3.3461004131761323
  },
  "2.1 Open session" : {
    "transaction" : "2.1 Open session",
    "sampleCount" : 1719,
    "errorCount" : 0,
    "errorPct" : 0.0,
    "meanResTime" : 561.2722513089006,
    "medianResTime" : 472.0,
    "minResTime" : 120.0,
    "maxResTime" : 3810.0,
    "pct1ResTime" : 917.0,
    "pct2ResTime" : 1041.0,
    "pct3ResTime" : 1395.3999999999999,
    "throughput" : 0.4796986186688991,
    "receivedKBytesPerSec" : 201.14734143906097,
    "sentKBytesPerSec" : 3.423080340013255
  },