{
  "1.2 Sign-in page" : {
    "transaction" : "1.2 Sign-in page",
    "sampleCount" : 67,
    "errorCount" : 0,
    "errorPct" : 0.0,
    "meanResTime" : 21.7910447761194,
    "medianResTime" : 20.0,
    "minResTime" : 14.0,
    "maxResTime" : 46.0,
    "pct1ResTime" : 31.200000000000003,
    "pct2ResTime" : 37.0,
    "pct3ResTime" : 46.0,
    "throughput" : 0.22752433151993046,
    "receivedKBytesPerSec" : 88.31365815615301,
    "sentKBytesPerSec" : 0.8094444723897526
  },
  "2.0 Register attendance" : {
    "transaction" : "2.0 Register attendance",
    "sampleCount" : 62,
    "errorCount" : 0,
    "errorPct" : 0.0,
    "meanResTime" : 125.67741935483869,
    "medianResTime" : 121.5,
    "minResTime" : 98.0,
    "maxResTime" : 199.0,
    "pct1ResTime" : 145.60000000000002,
    "pct2ResTime" : 174.89999999999992,
    "pct3ResTime" : 199.0,
    "throughput" : 0.22346288173407197,
    "receivedKBytesPerSec" : 261.7546868073101,
    "sentKBytesPerSec" : 2.9187656671808715
  },
  "1.0 Login" : {
    "transaction" : "1.0 Login",
    "sampleCount" : 65,
    "errorCount" : 0,
    "errorPct" : 0.0,
    "meanResTime" : 120.61538461538461,
    "medianResTime" : 107.0,
    "minResTime" : 54.0,
    "maxResTime" : 315.0,
    "pct1ResTime" : 171.2,
    "pct2ResTime" : 224.19999999999993,
    "pct3ResTime" : 315.0,
    "throughput" : 0.2224009032898226,
    "receivedKBytesPerSec" : 343.38954747831593,
    "sentKBytesPerSec" : 3.329240613184952
  },
  "Total" : {
    "transaction" : "Total",
    "sampleCount" : 452,
    "errorCount" : 0,
    "errorPct" : 0.0,
    "meanResTime" : 34.701327433628286,
    "medianResTime" : 35.0,
    "minResTime" : 14.0,
    "maxResTime" : 254.0,
    "pct1ResTime" : 49.69999999999999,
    "pct2ResTime" : 58.349999999999966,
    "pct3ResTime" : 131.16999999999967,
    "throughput" : 1.5092525193164288,
    "receivedKBytesPerSec" : 588.0045571829735,
    "sentKBytesPerSec" : 6.053424920113128
  },
  "1.4 Open Sessions list" : {
    "transaction" : "1.4 Open Sessions list",
    "sampleCount" : 63,
    "errorCount" : 0,
    "errorPct" : 0.0,
    "meanResTime" : 49.98412698412699,
    "medianResTime" : 38.0,
    "minResTime" : 32.0,
    "maxResTime" : 254.0,
    "pct1ResTime" : 61.800000000000004,
    "pct2ResTime" : 168.19999999999987,
    "pct3ResTime" : 254.0,
    "throughput" : 0.22711623664790853,
    "receivedKBytesPerSec" : 88.67802254421557,
    "sentKBytesPerSec" : 0.9667965581525716
  },
  "2.3 Search by first/last name" : {
    "transaction" : "2.3 Search by first/last name",
    "sampleCount" : 62,
    "errorCount" : 0,
    "errorPct" : 0.0,
    "meanResTime" : 40.080645161290334,
    "medianResTime" : 38.5,
    "minResTime" : 31.0,
    "maxResTime" : 71.0,
    "pct1ResTime" : 48.80000000000001,
    "pct2ResTime" : 56.849999999999994,
    "pct3ResTime" : 71.0,
    "throughput" : 0.2254127416370055,
    "receivedKBytesPerSec" : 88.01288925735591,
    "sentKBytesPerSec" : 1.0147975966275347
  },
  "1.1 Homepage" : {
    "transaction" : "1.1 Homepage",
    "sampleCount" : 69,
    "errorCount" : 0,
    "errorPct" : 0.0,
    "meanResTime" : 25.37681159420289,
    "medianResTime" : 19.0,
    "minResTime" : 15.0,
    "maxResTime" : 98.0,
    "pct1ResTime" : 50.0,
    "pct2ResTime" : 70.0,
    "pct3ResTime" : 98.0,
    "throughput" : 0.2304763177232948,
    "receivedKBytesPerSec" : 89.71763323890207,
    "sentKBytesPerSec" : 0.8230649331535173
  },
  "1.3 Sign-in" : {
    "transaction" : "1.3 Sign-in",
    "sampleCount" : 65,
    "errorCount" : 0,
    "errorPct" : 0.0,
    "meanResTime" : 24.446153846153848,
    "medianResTime" : 20.0,
    "minResTime" : 16.0,
    "maxResTime" : 91.0,
    "pct1ResTime" : 35.4,
    "pct2ResTime" : 55.699999999999996,
    "pct3ResTime" : 91.0,
    "throughput" : 0.22291267995912123,
    "receivedKBytesPerSec" : 86.52407917772656,
    "sentKBytesPerSec" : 0.828521152269937
  },
  "2.2 Session register" : {
    "transaction" : "2.2 Session register",
    "sampleCount" : 63,
    "errorCount" : 0,
    "errorPct" : 0.0,
    "meanResTime" : 40.49206349206349,
    "medianResTime" : 38.0,
    "minResTime" : 31.0,
    "maxResTime" : 75.0,
    "pct1ResTime" : 52.0,
    "pct2ResTime" : 57.39999999999999,
    "pct3ResTime" : 75.0,
    "throughput" : 0.22833201649789425,
    "receivedKBytesPerSec" : 89.15272639866951,
    "sentKBytesPerSec" : 0.9782153870861936
  },
  "2.1 Open session" : {
    "transaction" : "2.1 Open session",
    "sampleCount" : 63,
    "errorCount" : 0,
    "errorPct" : 0.0,
    "meanResTime" : 42.85714285714284,
    "medianResTime" : 39.0,
    "minResTime" : 31.0,
    "maxResTime" : 126.0,
    "pct1ResTime" : 55.6,
    "pct2ResTime" : 68.19999999999997,
    "pct3ResTime" : 126.0,
    "throughput" : 0.22825094561106038,
    "receivedKBytesPerSec" : 89.12107209672949,
    "sentKBytesPerSec" : 0.9758619530129125
  }
}