{
  "7.3 Safe to vaccinate" : {
    "transaction" : "7.3 Safe to vaccinate",
    "sampleCount" : 27,
    "errorCount" : 0,
    "errorPct" : 0.0,
    "meanResTime" : 220.99999999999997,
    "medianResTime" : 119.0,
    "minResTime" : 83.0,
    "maxResTime" : 1173.0,
    "pct1ResTime" : 625.3999999999999,
    "pct2ResTime" : 1042.5999999999992,
    "pct3ResTime" : 1173.0,
    "throughput" : 0.007866740905391951,
    "receivedKBytesPerSec" : 3.253747830545885,
    "sentKBytesPerSec" : 0.05804822816593346
  },
  "2.0 Register attendance" : {
    "transaction" : "2.0 Register attendance",
    "sampleCount" : 2969,
    "errorCount" : 0,
    "errorPct" : 0.0,
    "meanResTime" : 363.1704277534518,
    "medianResTime" : 217.0,
    "minResTime" : 111.0,
    "maxResTime" : 4388.0,
    "pct1ResTime" : 804.0,
    "pct2ResTime" : 1104.0,
    "pct3ResTime" : 1907.1000000000067,
    "throughput" : 1.6481790092273598,
    "receivedKBytesPerSec" : 1979.3639141321426,
    "sentKBytesPerSec" : 35.62668199852946
  },
  "7.7 Last name search" : {
    "transaction" : "7.7 Last name search",
    "sampleCount" : 27,
    "errorCount" : 0,
    "errorPct" : 0.0,
    "meanResTime" : 1135.4074074074076,
    "medianResTime" : 678.0,
    "minResTime" : 183.0,
    "maxResTime" : 5720.0,
    "pct1ResTime" : 2921.1999999999985,
    "pct2ResTime" : 5355.999999999998,
    "pct3ResTime" : 5720.0,
    "throughput" : 0.00787783634932894,
    "receivedKBytesPerSec" : 3.584127471361147,
    "sentKBytesPerSec" : 0.057914406286863535
  },
  "Reset counters" : {
    "transaction" : "Reset counters",
    "sampleCount" : 1,
    "errorCount" : 0,
    "errorPct" : 0.0,
    "meanResTime" : 46.0,
    "medianResTime" : 46.0,
    "minResTime" : 46.0,
    "maxResTime" : 46.0,
    "pct1ResTime" : 46.0,
    "pct2ResTime" : 46.0,
    "pct3ResTime" : 46.0,
    "throughput" : 21.73913043478261,
    "receivedKBytesPerSec" : 0.0,
    "sentKBytesPerSec" : 0.0
  },
  "1.0 Login" : {
    "transaction" : "1.0 Login",
    "sampleCount" : 3067,
    "errorCount" : 0,
    "errorPct" : 0.0,
    "meanResTime" : 1482.5865666775314,
    "medianResTime" : 1213.0,
    "minResTime" : 516.0,
    "maxResTime" : 14947.0,
    "pct1ResTime" : 2647.4000000000005,
    "pct2ResTime" : 3211.7999999999984,
    "pct3ResTime" : 4537.80000000001,
    "throughput" : 0.8598608971037799,
    "receivedKBytesPerSec" : 1464.807997663068,
    "sentKBytesPerSec" : 28.17902774311256
  },
  "7.0 Open Children Search" : {
    "transaction" : "7.0 Open Children Search",
    "sampleCount" : 28,
    "errorCount" : 0,
    "errorPct" : 0.0,
    "meanResTime" : 733.892857142857,
    "medianResTime" : 279.5,
    "minResTime" : 184.0,
    "maxResTime" : 4997.0,
    "pct1ResTime" : 2095.800000000004,
    "pct2ResTime" : 4731.499999999998,
    "pct3ResTime" : 4997.0,
    "throughput" : 0.00785259996780434,
    "receivedKBytesPerSec" : 3.609145543698597,
    "sentKBytesPerSec" : 0.056203658705111875
  },
  "Initialise vaccination list" : {
    "transaction" : "Initialise vaccination list",
    "sampleCount" : 1,
    "errorCount" : 0,
    "errorPct" : 0.0,
    "meanResTime" : 44.0,
    "medianResTime" : 44.0,
    "minResTime" : 44.0,
    "maxResTime" : 44.0,
    "pct1ResTime" : 44.0,
    "pct2ResTime" : 44.0,
    "pct3ResTime" : 44.0,
    "throughput" : 22.727272727272727,
    "receivedKBytesPerSec" : 6.525213068181818,
    "sentKBytesPerSec" : 14.026988636363637
  },
  "7.1 Full name search" : {
    "transaction" : "7.1 Full name search",
    "sampleCount" : 27,
    "errorCount" : 0,
    "errorPct" : 0.0,
    "meanResTime" : 594.962962962963,
    "medianResTime" : 429.0,
    "minResTime" : 196.0,
    "maxResTime" : 2332.0,
    "pct1ResTime" : 1393.1999999999996,
    "pct2ResTime" : 2151.999999999999,
    "pct3ResTime" : 2332.0,
    "throughput" : 0.007856302980943227,
    "receivedKBytesPerSec" : 3.2998242802353457,
    "sentKBytesPerSec" : 0.05784305365331182
  },
  "7.5 year group" : {
    "transaction" : "7.5 year group",
    "sampleCount" : 27,
    "errorCount" : 0,
    "errorPct" : 0.0,
    "meanResTime" : 1824.0740740740746,
    "medianResTime" : 1686.0,
    "minResTime" : 1530.0,
    "maxResTime" : 2875.0,
    "pct1ResTime" : 2465.7999999999997,
    "pct2ResTime" : 2758.9999999999995,
    "pct3ResTime" : 2875.0,
    "throughput" : 0.007863434853189672,
    "receivedKBytesPerSec" : 3.9537824272945357,
    "sentKBytesPerSec" : 0.05821581138706913
  },
  "2.3 Search by first/last name" : {
    "transaction" : "2.3 Search by first/last name",
    "sampleCount" : 2969,
    "errorCount" : 0,
    "errorPct" : 0.0,
    "meanResTime" : 51.48905355338486,
    "medianResTime" : 20.0,
    "minResTime" : 11.0,
    "maxResTime" : 3225.0,
    "pct1ResTime" : 77.0,
    "pct2ResTime" : 177.5,
    "pct3ResTime" : 642.2000000000025,
    "throughput" : 1.647280101422298,
    "receivedKBytesPerSec" : 650.2580815908889,
    "sentKBytesPerSec" : 12.060802209007331
  },
  "7.6 First name search" : {
    "transaction" : "7.6 First name search",
    "sampleCount" : 27,
    "errorCount" : 0,
    "errorPct" : 0.0,
    "meanResTime" : 1251.6296296296293,
    "medianResTime" : 295.0,
    "minResTime" : 182.0,
    "maxResTime" : 4813.0,
    "pct1ResTime" : 4017.9999999999995,
    "pct2ResTime" : 4784.599999999999,
    "pct3ResTime" : 4813.0,
    "throughput" : 0.007868797420433343,
    "receivedKBytesPerSec" : 3.6312951836548177,
    "sentKBytesPerSec" : 0.05783116425925181
  },
  "1.2 Sign-in page" : {
    "transaction" : "1.2 Sign-in page",
    "sampleCount" : 3067,
    "errorCount" : 0,
    "errorPct" : 0.0,
    "meanResTime" : 344.83012716009125,
    "medianResTime" : 195.0,
    "minResTime" : 13.0,
    "maxResTime" : 5835.0,
    "pct1ResTime" : 776.2000000000003,
    "pct2ResTime" : 1094.7999999999997,
    "pct3ResTime" : 2043.6800000000203,
    "throughput" : 0.8598042494570506,
    "receivedKBytesPerSec" : 354.4074912753663,
    "sentKBytesPerSec" : 7.289339767684648
  },
  "7.2 No Consent search" : {
    "transaction" : "7.2 No Consent search",
    "sampleCount" : 27,
    "errorCount" : 0,
    "errorPct" : 0.0,
    "meanResTime" : 3654.1111111111113,
    "medianResTime" : 2171.0,
    "minResTime" : 1967.0,
    "maxResTime" : 25423.0,
    "pct1ResTime" : 7278.399999999999,
    "pct2ResTime" : 18664.999999999964,
    "pct3ResTime" : 25423.0,
    "throughput" : 0.007854193586672772,
    "receivedKBytesPerSec" : 4.0033081517947995,
    "sentKBytesPerSec" : 0.05809370422023275
  },
  "Check STS status" : {
    "transaction" : "Check STS status",
    "sampleCount" : 1,
    "errorCount" : 0,
    "errorPct" : 0.0,
    "meanResTime" : 32.0,
    "medianResTime" : 32.0,
    "minResTime" : 32.0,
    "maxResTime" : 32.0,
    "pct1ResTime" : 32.0,
    "pct2ResTime" : 32.0,
    "pct3ResTime" : 32.0,
    "throughput" : 31.25,
    "receivedKBytesPerSec" : 9.796142578125,
    "sentKBytesPerSec" : 18.4326171875
  },
  "Total" : {
    "transaction" : "Total",
    "sampleCount" : 21395,
    "errorCount" : 0,
    "errorPct" : 0.0,
    "meanResTime" : 276.8671652255213,
    "medianResTime" : 168.0,
    "minResTime" : 2.0,
    "maxResTime" : 25423.0,
    "pct1ResTime" : 684.0,
    "pct2ResTime" : 1006.0,
    "pct3ResTime" : 1903.9900000000016,
    "throughput" : 5.740612843625116,
    "receivedKBytesPerSec" : 2389.0444377990207,
    "sentKBytesPerSec" : 44.66967953463136
  },
  "1.4 Open Sessions list" : {
    "transaction" : "1.4 Open Sessions list",
    "sampleCount" : 3039,
    "errorCount" : 0,
    "errorPct" : 0.0,
    "meanResTime" : 419.5416255347145,
    "medianResTime" : 309.0,
    "minResTime" : 175.0,
    "maxResTime" : 3974.0,
    "pct1ResTime" : 812.0,
    "pct2ResTime" : 1060.0,
    "pct3ResTime" : 1857.5999999999967,
    "throughput" : 1.663352550282343,
    "receivedKBytesPerSec" : 781.7533113283943,
    "sentKBytesPerSec" : 11.906256769000615
  },
  "Reset vaccination list" : {
    "transaction" : "Reset vaccination list",
    "sampleCount" : 1,
    "errorCount" : 0,