{
  "7.3 Safe to vaccinate" : {
    "transaction" : "7.3 Safe to vaccinate",
    "sampleCount" : 30,
    "errorCount" : 0,
    "errorPct" : 0.0,
    "meanResTime" : 101.09999999999998,
    "medianResTime" : 95.5,
    "minResTime" : 84.0,
    "maxResTime" : 174.0,
    "pct1ResTime" : 111.80000000000001,
    "pct2ResTime" : 161.35,
    "pct3ResTime" : 174.0,
    "throughput" : 0.00865855340970947,
    "receivedKBytesPerSec" : 3.929258301821009,
    "sentKBytesPerSec" : 0.0645267982408417
  },
  "7.7 Last name search" : {
    "transaction" : "7.7 Last name search",
    "sampleCount" : 30,
    "errorCount" : 0,
    "errorPct" : 0.0,
    "meanResTime" : 163.8,
    "medianResTime" : 160.0,
    "minResTime" : 151.0,
    "maxResTime" : 191.0,
    "pct1ResTime" : 179.9,
    "pct2ResTime" : 189.9,
    "pct3ResTime" : 191.0,
    "throughput" : 0.008658068627315168,
    "receivedKBytesPerSec" : 3.9289030248694363,
    "sentKBytesPerSec" : 0.06454657802824608
  },
  "Reset counters" : {
    "transaction" : "Reset counters",
    "sampleCount" : 1,
    "errorCount" : 0,
    "errorPct" : 0.0,
    "meanResTime" : 53.0,
    "medianResTime" : 53.0,
    "minResTime" : 53.0,
    "maxResTime" : 53.0,
    "pct1ResTime" : 53.0,
    "pct2ResTime" : 53.0,
    "pct3ResTime" : 53.0,
    "throughput" : 18.867924528301884,
    "receivedKBytesPerSec" : 0.0,
    "sentKBytesPerSec" : 0.0
  },
  "1.0 Login" : {
    "transaction" : "1.0 Login",
    "sampleCount" : 101,
    "errorCount" : 0,
    "errorPct" : 0.0,
    "meanResTime" : 696.9801980198021,
    "medianResTime" : 699.0,
    "minResTime" : 422.0,
    "maxResTime" : 1484.0,
    "pct1ResTime" : 883.4,
    "pct2ResTime" : 913.5,
    "pct3ResTime" : 1476.8000000000015,
    "throughput" : 0.028224132024106202,
    "receivedKBytesPerSec" : 46.70292787207789,
    "sentKBytesPerSec" : 0.6614572475658782
  },
  "7.0 Open Children Search" : {
    "transaction" : "7.0 Open Children Search",
    "sampleCount" : 31,
    "errorCount" : 0,
    "errorPct" : 0.0,
    "meanResTime" : 180.54838709677415,
    "medianResTime" : 163.0,
    "minResTime" : 157.0,
    "maxResTime" : 616.0,
    "pct1ResTime" : 176.6,
    "pct2ResTime" : 366.3999999999994,
    "pct3ResTime" : 616.0,
    "throughput" : 0.008658903447640169,
    "receivedKBytesPerSec" : 3.929278035120233,
    "sentKBytesPerSec" : 0.06261038574367411
  },
  "Initialise vaccination list" : {
    "transaction" : "Initialise vaccination list",
    "sampleCount" : 1,
    "errorCount" : 0,
    "errorPct" : 0.0,
    "meanResTime" : 46.0,
    "medianResTime" : 46.0,
    "minResTime" : 46.0,
    "maxResTime" : 46.0,
    "pct1ResTime" : 46.0,
    "pct2ResTime" : 46.0,
    "pct3ResTime" : 46.0,
    "throughput" : 21.73913043478261,
    "receivedKBytesPerSec" : 6.241508152173913,
    "sentKBytesPerSec" : 13.41711956521739
  },
  "7.1 Full name search" : {
    "transaction" : "7.1 Full name search",
    "sampleCount" : 30,
    "errorCount" : 0,
    "errorPct" : 0.0,
    "meanResTime" : 205.76666666666665,
    "medianResTime" : 185.0,
    "minResTime" : 173.0,
    "maxResTime" : 753.0,
    "pct1ResTime" : 201.70000000000002,
    "pct2ResTime" : 463.14999999999964,
    "pct3ResTime" : 753.0,
    "throughput" : 0.008657541425614259,
    "receivedKBytesPerSec" : 3.928824426538885,
    "sentKBytesPerSec" : 0.06468834916052149
  },
  "7.5 year group" : {
    "transaction" : "7.5 year group",
    "sampleCount" : 30,
    "errorCount" : 0,
    "errorPct" : 0.0,
    "meanResTime" : 1983.8666666666668,
    "medianResTime" : 1868.5,
    "minResTime" : 1703.0,
    "maxResTime" : 4196.0,
    "pct1ResTime" : 2295.4000000000005,
    "pct2ResTime" : 3577.249999999999,
    "pct3ResTime" : 4196.0,
    "throughput" : 0.008648830663679554,
    "receivedKBytesPerSec" : 4.824924175881756,
    "sentKBytesPerSec" : 0.06466549377111215
  },
  "7.6 First name search" : {
    "transaction" : "7.6 First name search",
    "sampleCount" : 30,
    "errorCount" : 0,
    "errorPct" : 0.0,
    "meanResTime" : 163.7333333333333,
    "medianResTime" : 158.5,
    "minResTime" : 151.0,
    "maxResTime" : 216.0,
    "pct1ResTime" : 180.9,
    "pct2ResTime" : 213.25,
    "pct3ResTime" : 216.0,
    "throughput" : 0.008654282196526055,
    "receivedKBytesPerSec" : 3.9271847987821693,
    "sentKBytesPerSec" : 0.06450341900039001
  },
  "1.2 Sign-in page" : {
    "transaction" : "1.2 Sign-in page",
    "sampleCount" : 101,
    "errorCount" : 0,
    "errorPct" : 0.0,
    "meanResTime" : 71.94059405940595,
    "medianResTime" : 27.0,
    "minResTime" : 15.0,
    "maxResTime" : 227.0,
    "pct1ResTime" : 183.6,
    "pct2ResTime" : 188.59999999999997,
    "pct3ResTime" : 226.64000000000007,
    "throughput" : 0.028219968225992213,
    "receivedKBytesPerSec" : 12.235796113768103,
    "sentKBytesPerSec" : 0.14500933703750685
  },
  "7.2 No Consent search" : {
    "transaction" : "7.2 No Consent search",
    "sampleCount" : 30,
    "errorCount" : 0,
    "errorPct" : 0.0,
    "meanResTime" : 105.60000000000002,
    "medianResTime" : 100.0,
    "minResTime" : 83.0,
    "maxResTime" : 161.0,
    "pct1ResTime" : 127.9,
    "pct2ResTime" : 159.9,
    "pct3ResTime" : 161.0,
    "throughput" : 0.00865771382100119,
    "receivedKBytesPerSec" : 3.9288772958092624,
    "sentKBytesPerSec" : 0.0646727276856084
  },
  "Check STS status" : {
    "transaction" : "Check STS status",
    "sampleCount" : 1,
    "errorCount" : 0,
    "errorPct" : 0.0,
    "meanResTime" : 31.0,
    "medianResTime" : 31.0,
    "minResTime" : 31.0,
    "maxResTime" : 31.0,
    "pct1ResTime" : 31.0,
    "pct2ResTime" : 31.0,
    "pct3ResTime" : 31.0,
    "throughput" : 32.25806451612903,
    "receivedKBytesPerSec" : 10.112147177419354,
    "sentKBytesPerSec" : 19.027217741935484
  },
  "Total" : {
    "transaction" : "Total",
    "sampleCount" : 648,
    "errorCount" : 0,
    "errorPct" : 0.0,
    "meanResTime" : 255.8657407407406,
    "medianResTime" : 168.0,
    "minResTime" : 3.0,
    "maxResTime" : 4196.0,
    "pct1ResTime" : 360.1,
    "pct2ResTime" : 719.6999999999966,
    "pct3ResTime" : 1941.02,
    "throughput" : 0.18020503328231233,
    "receivedKBytesPerSec" : 81.544854033054,
    "sentKBytesPerSec" : 1.218918596773579
  },
  "1.4 Open Sessions list" : {
    "transaction" : "1.4 Open Sessions list",
    "sampleCount" : 70,
    "errorCount" : 0,
    "errorPct" : 0.0,
    "meanResTime" : 383.47142857142865,
    "medianResTime" : 356.5,
    "minResTime" : 313.0,
    "maxResTime" : 761.0,
    "pct1ResTime" : 513.7,
    "pct2ResTime" : 536.5500000000001,
    "pct3ResTime" : 761.0,
    "throughput" : 0.07894716066536667,
    "receivedKBytesPerSec" : 39.2530690620598,
    "sentKBytesPerSec" : 0.566893039426212
  },
  "Reset vaccination list" : {
    "transaction" : "Reset vaccination list",
    "sampleCount" : 1,
    "errorCount" : 0,
    "errorPct" : 0.0,
    "meanResTime" : 3.0,
    "medianResTime" : 3.0,
    "minResTime" : 3.0,
    "maxResTime" : 3.0,
    "pct1ResTime" : 3.0,
    "pct2ResTime" : 3.0,
    "pct3ResTime" : 3.0,
    "throughput" : 333.3333333333333,
    "receivedKBytesPerSec" : 95.37760416666667,
    "sentKBytesPerSec" : 204.75260416666666
  },
  "1.1 Homepage" : {
    "transaction" : "1.1 Homepage",
    "sampleCount" : 101,
    "errorCount" : 0,
    "errorPct" : 0.0,
    "meanResTime" : 90.60396039603964,
    "medianResTime" : 49.0,
    "minResTime" : 30.0,
    "maxResTime" : 276.0,
    "pct1ResTime" : 189.8,
    "pct2ResTime" : 194.89999999999998,
    "pct3ResTime" : 275.0200000000002,
    "throughput" : 0.028226908572204713,
    "receivedKBytesPerSec" : 12.354146107107562,
    "sentKBytesPerSec" : 0.13990256319194352
  },
  "1.3 Sign-in" : {
    "transaction" : "1.3 Sign-in",
    "sampleCount" : 101,
    "errorCount" : 0,
    "errorPct" : 0.0,
    "meanResTime" : 268.6633663366338,
    "medianResTime" : 286.0,
    "minResTime" : 173.0,
    "maxResTime" : 679.0,
    "pct1ResTime" : 318.8,
    "pct2ResTime" : 339.29999999999995,
    "pct3ResTime" : 675.0200000000008,