{
  "4.3 Vaccination confirm" : {
    "transaction" : "4.3 Vaccination confirm",
    "sampleCount" : 1564,
    "errorCount" : 0,
    "errorPct" : 0.0,
    "meanResTime" : 817.4514066496157,
    "medianResTime" : 717.0,
    "minResTime" : 495.0,
    "maxResTime" : 2769.0,
    "pct1ResTime" : 1185.0,
    "pct2ResTime" : 1389.0,
    "pct3ResTime" : 1859.199999999999,
    "throughput" : 0.4514174913309947,
    "receivedKBytesPerSec" : 189.05939773368,
    "sentKBytesPerSec" : 4.618869002645151
  },
  "4.1 Vaccination questions" : {
    "transaction" : "4.1 Vaccination questions",
    "sampleCount" : 1594,
    "errorCount" : 0,
    "errorPct" : 0.0,
    "meanResTime" : 161.2509410288582,
    "medianResTime" : 125.0,
    "minResTime" : 91.0,
    "maxResTime" : 1027.0,
    "pct1ResTime" : 246.5,
    "pct2ResTime" : 352.75,
    "pct3ResTime" : 603.2499999999998,
    "throughput" : 0.45430578712610264,
    "receivedKBytesPerSec" : 186.16736132264188,
    "sentKBytesPerSec" : 4.230348845442691
  },
  "2.0 Register attendance" : {
    "transaction" : "2.0 Register attendance",
    "sampleCount" : 1616,
    "errorCount" : 17,
    "errorPct" : 1.0519803,
    "meanResTime" : 1321.797648514851,
    "medianResTime" : 1280.0,
    "minResTime" : 407.0,
    "maxResTime" : 3372.0,
    "pct1ResTime" : 1809.4999999999998,
    "pct2ResTime" : 2040.0,
    "pct3ResTime" : 2513.49,
    "throughput" : 0.45328347215139664,
    "receivedKBytesPerSec" : 948.4138476763998,
    "sentKBytesPerSec" : 16.679711922978694
  },
  "Reset counters" : {
    "transaction" : "Reset counters",
    "sampleCount" : 1,
    "errorCount" : 0,
    "errorPct" : 0.0,
    "meanResTime" : 40.0,
    "medianResTime" : 40.0,
    "minResTime" : 40.0,
    "maxResTime" : 40.0,
    "pct1ResTime" : 40.0,
    "pct2ResTime" : 40.0,
    "pct3ResTime" : 40.0,
    "throughput" : 25.0,
    "receivedKBytesPerSec" : 0.0,
    "sentKBytesPerSec" : 0.0
  },
  "1.0 Login" : {
    "transaction" : "1.0 Login",
    "sampleCount" : 1628,
    "errorCount" : 1,
    "errorPct" : 0.06142506,
    "meanResTime" : 801.4920147420152,
    "medianResTime" : 737.0,
    "minResTime" : 477.0,
    "maxResTime" : 2445.0,
    "pct1ResTime" : 1086.6000000000008,
    "pct2ResTime" : 1248.0,
    "pct3ResTime" : 1591.3900000000003,
    "throughput" : 0.45379664446928375,
    "receivedKBytesPerSec" : 785.1252086013349,
    "sentKBytesPerSec" : 14.848831377386404
  },
  "4.0 Vaccination for menacwy" : {
    "transaction" : "4.0 Vaccination for menacwy",
    "sampleCount" : 385,
    "errorCount" : 0,
    "errorPct" : 0.0,
    "meanResTime" : 1130.1168831168834,
    "medianResTime" : 1020.0,
    "minResTime" : 221.0,
    "maxResTime" : 3107.0,
    "pct1ResTime" : 1609.8000000000004,
    "pct2ResTime" : 1857.1999999999998,
    "pct3ResTime" : 2250.9399999999996,
    "throughput" : 0.110810308294425,
    "receivedKBytesPerSec" : 136.98023354567658,
    "sentKBytesPerSec" : 3.1273322894078874
  },
  "2.5 Select patient" : {
    "transaction" : "2.5 Select patient",
    "sampleCount" : 1613,
    "errorCount" : 0,
    "errorPct" : 0.0,
    "meanResTime" : 120.39057656540618,
    "medianResTime" : 95.0,
    "minResTime" : 64.0,
    "maxResTime" : 1010.0,
    "pct1ResTime" : 175.60000000000014,
    "pct2ResTime" : 262.29999999999995,
    "pct3ResTime" : 493.4399999999996,
    "throughput" : 0.4546716596924976,
    "receivedKBytesPerSec" : 191.6388729976865,
    "sentKBytesPerSec" : 3.2544996889635716
  },
  "Initialise vaccination list" : {
    "transaction" : "Initialise vaccination list",
    "sampleCount" : 1,
    "errorCount" : 0,
    "errorPct" : 0.0,
    "meanResTime" : 45.0,
    "medianResTime" : 45.0,
    "minResTime" : 45.0,
    "maxResTime" : 45.0,
    "pct1ResTime" : 45.0,
    "pct2ResTime" : 45.0,
    "pct3ResTime" : 45.0,
    "throughput" : 22.22222222222222,
    "receivedKBytesPerSec" : 6.358506944444445,
    "sentKBytesPerSec" : 13.715277777777779
  },
  "2.3 Search by first/last name" : {
    "transaction" : "2.3 Search by first/last name",
    "sampleCount" : 1621,
    "errorCount" : 0,
    "errorPct" : 0.0,
    "meanResTime" : 121.17334978408398,
    "medianResTime" : 99.0,
    "minResTime" : 67.0,
    "maxResTime" : 842.0,
    "pct1ResTime" : 175.79999999999995,
    "pct2ResTime" : 260.0,
    "pct3ResTime" : 470.3399999999999,
    "throughput" : 0.45380014932572466,
    "receivedKBytesPerSec" : 193.09594873529804,
    "sentKBytesPerSec" : 3.3691008058347056
  },
  "4.0 Vaccination for flu" : {
    "transaction" : "4.0 Vaccination for flu",
    "sampleCount" : 406,
    "errorCount" : 0,
    "errorPct" : 0.0,
    "meanResTime" : 1102.0418719211834,
    "medianResTime" : 1022.0,
    "minResTime" : 212.0,
    "maxResTime" : 2634.0,
    "pct1ResTime" : 1531.4,
    "pct2ResTime" : 1720.4499999999998,
    "pct3ResTime" : 2253.6600000000003,
    "throughput" : 0.11623738996098318,
    "receivedKBytesPerSec" : 143.54011644710397,
    "sentKBytesPerSec" : 3.277671620498092
  },
  "4.0 Vaccination for hpv" : {
    "transaction" : "4.0 Vaccination for hpv",
    "sampleCount" : 414,
    "errorCount" : 0,
    "errorPct" : 0.0,
    "meanResTime" : 1079.1545893719813,
    "medianResTime" : 999.5,
    "minResTime" : 213.0,
    "maxResTime" : 2915.0,
    "pct1ResTime" : 1529.5,
    "pct2ResTime" : 1704.25,
    "pct3ResTime" : 2479.4500000000044,
    "throughput" : 0.11858186402097352,
    "receivedKBytesPerSec" : 145.6129288151316,
    "sentKBytesPerSec" : 3.332238881267474
  },
  "1.2 Sign-in page" : {
    "transaction" : "1.2 Sign-in page",
    "sampleCount" : 1631,
    "errorCount" : 0,
    "errorPct" : 0.0,
    "meanResTime" : 143.33169834457416,
    "medianResTime" : 110.0,
    "minResTime" : 18.0,
    "maxResTime" : 1915.0,
    "pct1ResTime" : 232.5999999999999,
    "pct2ResTime" : 362.59999999999945,
    "pct3ResTime" : 607.7200000000003,
    "throughput" : 0.4536938776361742,
    "receivedKBytesPerSec" : 189.34893055263865,
    "sentKBytesPerSec" : 3.8171842597640846
  },
  "Debug Sampler" : {
    "transaction" : "Debug Sampler",
    "sampleCount" : 1621,
    "errorCount" : 0,
    "errorPct" : 0.0,
    "meanResTime" : 0.4083898827884022,
    "medianResTime" : 0.0,
    "minResTime" : 0.0,
    "maxResTime" : 17.0,
    "pct1ResTime" : 1.0,
    "pct2ResTime" : 1.0,
    "pct3ResTime" : 1.0,
    "throughput" : 0.4538217474404985,
    "receivedKBytesPerSec" : 2.6278854190026166,
    "sentKBytesPerSec" : 0.0
  },
  "2.4 Patient attending session" : {
    "transaction" : "2.4 Patient attending session",
    "sampleCount" : 1467,
    "errorCount" : 17,
    "errorPct" : 1.1588275,
    "meanResTime" : 665.7334696659857,
    "medianResTime" : 582.0,
    "minResTime" : 110.0,
    "maxResTime" : 2281.0,
    "pct1ResTime" : 978.6000000000001,
    "pct2ResTime" : 1146.7999999999993,
    "pct3ResTime" : 1591.2799999999997,
    "throughput" : 0.41177907084452603,
    "receivedKBytesPerSec" : 175.64736961031159,
    "sentKBytesPerSec" : 3.580928448912869
  },
  "Check STS status" : {
    "transaction" : "Check STS status",
    "sampleCount" : 1,
    "errorCount" : 0,
    "errorPct" : 0.0,
    "meanResTime" : 27.0,
    "medianResTime" : 27.0,
    "minResTime" : 27.0,
    "maxResTime" : 27.0,
    "pct1ResTime" : 27.0,
    "pct2ResTime" : 27.0,
    "pct3ResTime" : 27.0,
    "throughput" : 37.03703703703704,
    "receivedKBytesPerSec" : 11.574074074074074,
    "sentKBytesPerSec" : 21.846064814814817
  },
  "Total" : {
    "transaction" : "Total",
    "sampleCount" : 20844,
    "errorCount" : 18,
    "errorPct" : 0.08635578,
    "meanResTime" : 250.31908462866969,
    "medianResTime" : 128.0,
    "minResTime" : 0.0,
    "maxResTime" : 2769.0,
    "pct1ResTime" : 628.0,
    "pct2ResTime" : 786.0,
    "pct3ResTime" : 1241.9700000000048,
    "throughput" : 5.486608820900284,
    "receivedKBytesPerSec" : 2151.9287746609825,
    "sentKBytesPerSec" : 41.542822301663854
  },
  "1.4 Open Sessions list" : {
    "transaction" : "1.4 Open Sessions list",
    "sampleCount" : 1628,