{
  "1.4 Select Organisations-0" : {
    "transaction" : "1.4 Select Organisations-0",
    "sampleCount" : 70,
    "errorCount" : 0,
    "errorPct" : 0.0,
    "meanResTime" : 186.95714285714283,
    "medianResTime" : 164.5,
    "minResTime" : 154.0,
    "maxResTime" : 1385.0,
    "pct1ResTime" : 179.0,
    "pct2ResTime" : 203.4500000000001,
    "pct3ResTime" : 1385.0,
    "throughput" : 0.0753868421959541,
    "receivedKBytesPerSec" : 0.05469963256991591,
    "sentKBytesPerSec" : 0.06022112980106489
  },
  "1.4 Select Organisations-1" : {
    "transaction" : "1.4 Select Organisations-1",
    "sampleCount" : 70,
    "errorCount" : 0,
    "errorPct" : 0.0,
    "meanResTime" : 371.90000000000003,
    "medianResTime" : 183.0,
    "minResTime" : 169.0,
    "maxResTime" : 7500.0,
    "pct1ResTime" : 241.89999999999995,
    "pct2ResTime" : 1622.6500000000049,
    "pct3ResTime" : 7500.0,
    "throughput" : 0.07538732932847121,
    "receivedKBytesPerSec" : 1.0283302891211776,
    "sentKBytesPerSec" : 0.04873673048383588
  },
  "2.0 Register attendance" : {
    "transaction" : "2.0 Register attendance",
    "sampleCount" : 1000,
    "errorCount" : 618,
    "errorPct" : 61.8,
    "meanResTime" : 48069.54099999997,
    "medianResTime" : 58955.5,
    "minResTime" : 3422.0,
    "maxResTime" : 135658.0,
    "pct1ResTime" : 74884.0,
    "pct2ResTime" : 88745.0,
    "pct3ResTime" : 109723.6,
    "throughput" : 0.43891258529168814,
    "receivedKBytesPerSec" : 41.29779307139725,
    "sentKBytesPerSec" : 1.0053905700673467
  },
  "1.3 Sign-in-1" : {
    "transaction" : "1.3 Sign-in-1",
    "sampleCount" : 70,
    "errorCount" : 0,
    "errorPct" : 0.0,
    "meanResTime" : 509.2285714285714,
    "medianResTime" : 170.0,
    "minResTime" : 159.0,
    "maxResTime" : 12073.0,
    "pct1ResTime" : 208.2,
    "pct2ResTime" : 1973.700000000009,
    "pct3ResTime" : 12073.0,
    "throughput" : 0.07537328619990502,
    "receivedKBytesPerSec" : 0.6779179354503176,
    "sentKBytesPerSec" : 0.04975814596790605
  },
  "1.3 Sign-in-0" : {
    "transaction" : "1.3 Sign-in-0",
    "sampleCount" : 70,
    "errorCount" : 0,
    "errorPct" : 0.0,
    "meanResTime" : 1579.4142857142856,
    "medianResTime" : 416.5,
    "minResTime" : 369.0,
    "maxResTime" : 27968.0,
    "pct1ResTime" : 1504.8,
    "pct2ResTime" : 10637.15000000002,
    "pct3ResTime" : 27968.0,
    "throughput" : 0.07538830361239211,
    "receivedKBytesPerSec" : 0.05352275070918854,
    "sentKBytesPerSec" : 0.06883599988045569
  },
  "1.4 Select Organisations" : {
    "transaction" : "1.4 Select Organisations",
    "sampleCount" : 70,
    "errorCount" : 0,
    "errorPct" : 0.0,
    "meanResTime" : 558.9714285714286,
    "medianResTime" : 352.5,
    "minResTime" : 323.0,
    "maxResTime" : 7664.0,
    "pct1ResTime" : 421.79999999999995,
    "pct2ResTime" : 2135.300000000003,
    "pct3ResTime" : 7664.0,
    "throughput" : 0.07537231230409928,
    "receivedKBytesPerSec" : 1.082814537407817,
    "sentKBytesPerSec" : 0.1089365451270185
  },
  "2.4 Patient attending session-1" : {
    "transaction" : "2.4 Patient attending session-1",
    "sampleCount" : 401,
    "errorCount" : 11,
    "errorPct" : 2.7431421,
    "meanResTime" : 4257.625935162094,
    "medianResTime" : 742.0,
    "minResTime" : 365.0,
    "maxResTime" : 60447.0,
    "pct1ResTime" : 12508.200000000003,
    "pct2ResTime" : 20754.89999999999,
    "pct3ResTime" : 60334.36000000009,
    "throughput" : 0.1762838829932212,
    "receivedKBytesPerSec" : 9.26506298522029,
    "sentKBytesPerSec" : 0.11775212496812823
  },
  "2.4 Patient attending session-0" : {
    "transaction" : "2.4 Patient attending session-0",
    "sampleCount" : 401,
    "errorCount" : 0,
    "errorPct" : 0.0,
    "meanResTime" : 3605.4314214463843,
    "medianResTime" : 368.0,
    "minResTime" : 206.0,
    "maxResTime" : 28618.0,
    "pct1ResTime" : 14027.000000000002,
    "pct2ResTime" : 19148.799999999996,
    "pct3ResTime" : 27744.16000000001,
    "throughput" : 0.17630705742641817,
    "receivedKBytesPerSec" : 0.1310362325017444,
    "sentKBytesPerSec" : 0.14428253332357271
  },
  "2.3 Search by first/last name" : {
    "transaction" : "2.3 Search by first/last name",
    "sampleCount" : 463,
    "errorCount" : 34,
    "errorPct" : 7.3434124,
    "meanResTime" : 8223.704103671702,
    "medianResTime" : 1018.0,
    "minResTime" : 367.0,
    "maxResTime" : 60447.0,
    "pct1ResTime" : 25100.20000000001,
    "pct2ResTime" : 51653.19999999987,
    "pct3ResTime" : 60439.36,
    "throughput" : 0.20365022128817784,
    "receivedKBytesPerSec" : 11.511610193133425,
    "sentKBytesPerSec" : 0.17564462181428156
  },
  "1.2 Sign-in page" : {
    "transaction" : "1.2 Sign-in page",
    "sampleCount" : 70,
    "errorCount" : 0,
    "errorPct" : 0.0,
    "meanResTime" : 378.78571428571416,
    "medianResTime" : 161.0,
    "minResTime" : 148.0,
    "maxResTime" : 3513.0,
    "pct1ResTime" : 586.0999999999997,
    "pct2ResTime" : 2533.3000000000006,
    "pct3ResTime" : 3513.0,
    "throughput" : 0.07872528026199774,
    "receivedKBytesPerSec" : 0.4744274457976445,
    "sentKBytesPerSec" : 0.04743505656411387
  },
  "3.0 Nurse triage" : {
    "transaction" : "3.0 Nurse triage",
    "sampleCount" : 379,
    "errorCount" : 20,
    "errorPct" : 5.277045,
    "meanResTime" : 8719.187335092347,
    "medianResTime" : 1974.0,
    "minResTime" : 873.0,
    "maxResTime" : 89348.0,
    "pct1ResTime" : 26963.0,
    "pct2ResTime" : 40412.0,
    "pct3ResTime" : 69687.59999999995,
    "throughput" : 0.16780016638338396,
    "receivedKBytesPerSec" : 18.081420001436705,
    "sentKBytesPerSec" : 0.4911459020509696
  },
  "4.2 Vaccination batch-2" : {
    "transaction" : "4.2 Vaccination batch-2",
    "sampleCount" : 351,
    "errorCount" : 0,
    "errorPct" : 0.0,
    "meanResTime" : 0.34472934472934486,
    "medianResTime" : 0.0,
    "minResTime" : 0.0,
    "maxResTime" : 5.0,
    "pct1ResTime" : 1.0,
    "pct2ResTime" : 1.0,
    "pct3ResTime" : 1.0,
    "throughput" : 0.15553870675990716,
    "receivedKBytesPerSec" : 0.7653901790655979,
    "sentKBytesPerSec" : 0.0
  },
  "2.4 Patient attending session" : {
    "transaction" : "2.4 Patient attending session",
    "sampleCount" : 427,
    "errorCount" : 37,
    "errorPct" : 8.665106,
    "meanResTime" : 10308.007025761117,
    "medianResTime" : 1379.0,
    "minResTime" : 577.0,
    "maxResTime" : 88719.0,
    "pct1ResTime" : 32238.8,
    "pct2ResTime" : 51158.59999999997,
    "pct3ResTime" : 67511.4799999997,
    "throughput" : 0.1876825729478647,
    "receivedKBytesPerSec" : 9.40215011993334,
    "sentKBytesPerSec" : 0.27132435411042416
  },
  "4.2 Vaccination batch-0" : {
    "transaction" : "4.2 Vaccination batch-0",
    "sampleCount" : 352,
    "errorCount" : 0,
    "errorPct" : 0.0,
    "meanResTime" : 727.596590909091,
    "medianResTime" : 179.0,
    "minResTime" : 1.0,
    "maxResTime" : 23432.0,
    "pct1ResTime" : 542.9999999999994,
    "pct2ResTime" : 4858.749999999998,
    "pct3ResTime" : 8970.659999999969,
    "throughput" : 0.15594521183960858,
    "receivedKBytesPerSec" : 0.1184947906214018,
    "sentKBytesPerSec" : 0.13970899493753997
  },
  "4.2 Vaccination batch-1" : {
    "transaction" : "4.2 Vaccination batch-1",
    "sampleCount" : 351,
    "errorCount" : 0,
    "errorPct" : 0.0,
    "meanResTime" : 791.8888888888893,
    "medianResTime" : 203.0,
    "minResTime" : 178.0,
    "maxResTime" : 15876.0,
    "pct1ResTime" : 1174.0000000000014,
    "pct2ResTime" : 5615.999999999983,
    "pct3ResTime" : 11483.480000000032,
    "throughput" : 0.15552395844364383,
    "receivedKBytesPerSec" : 2.1157132728621324,
    "sentKBytesPerSec" : 0.11048127354182996
  },
  "1.1 Homepage" : {
    "transaction" : "1.1 Homepage",
    "sampleCount" : 70,
    "errorCount" : 0,
    "errorPct" : 0.0,
    "meanResTime" : 784.2857142857141,
    "medianResTime" : 471.0,
    "minResTime" : 441.0,
    "maxResTime" : 15894.0,
    "pct1ResTime" : 494.0,