{
  "7.3 Safe to vaccinate" : {
    "transaction" : "7.3 Safe to vaccinate",
    "sampleCount" : 28,
    "errorCount" : 0,
    "errorPct" : 0.0,
    "meanResTime" : 157.7142857142857,
    "medianResTime" : 82.5,
    "minResTime" : 61.0,
    "maxResTime" : 952.0,
    "pct1ResTime" : 494.70000000000056,
    "pct2ResTime" : 906.9999999999998,
    "pct3ResTime" : 952.0,
    "throughput" : 0.008152142266528469,
    "receivedKBytesPerSec" : 3.2950582596122495,
    "sentKBytesPerSec" : 0.035800676391250424
  },
  "2.0 Register attendance" : {
    "transaction" : "2.0 Register attendance",
    "sampleCount" : 1630,
    "errorCount" : 4,
    "errorPct" : 0.24539877,
    "meanResTime" : 2173.8202453987715,
    "medianResTime" : 1936.0,
    "minResTime" : 502.0,
    "maxResTime" : 10395.0,
    "pct1ResTime" : 3847.9,
    "pct2ResTime" : 4595.049999999998,
    "pct3ResTime" : 6390.330000000004,
    "throughput" : 0.45665682379770384,
    "receivedKBytesPerSec" : 851.1479970397852,
    "sentKBytesPerSec" : 8.975920205961332
  },
  "2.5 Select patient" : {
    "transaction" : "2.5 Select patient",
    "sampleCount" : 1626,
    "errorCount" : 0,
    "errorPct" : 0.0,
    "meanResTime" : 213.20787207872056,
    "medianResTime" : 113.0,
    "minResTime" : 61.0,
    "maxResTime" : 1978.0,
    "pct1ResTime" : 462.0,
    "pct2ResTime" : 779.5999999999995,
    "pct3ResTime" : 1444.6000000000004,
    "throughput" : 0.4568077844991016,
    "receivedKBytesPerSec" : 185.85357489228073,
    "sentKBytesPerSec" : 1.903448898334
  },
  "2.3 Search by first/last name" : {
    "transaction" : "2.3 Search by first/last name",
    "sampleCount" : 1637,
    "errorCount" : 0,
    "errorPct" : 0.0,
    "meanResTime" : 174.3585827733659,
    "medianResTime" : 106.0,
    "minResTime" : 60.0,
    "maxResTime" : 2914.0,
    "pct1ResTime" : 322.4000000000001,
    "pct2ResTime" : 536.0999999999999,
    "pct3ResTime" : 1260.9199999999983,
    "throughput" : 0.45881137863430044,
    "receivedKBytesPerSec" : 186.78575341796258,
    "sentKBytesPerSec" : 1.9869819803722903
  },
  "4.0 Vaccination for flu" : {
    "transaction" : "4.0 Vaccination for flu",
    "sampleCount" : 404,
    "errorCount" : 0,
    "errorPct" : 0.0,
    "meanResTime" : 2279.3341584158425,
    "medianResTime" : 1937.0,
    "minResTime" : 303.0,
    "maxResTime" : 7690.0,
    "pct1ResTime" : 3784.0,
    "pct2ResTime" : 4500.75,
    "pct3ResTime" : 6063.099999999997,
    "throughput" : 0.11499016321772079,
    "receivedKBytesPerSec" : 136.51807479836162,
    "sentKBytesPerSec" : 1.9362073568657097
  },
  "4.0 Vaccination for hpv" : {
    "transaction" : "4.0 Vaccination for hpv",
    "sampleCount" : 411,
    "errorCount" : 0,
    "errorPct" : 0.0,
    "meanResTime" : 2304.2700729927,
    "medianResTime" : 1990.0,
    "minResTime" : 220.0,
    "maxResTime" : 9176.0,
    "pct1ResTime" : 3653.4,
    "pct2ResTime" : 4435.0,
    "pct3ResTime" : 7299.199999999998,
    "throughput" : 0.1176670320738571,
    "receivedKBytesPerSec" : 139.59036724952526,
    "sentKBytesPerSec" : 1.9860016156492284
  },
  "1.2 Sign-in page" : {
    "transaction" : "1.2 Sign-in page",
    "sampleCount" : 1681,
    "errorCount" : 0,
    "errorPct" : 0.0,
    "meanResTime" : 286.86793575252796,
    "medianResTime" : 136.0,
    "minResTime" : 13.0,
    "maxResTime" : 3301.0,
    "pct1ResTime" : 680.0,
    "pct2ResTime" : 1121.9999999999986,
    "pct3ResTime" : 2081.1600000000008,
    "throughput" : 0.46744928967729593,
    "receivedKBytesPerSec" : 188.83747067275365,
    "sentKBytesPerSec" : 2.329026579174258
  },
  "7.1 Name search" : {
    "transaction" : "7.1 Name search",
    "sampleCount" : 28,
    "errorCount" : 0,
    "errorPct" : 0.0,
    "meanResTime" : 7312.857142857142,
    "medianResTime" : 7243.5,
    "minResTime" : 5808.0,
    "maxResTime" : 14086.0,
    "pct1ResTime" : 8784.2,
    "pct2ResTime" : 11709.099999999984,
    "pct3ResTime" : 14086.0,
    "throughput" : 0.008114824770502613,
    "receivedKBytesPerSec" : 3.2803245160086654,
    "sentKBytesPerSec" : 0.03521027901955528
  },
  "2.4 Patient attending session" : {
    "transaction" : "2.4 Patient attending session",
    "sampleCount" : 899,
    "errorCount" : 4,
    "errorPct" : 0.4449388,
    "meanResTime" : 1558.2191323692994,
    "medianResTime" : 1266.0,
    "minResTime" : 107.0,
    "maxResTime" : 6805.0,
    "pct1ResTime" : 2505.0,
    "pct2ResTime" : 3224.0,
    "pct3ResTime" : 4736.0,
    "throughput" : 0.2619818063980678,
    "receivedKBytesPerSec" : 106.99821353460592,
    "sentKBytesPerSec" : 1.3386418374308182
  },
  "Check STS status" : {
    "transaction" : "Check STS status",
    "sampleCount" : 1,
    "errorCount" : 0,
    "errorPct" : 0.0,
    "meanResTime" : 29.0,
    "medianResTime" : 29.0,
    "minResTime" : 29.0,
    "maxResTime" : 29.0,
    "pct1ResTime" : 29.0,
    "pct2ResTime" : 29.0,
    "pct3ResTime" : 29.0,
    "throughput" : 34.48275862068965,
    "receivedKBytesPerSec" : 10.809536637931034,
    "sentKBytesPerSec" : 20.339439655172413
  },
  "1.1 Homepage" : {
    "transaction" : "1.1 Homepage",
    "sampleCount" : 1682,
    "errorCount" : 0,
    "errorPct" : 0.0,
    "meanResTime" : 283.71700356718276,
    "medianResTime" : 143.0,
    "minResTime" : 26.0,
    "maxResTime" : 5187.0,
    "pct1ResTime" : 594.7,
    "pct2ResTime" : 1066.3999999999978,
    "pct3ResTime" : 2023.9100000000017,
    "throughput" : 0.46752455476763866,
    "receivedKBytesPerSec" : 188.75784737063995,
    "sentKBytesPerSec" : 2.320880176125005
  },
  "1.3 Sign-in" : {
    "transaction" : "1.3 Sign-in",
    "sampleCount" : 1680,
    "errorCount" : 1,
    "errorPct" : 0.05952381,
    "meanResTime" : 310.60773809523795,
    "medianResTime" : 152.0,
    "minResTime" : 69.0,
    "maxResTime" : 5815.0,
    "pct1ResTime" : 707.8000000000002,
    "pct2ResTime" : 1150.749999999999,
    "pct3ResTime" : 1969.4700000000007,
    "throughput" : 0.4679423294503404,
    "receivedKBytesPerSec" : 189.268809601717,
    "sentKBytesPerSec" : 2.445207846212564
  },
  "Run some searches" : {
    "transaction" : "Run some searches",
    "sampleCount" : 28,
    "errorCount" : 0,
    "errorPct" : 0.0,
    "meanResTime" : 12293.57142857143,
    "medianResTime" : 11727.5,
    "minResTime" : 9841.0,
    "maxResTime" : 19797.0,
    "pct1ResTime" : 14798.100000000008,
    "pct2ResTime" : 19528.35,
    "pct3ResTime" : 19797.0,
    "throughput" : 0.008076966568281522,
    "receivedKBytesPerSec" : 18.09729236507788,
    "sentKBytesPerSec" : 0.17710845065608044
  },
  "4.0 Vaccination for td_ipv" : {
    "transaction" : "4.0 Vaccination for td_ipv",
    "sampleCount" : 409,
    "errorCount" : 0,
    "errorPct" : 0.0,
    "meanResTime" : 2467.2713936430305,
    "medianResTime" : 2085.0,
    "minResTime" : 453.0,
    "maxResTime" : 8002.0,
    "pct1ResTime" : 4076.0,
    "pct2ResTime" : 5026.5,
    "pct3ResTime" : 7584.999999999994,
    "throughput" : 0.11784352684642654,
    "receivedKBytesPerSec" : 140.9191870389444,
    "sentKBytesPerSec" : 1.9948453046197543
  },
  "2.1 Open session" : {
    "transaction" : "2.1 Open session",
    "sampleCount" : 1647,
    "errorCount" : 0,
    "errorPct" : 0.0,
    "meanResTime" : 693.9344262295082,
    "medianResTime" : 529.0,
    "minResTime" : 203.0,
    "maxResTime" : 5591.0,
    "pct1ResTime" : 1304.8000000000002,
    "pct2ResTime" : 1778.3999999999992,
    "pct3ResTime" : 3061.4399999999973,
    "throughput" : 0.4600011283573519,
    "receivedKBytesPerSec" : 185.3443804919268,
    "sentKBytesPerSec" : 1.9185672559459406
  },
  "4.3 Vaccination confirm" : {
    "transaction" : "4.3 Vaccination confirm",
    "sampleCount" : 1587,
    "errorCount" : 0,
    "errorPct" : 0.0,
    "meanResTime" : 1824.4700693131672,
    "medianResTime" : 1473.0,
    "minResTime" : 866.0,
    "maxResTime" : 8698.0,
    "pct1ResTime" : 3109.0,
    "pct2ResTime" : 3871.9999999999973,
    "pct3ResTime" : 5861.519999999992,
    "throughput" : 0.45587846228489043,