{
  "7.3 Safe to vaccinate" : {
    "transaction" : "7.3 Safe to vaccinate",
    "sampleCount" : 10,
    "errorCount" : 0,
    "errorPct" : 0.0,
    "meanResTime" : 139.0,
    "medianResTime" : 106.0,
    "minResTime" : 77.0,
    "maxResTime" : 460.0,
    "pct1ResTime" : 428.2000000000001,
    "pct2ResTime" : 460.0,
    "pct3ResTime" : 460.0,
    "throughput" : 0.006522918927945228,
    "receivedKBytesPerSec" : 2.6696256019838804,
    "sentKBytesPerSec" : 0.028523119222324558
  },
  "2.0 Register attendance" : {
    "transaction" : "2.0 Register attendance",
    "sampleCount" : 855,
    "errorCount" : 13,
    "errorPct" : 1.5204679,
    "meanResTime" : 1384.2187134502924,
    "medianResTime" : 1340.0,
    "minResTime" : 475.0,
    "maxResTime" : 4253.0,
    "pct1ResTime" : 1910.8,
    "pct2ResTime" : 2159.399999999999,
    "pct3ResTime" : 3197.239999999999,
    "throughput" : 0.4855160069800734,
    "receivedKBytesPerSec" : 958.9645965667205,
    "sentKBytesPerSec" : 10.217919827075383
  },
  "2.5 Select patient" : {
    "transaction" : "2.5 Select patient",
    "sampleCount" : 851,
    "errorCount" : 0,
    "errorPct" : 0.0,
    "meanResTime" : 131.0282021151587,
    "medianResTime" : 103.0,
    "minResTime" : 60.0,
    "maxResTime" : 1230.0,
    "pct1ResTime" : 227.80000000000007,
    "pct2ResTime" : 288.4,
    "pct3ResTime" : 495.6800000000003,
    "throughput" : 0.48212238090274157,
    "receivedKBytesPerSec" : 196.0816565526366,
    "sentKBytesPerSec" : 2.0032003900460706
  },
  "7.1 Full name search" : {
    "transaction" : "7.1 Full name search",
    "sampleCount" : 10,
    "errorCount" : 0,
    "errorPct" : 0.0,
    "meanResTime" : 6566.3,
    "medianResTime" : 6484.0,
    "minResTime" : 6075.0,
    "maxResTime" : 7741.0,
    "pct1ResTime" : 7658.1,
    "pct2ResTime" : 7741.0,
    "pct3ResTime" : 7741.0,
    "throughput" : 0.006456015489272362,
    "receivedKBytesPerSec" : 3.2044540060948012,
    "sentKBytesPerSec" : 0.027913440407426226
  },
  "2.3 Search by first/last name" : {
    "transaction" : "2.3 Search by first/last name",
    "sampleCount" : 861,
    "errorCount" : 0,
    "errorPct" : 0.0,
    "meanResTime" : 120.65272938443667,
    "medianResTime" : 95.0,
    "minResTime" : 56.0,
    "maxResTime" : 1645.0,
    "pct1ResTime" : 187.80000000000007,
    "pct2ResTime" : 243.89999999999998,
    "pct3ResTime" : 530.1399999999998,
    "throughput" : 0.48569813606994056,
    "receivedKBytesPerSec" : 197.96021767004794,
    "sentKBytesPerSec" : 2.097713824408842
  },
  "4.0 Vaccination for flu" : {
    "transaction" : "4.0 Vaccination for flu",
    "sampleCount" : 211,
    "errorCount" : 1,
    "errorPct" : 0.47393364,
    "meanResTime" : 1067.8151658767772,
    "medianResTime" : 1021.0,
    "minResTime" : 138.0,
    "maxResTime" : 2928.0,
    "pct1ResTime" : 1479.0,
    "pct2ResTime" : 1676.5999999999985,
    "pct3ResTime" : 2368.5999999999995,
    "throughput" : 0.12352147429611784,
    "receivedKBytesPerSec" : 145.71231376192407,
    "sentKBytesPerSec" : 2.0583409832982578
  },
  "4.0 Vaccination for hpv" : {
    "transaction" : "4.0 Vaccination for hpv",
    "sampleCount" : 219,
    "errorCount" : 0,
    "errorPct" : 0.0,
    "meanResTime" : 1109.4429223744285,
    "medianResTime" : 1043.0,
    "minResTime" : 182.0,
    "maxResTime" : 3719.0,
    "pct1ResTime" : 1490.0,
    "pct2ResTime" : 1686.0,
    "pct3ResTime" : 2448.400000000005,
    "throughput" : 0.12984241044431005,
    "receivedKBytesPerSec" : 153.71870815046452,
    "sentKBytesPerSec" : 2.180734247899695
  },
  "7.6 First name search" : {
    "transaction" : "7.6 First name search",
    "sampleCount" : 10,
    "errorCount" : 0,
    "errorPct" : 0.0,
    "meanResTime" : 5399.5,
    "medianResTime" : 5370.5,
    "minResTime" : 4849.0,
    "maxResTime" : 6442.0,
    "pct1ResTime" : 6393.900000000001,
    "pct2ResTime" : 6442.0,
    "pct3ResTime" : 6442.0,
    "throughput" : 0.006496054296620233,
    "receivedKBytesPerSec" : 3.183365398466347,
    "sentKBytesPerSec" : 0.0280351687041541
  },
  "1.2 Sign-in page" : {
    "transaction" : "1.2 Sign-in page",
    "sampleCount" : 883,
    "errorCount" : 0,
    "errorPct" : 0.0,
    "meanResTime" : 202.11551528878817,
    "medianResTime" : 117.0,
    "minResTime" : 14.0,
    "maxResTime" : 6818.0,
    "pct1ResTime" : 246.60000000000002,
    "pct2ResTime" : 349.5999999999999,
    "pct3ResTime" : 4716.799999999995,
    "throughput" : 0.49392246032678316,
    "receivedKBytesPerSec" : 198.92300297986134,
    "sentKBytesPerSec" : 2.425758678603592
  },
  "2.4 Patient attending session" : {
    "transaction" : "2.4 Patient attending session",
    "sampleCount" : 716,
    "errorCount" : 13,
    "errorPct" : 1.8156425,
    "meanResTime" : 653.2667597765367,
    "medianResTime" : 579.5,
    "minResTime" : 48.0,
    "maxResTime" : 2778.0,
    "pct1ResTime" : 939.6000000000001,
    "pct2ResTime" : 1114.6999999999996,
    "pct3ResTime" : 1778.4200000000112,
    "throughput" : 0.4080502152521876,
    "receivedKBytesPerSec" : 166.75791748673268,
    "sentKBytesPerSec" : 2.075094716910889
  },
  "Check STS status" : {
    "transaction" : "Check STS status",
    "sampleCount" : 1,
    "errorCount" : 0,
    "errorPct" : 0.0,
    "meanResTime" : 31.0,
    "medianResTime" : 31.0,
    "minResTime" : 31.0,
    "maxResTime" : 31.0,
    "pct1ResTime" : 31.0,
    "pct2ResTime" : 31.0,
    "pct3ResTime" : 31.0,
    "throughput" : 32.25806451612903,
    "receivedKBytesPerSec" : 10.112147177419354,
    "sentKBytesPerSec" : 19.027217741935484
  },
  "1.1 Homepage" : {
    "transaction" : "1.1 Homepage",
    "sampleCount" : 885,
    "errorCount" : 0,
    "errorPct" : 0.0,
    "meanResTime" : 210.76158192090392,
    "medianResTime" : 128.0,
    "minResTime" : 29.0,
    "maxResTime" : 6653.0,
    "pct1ResTime" : 273.9999999999999,
    "pct2ResTime" : 378.39999999999986,
    "pct3ResTime" : 4610.319999999998,
    "throughput" : 0.49185903820160776,
    "receivedKBytesPerSec" : 197.87944742954326,
    "sentKBytesPerSec" : 2.4021222223858665
  },
  "1.3 Sign-in" : {
    "transaction" : "1.3 Sign-in",
    "sampleCount" : 883,
    "errorCount" : 0,
    "errorPct" : 0.0,
    "meanResTime" : 238.82559456398636,
    "medianResTime" : 130.0,
    "minResTime" : 71.0,
    "maxResTime" : 5977.0,
    "pct1ResTime" : 363.20000000000005,
    "pct2ResTime" : 465.79999999999995,
    "pct3ResTime" : 4637.839999999991,
    "throughput" : 0.49417317775739394,
    "receivedKBytesPerSec" : 199.36463895171764,
    "sentKBytesPerSec" : 2.5844245231270806
  },
  "Run some searches" : {
    "transaction" : "Run some searches",
    "sampleCount" : 10,
    "errorCount" : 0,
    "errorPct" : 0.0,
    "meanResTime" : 27949.1,
    "medianResTime" : 26446.5,
    "minResTime" : 23884.0,
    "maxResTime" : 41577.0,
    "pct1ResTime" : 40421.3,
    "pct2ResTime" : 41577.0,
    "pct3ResTime" : 41577.0,
    "throughput" : 0.006393767866585082,
    "receivedKBytesPerSec" : 24.871292453819414,
    "sentKBytesPerSec" : 0.2224388094436591
  },
  "4.0 Vaccination for td_ipv" : {
    "transaction" : "4.0 Vaccination for td_ipv",
    "sampleCount" : 200,
    "errorCount" : 0,
    "errorPct" : 0.0,
    "meanResTime" : 1143.4000000000003,
    "medianResTime" : 1079.0,
    "minResTime" : 217.0,
    "maxResTime" : 3884.0,
    "pct1ResTime" : 1581.6000000000004,
    "pct2ResTime" : 1801.75,
    "pct3ResTime" : 3276.6000000000067,
    "throughput" : 0.11827677830614643,
    "receivedKBytesPerSec" : 140.69902925073436,
    "sentKBytesPerSec" : 1.9856395635675588
  },
  "2.1 Open session" : {
    "transaction" : "2.1 Open session",
    "sampleCount" : 870,
    "errorCount" : 0,
    "errorPct" : 0.0,
    "meanResTime" : 443.1689655172416,
    "medianResTime" : 383.0,
    "minResTime" : 203.0,
    "maxResTime" : 2165.0,
    "pct1ResTime" : 685.8,
    "pct2ResTime" : 837.0,
    "pct3ResTime" : 1231.659999999998,
    "throughput" : 0.48812701177059376,
    "receivedKBytesPerSec" : 196.77248182130145,