{
  "1.2 Sign-in page" : {
    "transaction" : "1.2 Sign-in page",
    "sampleCount" : 70,
    "errorCount" : 70,
    "errorPct" : 100.0,
    "meanResTime" : 8.35714285714286,
    "medianResTime" : 8.0,
    "minResTime" : 6.0,
    "maxResTime" : 22.0,
    "pct1ResTime" : 10.899999999999999,
    "pct2ResTime" : 15.0,
    "pct3ResTime" : 22.0,
    "throughput" : 0.23710729104919975,
    "receivedKBytesPerSec" : 0.15189685832839359,
    "sentKBytesPerSec" : 0.1417086544161233
  },
  "1.0 Login" : {
    "transaction" : "1.0 Login",
    "sampleCount" : 70,
    "errorCount" : 70,
    "errorPct" : 100.0,
    "meanResTime" : 100.17142857142859,
    "medianResTime" : 94.5,
    "minResTime" : 71.0,
    "maxResTime" : 190.0,
    "pct1ResTime" : 127.6,
    "pct2ResTime" : 146.9,
    "pct3ResTime" : 190.0,
    "throughput" : 0.2366447826586703,
    "receivedKBytesPerSec" : 92.46617564282865,
    "sentKBytesPerSec" : 1.3327445913989762
  },
  "Total" : {
    "transaction" : "Total",
    "sampleCount" : 280,
    "errorCount" : 210,
    "errorPct" : 75.0,
    "meanResTime" : 25.042857142857134,
    "medianResTime" : 24.5,
    "minResTime" : 6.0,
    "maxResTime" : 129.0,
    "pct1ResTime" : 43.900000000000006,
    "pct2ResTime" : 54.0,
    "pct3ResTime" : 89.94999999999999,
    "throughput" : 0.9082092384341175,
    "receivedKBytesPerSec" : 88.71802921027964,
    "sentKBytesPerSec" : 1.2787213569456923
  },
  "1.4 Open Sessions list" : {
    "transaction" : "1.4 Open Sessions list",
    "sampleCount" : 70,
    "errorCount" : 70,
    "errorPct" : 100.0,
    "meanResTime" : 39.371428571428574,
    "medianResTime" : 33.5,
    "minResTime" : 26.0,
    "maxResTime" : 129.0,
    "pct1ResTime" : 56.9,
    "pct2ResTime" : 71.85000000000004,
    "pct3ResTime" : 129.0,
    "throughput" : 0.23686098290540447,
    "receivedKBytesPerSec" : 0.33840587694395197,
    "sentKBytesPerSec" : 0.29260658532747724
  },
  "1.1 Homepage" : {
    "transaction" : "1.1 Homepage",
    "sampleCount" : 70,
    "errorCount" : 70,
    "errorPct" : 100.0,
    "meanResTime" : 15.042857142857143,
    "medianResTime" : 14.0,
    "minResTime" : 11.0,
    "maxResTime" : 24.0,
    "pct1ResTime" : 19.0,
    "pct2ResTime" : 23.0,
    "pct3ResTime" : 24.0,
    "throughput" : 0.23669919589901736,
    "receivedKBytesPerSec" : 0.151635422372808,
    "sentKBytesPerSec" : 0.13961554133106102
  },
  "1.3 Sign-in" : {
    "transaction" : "1.3 Sign-in",
    "sampleCount" : 70,
    "errorCount" : 0,
    "errorPct" : 0.0,
    "meanResTime" : 37.40000000000001,
    "medianResTime" : 34.0,
    "minResTime" : 25.0,
    "maxResTime" : 94.0,
    "pct1ResTime" : 48.0,
    "pct2ResTime" : 61.60000000000002,
    "pct3ResTime" : 94.0,
    "throughput" : 0.2364944761647353,
    "receivedKBytesPerSec" : 91.7665543493868,
    "sentKBytesPerSec" : 0.7589070787864455
  }
}