{
  "2.0 Register attendance" : {
    "transaction" : "2.0 Register attendance",
    "sampleCount" : 1110,
    "errorCount" : 4,
    "errorPct" : 0.36036035,
    "meanResTime" : 1018.4585585585588,
    "medianResTime" : 927.0,
    "minResTime" : 423.0,
    "maxResTime" : 4201.0,
    "pct1ResTime" : 1408.6,
    "pct2ResTime" : 1715.350000000001,
    "pct3ResTime" : 2631.580000000002,
    "throughput" : 0.4202426731068541,
    "receivedKBytesPerSec" : 67.73995702829369,
    "sentKBytesPerSec" : 15.735025686978458
  },
  "2.5 Select patient" : {
    "transaction" : "2.5 Select patient",
    "sampleCount" : 1110,
    "errorCount" : 0,
    "errorPct" : 0.0,
    "meanResTime" : 126.92882882882876,
    "medianResTime" : 90.0,
    "minResTime" : 74.0,
    "maxResTime" : 2014.0,
    "pct1ResTime" : 196.69999999999993,
    "pct2ResTime" : 315.7000000000003,
    "pct3ResTime" : 653.9200000000028,
    "throughput" : 0.41991231776845733,
    "receivedKBytesPerSec" : 10.692482507318202,
    "sentKBytesPerSec" : 3.0292544943858477
  },
  "7.1 Full name search" : {
    "transaction" : "7.1 Full name search",
    "sampleCount" : 181,
    "errorCount" : 0,
    "errorPct" : 0.0,
    "meanResTime" : 537.5856353591159,
    "medianResTime" : 248.0,
    "minResTime" : 144.0,
    "maxResTime" : 5865.0,
    "pct1ResTime" : 924.0000000000001,
    "pct2ResTime" : 2626.200000000003,
    "pct3ResTime" : 5511.580000000003,
    "throughput" : 0.051445080954945765,
    "receivedKBytesPerSec" : 1.906155105942049,
    "sentKBytesPerSec" : 0.38113892498966123
  },
  "2.3 Search by first/last name" : {
    "transaction" : "2.3 Search by first/last name",
    "sampleCount" : 1110,
    "errorCount" : 0,
    "errorPct" : 0.0,
    "meanResTime" : 123.31351351351356,
    "medianResTime" : 88.0,
    "minResTime" : 70.0,
    "maxResTime" : 1686.0,
    "pct1ResTime" : 183.89999999999998,
    "pct2ResTime" : 275.45000000000005,
    "pct3ResTime" : 665.8100000000029,
    "throughput" : 0.42037110815883516,
    "receivedKBytesPerSec" : 13.359638945006749,
    "sentKBytesPerSec" : 3.1445618428861093
  },
  "4.0 Vaccination for flu" : {
    "transaction" : "4.0 Vaccination for flu",
    "sampleCount" : 258,
    "errorCount" : 0,
    "errorPct" : 0.0,
    "meanResTime" : 894.6511627906984,
    "medianResTime" : 781.0,
    "minResTime" : 572.0,
    "maxResTime" : 3280.0,
    "pct1ResTime" : 1230.3,
    "pct2ResTime" : 1574.549999999999,
    "pct3ResTime" : 2865.3800000000056,
    "throughput" : 0.10959453420623823,
    "receivedKBytesPerSec" : 5.878798958597054,
    "sentKBytesPerSec" : 3.127217095701303
  },
  "4.0 Vaccination for hpv" : {
    "transaction" : "4.0 Vaccination for hpv",
    "sampleCount" : 292,
    "errorCount" : 0,
    "errorPct" : 0.0,
    "meanResTime" : 836.8869863013699,
    "medianResTime" : 773.5,
    "minResTime" : 562.0,
    "maxResTime" : 3481.0,
    "pct1ResTime" : 1087.0,
    "pct2ResTime" : 1324.8499999999997,
    "pct3ResTime" : 2066.159999999999,
    "throughput" : 0.11235116356559499,
    "receivedKBytesPerSec" : 5.59657650229281,
    "sentKBytesPerSec" : 3.2085205972964923
  },
  "1.2 Sign-in page" : {
    "transaction" : "1.2 Sign-in page",
    "sampleCount" : 2906,
    "errorCount" : 0,
    "errorPct" : 0.0,
    "meanResTime" : 754.2825189263591,
    "medianResTime" : 191.0,
    "minResTime" : 12.0,
    "maxResTime" : 10107.0,
    "pct1ResTime" : 2015.2000000000116,
    "pct2ResTime" : 3871.65,
    "pct3ResTime" : 5074.8299999999945,
    "throughput" : 0.8102514372483125,
    "receivedKBytesPerSec" : 54.52327273687935,
    "sentKBytesPerSec" : 7.041445125156801
  },
  "7.2 First name search" : {
    "transaction" : "7.2 First name search",
    "sampleCount" : 176,
    "errorCount" : 0,
    "errorPct" : 0.0,
    "meanResTime" : 1039.0454545454543,
    "medianResTime" : 431.5,
    "minResTime" : 149.0,
    "maxResTime" : 10682.0,
    "pct1ResTime" : 3245.700000000001,
    "pct2ResTime" : 5220.65,
    "pct3ResTime" : 9721.809999999987,
    "throughput" : 0.04959457841086009,
    "receivedKBytesPerSec" : 4.665572043786236,
    "sentKBytesPerSec" : 0.36691495877098435
  },
  "7.7 Due vaccination search" : {
    "transaction" : "7.7 Due vaccination search",
    "sampleCount" : 190,
    "errorCount" : 0,
    "errorPct" : 0.0,
    "meanResTime" : 720.768421052632,
    "medianResTime" : 646.0,
    "minResTime" : 570.0,
    "maxResTime" : 2500.0,
    "pct1ResTime" : 915.1,
    "pct2ResTime" : 1142.2499999999993,
    "pct3ResTime" : 2153.2900000000013,
    "throughput" : 0.05477433263241407,
    "receivedKBytesPerSec" : 7.353168122174438,
    "sentKBytesPerSec" : 0.4150360642133916
  },
  "2.4 Patient attending session" : {
    "transaction" : "2.4 Patient attending session",
    "sampleCount" : 1050,
    "errorCount" : 4,
    "errorPct" : 0.3809524,
    "meanResTime" : 407.1019047619047,
    "medianResTime" : 354.0,
    "minResTime" : 214.0,
    "maxResTime" : 2006.0,
    "pct1ResTime" : 554.9,
    "pct2ResTime" : 712.3499999999998,
    "pct3ResTime" : 1255.92,
    "throughput" : 0.3972819858348162,
    "receivedKBytesPerSec" : 13.104990334105638,
    "sentKBytesPerSec" : 3.4859916509535336
  },
  "Check STS status" : {
    "transaction" : "Check STS status",
    "sampleCount" : 1,
    "errorCount" : 0,
    "errorPct" : 0.0,
    "meanResTime" : 34.0,
    "medianResTime" : 34.0,
    "minResTime" : 34.0,
    "maxResTime" : 34.0,
    "pct1ResTime" : 34.0,
    "pct2ResTime" : 34.0,
    "pct3ResTime" : 34.0,
    "throughput" : 29.41176470588235,
    "receivedKBytesPerSec" : 9.219898897058822,
    "sentKBytesPerSec" : 17.348345588235293
  },
  "1.1 Homepage" : {
    "transaction" : "1.1 Homepage",
    "sampleCount" : 2912,
    "errorCount" : 0,
    "errorPct" : 0.0,
    "meanResTime" : 750.0511675824171,
    "medianResTime" : 192.0,
    "minResTime" : 30.0,
    "maxResTime" : 9750.0,
    "pct1ResTime" : 2130.6000000000076,
    "pct2ResTime" : 3887.0499999999997,
    "pct3ResTime" : 5165.529999999998,
    "throughput" : 0.8085320118425506,
    "receivedKBytesPerSec" : 64.80318397527105,
    "sentKBytesPerSec" : 7.014420731203644
  },
  "1.3 Sign-in" : {
    "transaction" : "1.3 Sign-in",
    "sampleCount" : 2906,
    "errorCount" : 0,
    "errorPct" : 0.0,
    "meanResTime" : 758.3138334480407,
    "medianResTime" : 215.0,
    "minResTime" : 72.0,
    "maxResTime" : 9947.0,
    "pct1ResTime" : 1905.0,
    "pct2ResTime" : 3879.3,
    "pct3ResTime" : 5099.009999999991,
    "throughput" : 0.8094470774531665,
    "receivedKBytesPerSec" : 54.72407486819675,
    "sentKBytesPerSec" : 7.272445722339597
  },
  "Run some searches" : {
    "transaction" : "Run some searches",
    "sampleCount" : 1716,
    "errorCount" : 0,
    "errorPct" : 0.0,
    "meanResTime" : 1223.9073426573425,
    "medianResTime" : 642.5,
    "minResTime" : 0.0,
    "maxResTime" : 10682.0,
    "pct1ResTime" : 3836.2,
    "pct2ResTime" : 4147.15,
    "pct3ResTime" : 5849.189999999993,
    "throughput" : 0.4801336315981651,
    "receivedKBytesPerSec" : 47.555603543853465,
    "sentKBytesPerSec" : 3.593280736963854
  },
  "4.0 Vaccination for td_ipv" : {
    "transaction" : "4.0 Vaccination for td_ipv",
    "sampleCount" : 281,
    "errorCount" : 0,
    "errorPct" : 0.0,
    "meanResTime" : 834.9323843416373,
    "medianResTime" : 742.0,
    "minResTime" : 573.0,
    "maxResTime" : 2768.0,
    "pct1ResTime" : 1118.6000000000001,
    "pct2ResTime" : 1342.5999999999976,
    "pct3ResTime" : 2223.34,
    "throughput" : 0.10784377313507988,
    "receivedKBytesPerSec" : 5.4660108047419405,
    "sentKBytesPerSec" : 3.0804092023552156
  },
  "2.1 Open session" : {
    "transaction" : "2.1 Open session",
    "sampleCount" : 1110,
    "errorCount" : 0,
    "errorPct" : 0.0,
    "meanResTime" : 242.85945945945946,
    "medianResTime" : 207.0,
    "minResTime" : 122.0,
    "maxResTime" : 2072.0,
    "pct1ResTime" : 353.79999999999995,
    "pct2ResTime" : 483.0500000000004,
    "pct3ResTime" : 747.800000000002,