{
  "7.3 Safe to vaccinate" : {
    "transaction" : "7.3 Safe to vaccinate",
    "sampleCount" : 13,
    "errorCount" : 0,
    "errorPct" : 0.0,
    "meanResTime" : 1517.3846153846155,
    "medianResTime" : 177.0,
    "minResTime" : 77.0,
    "maxResTime" : 14499.0,
    "pct1ResTime" : 9652.199999999995,
    "pct2ResTime" : 14499.0,
    "pct3ResTime" : 14499.0,
    "throughput" : 0.008017436073281831,
    "receivedKBytesPerSec" : 3.240383625065219,
    "sentKBytesPerSec" : 0.03516963487825215
  },
  "2.0 Register attendance" : {
    "transaction" : "2.0 Register attendance",
    "sampleCount" : 846,
    "errorCount" : 1,
    "errorPct" : 0.11820331,
    "meanResTime" : 4264.630023640662,
    "medianResTime" : 2949.0,
    "minResTime" : 520.0,
    "maxResTime" : 27269.0,
    "pct1ResTime" : 8734.500000000002,
    "pct2ResTime" : 12085.799999999997,
    "pct3ResTime" : 20700.3,
    "throughput" : 0.47773991748539396,
    "receivedKBytesPerSec" : 758.843338092262,
    "sentKBytesPerSec" : 8.1377178929552
  },
  "2.5 Select patient" : {
    "transaction" : "2.5 Select patient",
    "sampleCount" : 841,
    "errorCount" : 0,
    "errorPct" : 0.0,
    "meanResTime" : 778.6409036860874,
    "medianResTime" : 189.0,
    "minResTime" : 61.0,
    "maxResTime" : 19290.0,
    "pct1ResTime" : 1985.0000000000018,
    "pct2ResTime" : 2931.8999999999996,
    "pct3ResTime" : 9277.840000000017,
    "throughput" : 0.4779150402306721,
    "receivedKBytesPerSec" : 187.0581689926193,
    "sentKBytesPerSec" : 1.9903999579906428
  },
  "2.3 Search by first/last name" : {
    "transaction" : "2.3 Search by first/last name",
    "sampleCount" : 846,
    "errorCount" : 0,
    "errorPct" : 0.0,
    "meanResTime" : 618.0342789598111,
    "medianResTime" : 160.0,
    "minResTime" : 62.0,
    "maxResTime" : 15428.0,
    "pct1ResTime" : 1416.8000000000004,
    "pct2ResTime" : 2510.2,
    "pct3ResTime" : 8005.239999999992,
    "throughput" : 0.4779094005795923,
    "receivedKBytesPerSec" : 187.11249521596307,
    "sentKBytesPerSec" : 2.0686242954578833
  },
  "4.0 Vaccination for flu" : {
    "transaction" : "4.0 Vaccination for flu",
    "sampleCount" : 210,
    "errorCount" : 1,
    "errorPct" : 0.47619048,
    "meanResTime" : 7179.585714285716,
    "medianResTime" : 5567.0,
    "minResTime" : 223.0,
    "maxResTime" : 26270.0,
    "pct1ResTime" : 14633.800000000001,
    "pct2ResTime" : 20922.899999999998,
    "pct3ResTime" : 23873.689999999995,
    "throughput" : 0.1225807091819372,
    "receivedKBytesPerSec" : 138.21433782867683,
    "sentKBytesPerSec" : 2.0541298170570474
  },
  "4.0 Vaccination for hpv" : {
    "transaction" : "4.0 Vaccination for hpv",
    "sampleCount" : 210,
    "errorCount" : 0,
    "errorPct" : 0.0,
    "meanResTime" : 6746.914285714282,
    "medianResTime" : 5324.5,
    "minResTime" : 313.0,
    "maxResTime" : 26047.0,
    "pct1ResTime" : 12669.1,
    "pct2ResTime" : 17369.149999999987,
    "pct3ResTime" : 24546.379999999983,
    "throughput" : 0.12298134899998596,
    "receivedKBytesPerSec" : 138.34608766132519,
    "sentKBytesPerSec" : 2.058617650839553
  },
  "1.2 Sign-in page" : {
    "transaction" : "1.2 Sign-in page",
    "sampleCount" : 872,
    "errorCount" : 0,
    "errorPct" : 0.0,
    "meanResTime" : 1084.8222477064219,
    "medianResTime" : 399.0,
    "minResTime" : 13.0,
    "maxResTime" : 21535.0,
    "pct1ResTime" : 2419.5,
    "pct2ResTime" : 3939.4999999999973,
    "pct3ResTime" : 12541.459999999988,
    "throughput" : 0.48593464401943737,
    "receivedKBytesPerSec" : 188.33075130486966,
    "sentKBytesPerSec" : 2.391577878758749
  },
  "7.1 Name search" : {
    "transaction" : "7.1 Name search",
    "sampleCount" : 13,
    "errorCount" : 0,
    "errorPct" : 0.0,
    "meanResTime" : 7043.076923076923,
    "medianResTime" : 6524.0,
    "minResTime" : 5327.0,
    "maxResTime" : 11321.0,
    "pct1ResTime" : 10328.599999999999,
    "pct2ResTime" : 11321.0,
    "pct3ResTime" : 11321.0,
    "throughput" : 0.007966433127615517,
    "receivedKBytesPerSec" : 3.0940137348967154,
    "sentKBytesPerSec" : 0.03452460137960238
  },
  "2.4 Patient attending session" : {
    "transaction" : "2.4 Patient attending session",
    "sampleCount" : 36,
    "errorCount" : 1,
    "errorPct" : 2.7777777,
    "meanResTime" : 2957.6388888888887,
    "medianResTime" : 1854.5,
    "minResTime" : 468.0,
    "maxResTime" : 8500.0,
    "pct1ResTime" : 7083.000000000001,
    "pct2ResTime" : 7436.649999999998,
    "pct3ResTime" : 8500.0,
    "throughput" : 0.029159855950311606,
    "receivedKBytesPerSec" : 11.564668036555524,
    "sentKBytesPerSec" : 0.14839458919635437
  },
  "Check STS status" : {
    "transaction" : "Check STS status",
    "sampleCount" : 1,
    "errorCount" : 0,
    "errorPct" : 0.0,
    "meanResTime" : 30.0,
    "medianResTime" : 30.0,
    "minResTime" : 30.0,
    "maxResTime" : 30.0,
    "pct1ResTime" : 30.0,
    "pct2ResTime" : 30.0,
    "pct3ResTime" : 30.0,
    "throughput" : 33.333333333333336,
    "receivedKBytesPerSec" : 10.44921875,
    "sentKBytesPerSec" : 19.661458333333336
  },
  "1.1 Homepage" : {
    "transaction" : "1.1 Homepage",
    "sampleCount" : 875,
    "errorCount" : 0,
    "errorPct" : 0.0,
    "meanResTime" : 1134.3051428571428,
    "medianResTime" : 380.0,
    "minResTime" : 30.0,
    "maxResTime" : 22145.0,
    "pct1ResTime" : 2960.999999999999,
    "pct2ResTime" : 4490.599999999999,
    "pct3ResTime" : 8384.400000000001,
    "throughput" : 0.48602227703936335,
    "receivedKBytesPerSec" : 187.8144179003185,
    "sentKBytesPerSec" : 2.378627739707576
  },
  "1.3 Sign-in" : {
    "transaction" : "1.3 Sign-in",
    "sampleCount" : 870,
    "errorCount" : 0,
    "errorPct" : 0.0,
    "meanResTime" : 1345.6252873563226,
    "medianResTime" : 672.5,
    "minResTime" : 76.0,
    "maxResTime" : 19506.0,
    "pct1ResTime" : 3220.3999999999987,
    "pct2ResTime" : 4908.949999999995,
    "pct3ResTime" : 11269.529999999999,
    "throughput" : 0.4852600854615521,
    "receivedKBytesPerSec" : 188.18524630766575,
    "sentKBytesPerSec" : 2.544186033378085
  },
  "Run some searches" : {
    "transaction" : "Run some searches",
    "sampleCount" : 13,
    "errorCount" : 0,
    "errorPct" : 0.0,
    "meanResTime" : 15781.692307692307,
    "medianResTime" : 14398.0,
    "minResTime" : 9562.0,
    "maxResTime" : 30326.0,
    "pct1ResTime" : 28827.199999999997,
    "pct2ResTime" : 30326.0,
    "pct3ResTime" : 30326.0,
    "throughput" : 0.00803861503319948,
    "receivedKBytesPerSec" : 17.647034747184012,
    "sentKBytesPerSec" : 0.17606813290489576
  },
  "4.0 Vaccination for td_ipv" : {
    "transaction" : "4.0 Vaccination for td_ipv",
    "sampleCount" : 198,
    "errorCount" : 0,
    "errorPct" : 0.0,
    "meanResTime" : 6910.909090909088,
    "medianResTime" : 5501.0,
    "minResTime" : 249.0,
    "maxResTime" : 25577.0,
    "pct1ResTime" : 13623.299999999997,
    "pct2ResTime" : 20050.14999999999,
    "pct3ResTime" : 24460.27999999999,
    "throughput" : 0.11782656405837533,
    "receivedKBytesPerSec" : 134.5077945452103,
    "sentKBytesPerSec" : 1.9785822604222953
  },
  "2.1 Open session" : {
    "transaction" : "2.1 Open session",
    "sampleCount" : 852,
    "errorCount" : 0,
    "errorPct" : 0.0,
    "meanResTime" : 1873.3615023474176,
    "medianResTime" : 981.5,
    "minResTime" : 229.0,
    "maxResTime" : 18821.0,
    "pct1ResTime" : 4492.300000000002,
    "pct2ResTime" : 5901.099999999999,
    "pct3ResTime" : 12200.950000000032,
    "throughput" : 0.47827524515816483,
    "receivedKBytesPerSec" : 186.35499180139675,
    "sentKBytesPerSec" : 1.9942985929683996
  },
  "4.3 Vaccination confirm" : {
    "transaction" : "4.3 Vaccination confirm",
    "sampleCount" : 792,
    "errorCount" : 1,
    "errorPct" : 0.12626262,
    "meanResTime" : 4504.789141414143,
    "medianResTime" : 3271.5,
    "minResTime" : 893.0,
    "maxResTime" : 22960.0,
    "pct1ResTime" : 9347.000000000004,
    "pct2ResTime" : 11831.699999999997,