{
  "2.0 Register attendance" : {
    "transaction" : "2.0 Register attendance",
    "sampleCount" : 73,
    "errorCount" : 0,
    "errorPct" : 0.0,
    "meanResTime" : 8299.260273972606,
    "medianResTime" : 8294.0,
    "minResTime" : 3771.0,
    "maxResTime" : 15608.0,
    "pct1ResTime" : 11195.0,
    "pct2ResTime" : 12985.0,
    "pct3ResTime" : 15608.0,
    "throughput" : 0.15152458642090624,
    "receivedKBytesPerSec" : 55.69710512472238,
    "sentKBytesPerSec" : 0.6513923429489176
  },
  "2.5 Select patient" : {
    "transaction" : "2.5 Select patient",
    "sampleCount" : 72,
    "errorCount" : 0,
    "errorPct" : 0.0,
    "meanResTime" : 694.9444444444445,
    "medianResTime" : 561.5,
    "minResTime" : 363.0,
    "maxResTime" : 2085.0,
    "pct1ResTime" : 1203.3000000000002,
    "pct2ResTime" : 1518.7499999999993,
    "pct3ResTime" : 2085.0,
    "throughput" : 0.16710454245847917,
    "receivedKBytesPerSec" : 4.102769184819945,
    "sentKBytesPerSec" : 0.11586350111867208
  },
  "1.4 Select Organisations" : {
    "transaction" : "1.4 Select Organisations",
    "sampleCount" : 35,
    "errorCount" : 0,
    "errorPct" : 0.0,
    "meanResTime" : 673.7428571428574,
    "medianResTime" : 444.0,
    "minResTime" : 409.0,
    "maxResTime" : 2670.0,
    "pct1ResTime" : 1709.3999999999999,
    "pct2ResTime" : 2029.1999999999966,
    "pct3ResTime" : 2670.0,
    "throughput" : 0.5731315910132966,
    "receivedKBytesPerSec" : 8.235408427900046,
    "sentKBytesPerSec" : 0.8283542526364054
  },
  "2.5 Select menacwy" : {
    "transaction" : "2.5 Select menacwy",
    "sampleCount" : 39,
    "errorCount" : 0,
    "errorPct" : 0.0,
    "meanResTime" : 557.3846153846155,
    "medianResTime" : 455.0,
    "minResTime" : 370.0,
    "maxResTime" : 1885.0,
    "pct1ResTime" : 733.0,
    "pct2ResTime" : 788.0,
    "pct3ResTime" : 1885.0,
    "throughput" : 0.10378385282917443,
    "receivedKBytesPerSec" : 2.3468882557260744,
    "sentKBytesPerSec" : 0.07236491300784233
  },
  "2.3 Search by first/last name" : {
    "transaction" : "2.3 Search by first/last name",
    "sampleCount" : 75,
    "errorCount" : 0,
    "errorPct" : 0.0,
    "meanResTime" : 2096.253333333334,
    "medianResTime" : 1660.0,
    "minResTime" : 793.0,
    "maxResTime" : 4720.0,
    "pct1ResTime" : 4103.600000000001,
    "pct2ResTime" : 4698.2,
    "pct3ResTime" : 4720.0,
    "throughput" : 0.14357749164378997,
    "receivedKBytesPerSec" : 17.111660798534935,
    "sentKBytesPerSec" : 0.12386362902160554
  },
  "2.5 Select td_ipv" : {
    "transaction" : "2.5 Select td_ipv",
    "sampleCount" : 32,
    "errorCount" : 0,
    "errorPct" : 0.0,
    "meanResTime" : 471.28125000000006,
    "medianResTime" : 424.0,
    "minResTime" : 371.0,
    "maxResTime" : 1169.0,
    "pct1ResTime" : 640.5,
    "pct2ResTime" : 837.4999999999989,
    "pct3ResTime" : 1169.0,
    "throughput" : 0.12646371874468954,
    "receivedKBytesPerSec" : 2.9009082046301526,
    "sentKBytesPerSec" : 0.08805530416500354
  },
  "4.0 Vaccination for hpv" : {
    "transaction" : "4.0 Vaccination for hpv",
    "sampleCount" : 71,
    "errorCount" : 0,
    "errorPct" : 0.0,
    "meanResTime" : 2046.788732394366,
    "medianResTime" : 2131.0,
    "minResTime" : 924.0,
    "maxResTime" : 3858.0,
    "pct1ResTime" : 2350.4,
    "pct2ResTime" : 2506.1999999999994,
    "pct3ResTime" : 3858.0,
    "throughput" : 0.1652938738831023,
    "receivedKBytesPerSec" : 7.810776673134856,
    "sentKBytesPerSec" : 0.9107191367527436
  },
  "5.8 Consent confirm" : {
    "transaction" : "5.8 Consent confirm",
    "sampleCount" : 3,
    "errorCount" : 0,
    "errorPct" : 0.0,
    "meanResTime" : 1162.0,
    "medianResTime" : 1220.0,
    "minResTime" : 983.0,
    "maxResTime" : 1283.0,
    "pct1ResTime" : 1283.0,
    "pct2ResTime" : 1283.0,
    "pct3ResTime" : 1283.0,
    "throughput" : 0.014206967096664204,
    "receivedKBytesPerSec" : 1.0836882115322688,
    "sentKBytesPerSec" : 0.030869630654372905
  },
  "1.2 Sign-in page" : {
    "transaction" : "1.2 Sign-in page",
    "sampleCount" : 35,
    "errorCount" : 0,
    "errorPct" : 0.0,
    "meanResTime" : 89.91428571428573,
    "medianResTime" : 90.0,
    "minResTime" : 87.0,
    "maxResTime" : 96.0,
    "pct1ResTime" : 94.0,
    "pct2ResTime" : 95.19999999999999,
    "pct3ResTime" : 96.0,
    "throughput" : 0.5986897247737808,
    "receivedKBytesPerSec" : 3.6079241128701187,
    "sentKBytesPerSec" : 0.3607339454935769
  },
  "5.9 Patient home page" : {
    "transaction" : "5.9 Patient home page",
    "sampleCount" : 3,
    "errorCount" : 0,
    "errorPct" : 0.0,
    "meanResTime" : 411.0,
    "medianResTime" : 404.0,
    "minResTime" : 401.0,
    "maxResTime" : 428.0,
    "pct1ResTime" : 428.0,
    "pct2ResTime" : 428.0,
    "pct3ResTime" : 428.0,
    "throughput" : 0.014314957699299998,
    "receivedKBytesPerSec" : 0.30950038262689017,
    "sentKBytesPerSec" : 0.010666321020083885
  },
  "2.4 Patient attending session" : {
    "transaction" : "2.4 Patient attending session",
    "sampleCount" : 72,
    "errorCount" : 0,
    "errorPct" : 0.0,
    "meanResTime" : 2121.291666666668,
    "medianResTime" : 1703.5,
    "minResTime" : 964.0,
    "maxResTime" : 4844.0,
    "pct1ResTime" : 3753.4,
    "pct2ResTime" : 3948.95,
    "pct3ResTime" : 4844.0,
    "throughput" : 0.1667272596753913,
    "receivedKBytesPerSec" : 16.65914636149596,
    "sentKBytesPerSec" : 0.24781141525971243
  },
  "5.4 Consent route" : {
    "transaction" : "5.4 Consent route",
    "sampleCount" : 4,
    "errorCount" : 0,
    "errorPct" : 0.0,
    "meanResTime" : 452.75,
    "medianResTime" : 451.5,
    "minResTime" : 440.0,
    "maxResTime" : 468.0,
    "pct1ResTime" : 468.0,
    "pct2ResTime" : 468.0,
    "pct3ResTime" : 468.0,
    "throughput" : 0.0096610189959786,
    "receivedKBytesPerSec" : 0.10986342866545099,
    "sentKBytesPerSec" : 0.015029300059173741
  },
  "1.1 Homepage" : {
    "transaction" : "1.1 Homepage",
    "sampleCount" : 35,
    "errorCount" : 0,
    "errorPct" : 0.0,
    "meanResTime" : 273.1142857142858,
    "medianResTime" : 263.0,
    "minResTime" : 254.0,
    "maxResTime" : 504.0,
    "pct1ResTime" : 290.99999999999994,
    "pct2ResTime" : 353.5999999999992,
    "pct3ResTime" : 504.0,
    "throughput" : 0.6025133413668445,
    "receivedKBytesPerSec" : 3.109651376097435,
    "sentKBytesPerSec" : 0.3265575238853503
  },
  "1.3 Sign-in" : {
    "transaction" : "1.3 Sign-in",
    "sampleCount" : 35,
    "errorCount" : 0,
    "errorPct" : 0.0,
    "meanResTime" : 651.1428571428571,
    "medianResTime" : 467.0,
    "minResTime" : 452.0,
    "maxResTime" : 1995.0,
    "pct1ResTime" : 1342.1999999999996,
    "pct2ResTime" : 1949.3999999999999,
    "pct3ResTime" : 1995.0,
    "throughput" : 0.5972798170617246,
    "receivedKBytesPerSec" : 5.796064005998396,
    "sentKBytesPerSec" : 0.9396658059437875
  },
  "4.0 Vaccination for td_ipv" : {
    "transaction" : "4.0 Vaccination for td_ipv",
    "sampleCount" : 29,
    "errorCount" : 0,
    "errorPct" : 0.0,
    "meanResTime" : 2402.6551724137926,
    "medianResTime" : 2262.0,
    "minResTime" : 918.0,
    "maxResTime" : 4330.0,
    "pct1ResTime" : 4085.0,
    "pct2ResTime" : 4307.5,
    "pct3ResTime" : 4330.0,
    "throughput" : 0.13949148139953246,
    "receivedKBytesPerSec" : 7.176882751697948,
    "sentKBytesPerSec" : 0.7706791611751916
  },
  "2.1 Open session" : {
    "transaction" : "2.1 Open session",
    "sampleCount" : 76,
    "errorCount" : 0,
    "errorPct" : 0.0,
    "meanResTime" : 1726.1973684210525,
    "medianResTime" : 1419.5,
    "minResTime" : 1055.0,
    "maxResTime" : 4534.0,
    "pct1ResTime" : 2916.4,
    "pct2ResTime" : 3151.599999999998,
    "pct3ResTime" : 4534.0,
    "throughput" : 0.14099897775741127,
    "receivedKBytesPerSec" : 2.4747780976408644,
    "sentKBytesPerSec" : 0.0895828337686986
  },
  "5.6 Consent questions" : {
    "transaction" : "5.6 Consent questions",
    "sampleCount" : 3,
    "errorCount" : 0,
    "errorPct" : 0.0,