{
  "1.4 Select Organisations-0" : {
    "transaction" : "1.4 Select Organisations-0",
    "sampleCount" : 70,
    "errorCount" : 0,
    "errorPct" : 0.0,
    "meanResTime" : 103.24285714285715,
    "medianResTime" : 99.0,
    "minResTime" : 92.0,
    "maxResTime" : 241.0,
    "pct1ResTime" : 112.0,
    "pct2ResTime" : 124.80000000000001,
    "pct3ResTime" : 241.0,
    "throughput" : 0.07890631340685898,
    "receivedKBytesPerSec" : 0.0572533113879846,
    "sentKBytesPerSec" : 0.06303258238946352
  },
  "1.4 Select Organisations-1" : {
    "transaction" : "1.4 Select Organisations-1",
    "sampleCount" : 70,
    "errorCount" : 0,
    "errorPct" : 0.0,
    "meanResTime" : 140.9142857142857,
    "medianResTime" : 119.0,
    "minResTime" : 107.0,
    "maxResTime" : 858.0,
    "pct1ResTime" : 144.2,
    "pct2ResTime" : 147.45,
    "pct3ResTime" : 858.0,
    "throughput" : 0.07890471241486746,
    "receivedKBytesPerSec" : 1.076386648167269,
    "sentKBytesPerSec" : 0.051010663690080324
  },
  "2.0 Register attendance" : {
    "transaction" : "2.0 Register attendance",
    "sampleCount" : 999,
    "errorCount" : 0,
    "errorPct" : 0.0,
    "meanResTime" : 3188.9709709709705,
    "medianResTime" : 2851.0,
    "minResTime" : 1784.0,
    "maxResTime" : 9151.0,
    "pct1ResTime" : 4595.0,
    "pct2ResTime" : 5543.0,
    "pct3ResTime" : 7699.0,
    "throughput" : 0.31008108046029814,
    "receivedKBytesPerSec" : 48.617418295458855,
    "sentKBytesPerSec" : 1.3507712466648436
  },
  "1.3 Sign-in-1" : {
    "transaction" : "1.3 Sign-in-1",
    "sampleCount" : 70,
    "errorCount" : 0,
    "errorPct" : 0.0,
    "meanResTime" : 109.71428571428572,
    "medianResTime" : 107.0,
    "minResTime" : 96.0,
    "maxResTime" : 152.0,
    "pct1ResTime" : 127.69999999999999,
    "pct2ResTime" : 135.35000000000002,
    "pct3ResTime" : 152.0,
    "throughput" : 0.07887297282375383,
    "receivedKBytesPerSec" : 0.7093946090886453,
    "sentKBytesPerSec" : 0.05206848596568124
  },
  "1.3 Sign-in-0" : {
    "transaction" : "1.3 Sign-in-0",
    "sampleCount" : 70,
    "errorCount" : 0,
    "errorPct" : 0.0,
    "meanResTime" : 389.6000000000001,
    "medianResTime" : 367.5,
    "minResTime" : 347.0,
    "maxResTime" : 709.0,
    "pct1ResTime" : 458.5,
    "pct2ResTime" : 563.6500000000001,
    "pct3ResTime" : 709.0,
    "throughput" : 0.07885129434399665,
    "receivedKBytesPerSec" : 0.055981338855552315,
    "sentKBytesPerSec" : 0.07199800801917663
  },
  "1.4 Select Organisations" : {
    "transaction" : "1.4 Select Organisations",
    "sampleCount" : 70,
    "errorCount" : 0,
    "errorPct" : 0.0,
    "meanResTime" : 244.3,
    "medianResTime" : 218.0,
    "minResTime" : 205.0,
    "maxResTime" : 1019.0,
    "pct1ResTime" : 252.6,
    "pct2ResTime" : 271.35,
    "pct3ResTime" : 1019.0,
    "throughput" : 0.07889617488802378,
    "receivedKBytesPerSec" : 1.1335161376490293,
    "sentKBytesPerSec" : 0.11402962776784688
  },
  "2.4 Patient attending session-1" : {
    "transaction" : "2.4 Patient attending session-1",
    "sampleCount" : 995,
    "errorCount" : 0,
    "errorPct" : 0.0,
    "meanResTime" : 449.80703517587904,
    "medianResTime" : 407.0,
    "minResTime" : 332.0,
    "maxResTime" : 3817.0,
    "pct1ResTime" : 510.5999999999999,
    "pct2ResTime" : 623.3999999999999,
    "pct3ResTime" : 1395.8399999999992,
    "throughput" : 0.3092677441202607,
    "receivedKBytesPerSec" : 11.186127614672284,
    "sentKBytesPerSec" : 0.20658118845533038
  },
  "2.4 Patient attending session-0" : {
    "transaction" : "2.4 Patient attending session-0",
    "sampleCount" : 995,
    "errorCount" : 0,
    "errorPct" : 0.0,
    "meanResTime" : 285.39798994974876,
    "medianResTime" : 217.0,
    "minResTime" : 164.0,
    "maxResTime" : 4931.0,
    "pct1ResTime" : 344.0,
    "pct2ResTime" : 528.3999999999995,
    "pct3ResTime" : 1962.6399999999994,
    "throughput" : 0.3092175738758076,
    "receivedKBytesPerSec" : 0.2297993883979391,
    "sentKBytesPerSec" : 0.2530511004960223
  },
  "2.3 Search by first/last name" : {
    "transaction" : "2.3 Search by first/last name",
    "sampleCount" : 1000,
    "errorCount" : 0,
    "errorPct" : 0.0,
    "meanResTime" : 496.6360000000006,
    "medianResTime" : 416.0,
    "minResTime" : 336.0,
    "maxResTime" : 4475.0,
    "pct1ResTime" : 620.0,
    "pct2ResTime" : 867.4999999999993,
    "pct3ResTime" : 2294.4900000000034,
    "throughput" : 0.31033916657175464,
    "receivedKBytesPerSec" : 12.255482497782626,
    "sentKBytesPerSec" : 0.2677078388919216
  },
  "1.2 Sign-in page" : {
    "transaction" : "1.2 Sign-in page",
    "sampleCount" : 70,
    "errorCount" : 0,
    "errorPct" : 0.0,
    "meanResTime" : 103.34285714285713,
    "medianResTime" : 95.0,
    "minResTime" : 89.0,
    "maxResTime" : 446.0,
    "pct1ResTime" : 108.8,
    "pct2ResTime" : 138.00000000000006,
    "pct3ResTime" : 446.0,
    "throughput" : 0.07889626381107276,
    "receivedKBytesPerSec" : 0.47545785544739255,
    "sentKBytesPerSec" : 0.047538080831476454
  },
  "3.0 Nurse triage" : {
    "transaction" : "3.0 Nurse triage",
    "sampleCount" : 991,
    "errorCount" : 0,
    "errorPct" : 0.0,
    "meanResTime" : 1301.5277497477314,
    "medianResTime" : 1133.0,
    "minResTime" : 819.0,
    "maxResTime" : 7064.0,
    "pct1ResTime" : 1694.4,
    "pct2ResTime" : 2519.599999999998,
    "pct3ResTime" : 4365.4800000000105,
    "throughput" : 0.3093220167046374,
    "receivedKBytesPerSec" : 35.11509501390701,
    "sentKBytesPerSec" : 0.9290073002805124
  },
  "4.2 Vaccination batch-2" : {
    "transaction" : "4.2 Vaccination batch-2",
    "sampleCount" : 991,
    "errorCount" : 0,
    "errorPct" : 0.0,
    "meanResTime" : 0.3340060544904138,
    "medianResTime" : 0.0,
    "minResTime" : 0.0,
    "maxResTime" : 9.0,
    "pct1ResTime" : 1.0,
    "pct2ResTime" : 1.0,
    "pct3ResTime" : 1.0,
    "throughput" : 0.31070798152682716,
    "receivedKBytesPerSec" : 1.550991253695732,
    "sentKBytesPerSec" : 0.0
  },
  "2.4 Patient attending session" : {
    "transaction" : "2.4 Patient attending session",
    "sampleCount" : 995,
    "errorCount" : 0,
    "errorPct" : 0.0,
    "meanResTime" : 735.3105527638189,
    "medianResTime" : 627.0,
    "minResTime" : 512.0,
    "maxResTime" : 5447.0,
    "pct1ResTime" : 882.5999999999999,
    "pct2ResTime" : 1134.799999999998,
    "pct3ResTime" : 2933.2799999999825,
    "throughput" : 0.3091780834687606,
    "receivedKBytesPerSec" : 11.412654654586712,
    "sentKBytesPerSec" : 0.4595400810932164
  },
  "4.2 Vaccination batch-0" : {
    "transaction" : "4.2 Vaccination batch-0",
    "sampleCount" : 991,
    "errorCount" : 0,
    "errorPct" : 0.0,
    "meanResTime" : 169.84863773965685,
    "medianResTime" : 115.0,
    "minResTime" : 102.0,
    "maxResTime" : 2703.0,
    "pct1ResTime" : 279.0,
    "pct2ResTime" : 296.4,
    "pct3ResTime" : 967.2400000000001,
    "throughput" : 0.31066609820935953,
    "receivedKBytesPerSec" : 0.23239280393395445,
    "sentKBytesPerSec" : 0.2791140726099714
  },
  "4.2 Vaccination batch-1" : {
    "transaction" : "4.2 Vaccination batch-1",
    "sampleCount" : 991,
    "errorCount" : 0,
    "errorPct" : 0.0,
    "meanResTime" : 187.18768920282548,
    "medianResTime" : 144.0,
    "minResTime" : 124.0,
    "maxResTime" : 3882.0,
    "pct1ResTime" : 209.0,
    "pct2ResTime" : 310.79999999999995,
    "pct3ResTime" : 1302.2000000000048,
    "throughput" : 0.3106857722218704,
    "receivedKBytesPerSec" : 4.220165142733621,
    "sentKBytesPerSec" : 0.2227925816051764
  },
  "1.1 Homepage" : {
    "transaction" : "1.1 Homepage",
    "sampleCount" : 70,
    "errorCount" : 0,
    "errorPct" : 0.0,
    "meanResTime" : 285.3428571428571,
    "medianResTime" : 272.0,
    "minResTime" : 258.0,
    "maxResTime" : 517.0,
    "pct1ResTime" : 331.79999999999995,
    "pct2ResTime" : 347.9,
    "pct3ResTime" : 517.0,
    "throughput" : 0.07892739919561705,
    "receivedKBytesPerSec" : 0.40735478979378525,