{
  "1.2 Sign-in page" : {
    "transaction" : "1.2 Sign-in page",
    "sampleCount" : 78,
    "errorCount" : 0,
    "errorPct" : 0.0,
    "meanResTime" : 20.397435897435905,
    "medianResTime" : 18.0,
    "minResTime" : 11.0,
    "maxResTime" : 53.0,
    "pct1ResTime" : 30.10000000000001,
    "pct2ResTime" : 33.05,
    "pct3ResTime" : 53.0,
    "throughput" : 0.2643333039629662,
    "receivedKBytesPerSec" : 102.6010751884222,
    "sentKBytesPerSec" : 0.9403967054073106
  },
  "2.0 Register attendance" : {
    "transaction" : "2.0 Register attendance",
    "sampleCount" : 71,
    "errorCount" : 0,
    "errorPct" : 0.0,
    "meanResTime" : 125.7464788732394,
    "medianResTime" : 116.0,
    "minResTime" : 91.0,
    "maxResTime" : 233.0,
    "pct1ResTime" : 167.0,
    "pct2ResTime" : 189.79999999999984,
    "pct3ResTime" : 233.0,
    "throughput" : 0.2625370694946716,
    "receivedKBytesPerSec" : 307.52448848603933,
    "sentKBytesPerSec" : 3.4291340864172195
  },
  "1.0 Login" : {
    "transaction" : "1.0 Login",
    "sampleCount" : 76,
    "errorCount" : 0,
    "errorPct" : 0.0,
    "meanResTime" : 103.94736842105259,
    "medianResTime" : 97.0,
    "minResTime" : 72.0,
    "maxResTime" : 306.0,
    "pct1ResTime" : 136.0,
    "pct2ResTime" : 161.29999999999998,
    "pct3ResTime" : 306.0,
    "throughput" : 0.26288299631272005,
    "receivedKBytesPerSec" : 409.0526170261707,
    "sentKBytesPerSec" : 3.9703865061033827
  },
  "Total" : {
    "transaction" : "Total",
    "sampleCount" : 523,
    "errorCount" : 0,
    "errorPct" : 0.0,
    "meanResTime" : 32.187380497131905,
    "medianResTime" : 31.0,
    "minResTime" : 11.0,
    "maxResTime" : 159.0,
    "pct1ResTime" : 49.60000000000002,
    "pct2ResTime" : 61.0,
    "pct3ResTime" : 114.23999999999978,
    "throughput" : 1.7436181242936346,
    "receivedKBytesPerSec" : 679.3108987749249,
    "sentKBytesPerSec" : 6.994785059684748
  },
  "1.4 Open Sessions list" : {
    "transaction" : "1.4 Open Sessions list",
    "sampleCount" : 76,
    "errorCount" : 0,
    "errorPct" : 0.0,
    "meanResTime" : 41.15789473684211,
    "medianResTime" : 35.5,
    "minResTime" : 27.0,
    "maxResTime" : 139.0,
    "pct1ResTime" : 61.0,
    "pct2ResTime" : 65.14999999999999,
    "pct3ResTime" : 139.0,
    "throughput" : 0.26483789133283153,
    "receivedKBytesPerSec" : 103.40652365856123,
    "sentKBytesPerSec" : 1.127371453437317
  },
  "2.3 Search by first/last name" : {
    "transaction" : "2.3 Search by first/last name",
    "sampleCount" : 71,
    "errorCount" : 0,
    "errorPct" : 0.0,
    "meanResTime" : 40.83098591549295,
    "medianResTime" : 37.0,
    "minResTime" : 28.0,
    "maxResTime" : 159.0,
    "pct1ResTime" : 51.8,
    "pct2ResTime" : 74.39999999999995,
    "pct3ResTime" : 159.0,
    "throughput" : 0.26268471174977615,
    "receivedKBytesPerSec" : 102.5658100643855,
    "sentKBytesPerSec" : 1.182594258951629
  },
  "1.1 Homepage" : {
    "transaction" : "1.1 Homepage",
    "sampleCount" : 78,
    "errorCount" : 0,
    "errorPct" : 0.0,
    "meanResTime" : 22.576923076923077,
    "medianResTime" : 17.0,
    "minResTime" : 12.0,
    "maxResTime" : 71.0,
    "pct1ResTime" : 44.20000000000002,
    "pct2ResTime" : 56.34999999999998,
    "pct3ResTime" : 71.0,
    "throughput" : 0.2638808070692992,
    "receivedKBytesPerSec" : 102.72101576983842,
    "sentKBytesPerSec" : 0.9432833612578995
  },
  "1.3 Sign-in" : {
    "transaction" : "1.3 Sign-in",
    "sampleCount" : 76,
    "errorCount" : 0,
    "errorPct" : 0.0,
    "meanResTime" : 19.53947368421053,
    "medianResTime" : 16.0,
    "minResTime" : 12.0,
    "maxResTime" : 137.0,
    "pct1ResTime" : 27.299999999999997,
    "pct2ResTime" : 31.0,
    "pct3ResTime" : 137.0,
    "throughput" : 0.2634196725970753,
    "receivedKBytesPerSec" : 102.24696330841246,
    "sentKBytesPerSec" : 0.9785629243742917
  },
  "2.2 Session register" : {
    "transaction" : "2.2 Session register",
    "sampleCount" : 72,
    "errorCount" : 0,
    "errorPct" : 0.0,
    "meanResTime" : 40.444444444444436,
    "medianResTime" : 36.5,
    "minResTime" : 28.0,
    "maxResTime" : 96.0,
    "pct1ResTime" : 53.10000000000001,
    "pct2ResTime" : 74.99999999999989,
    "pct3ResTime" : 96.0,
    "throughput" : 0.26095655073430274,
    "receivedKBytesPerSec" : 101.89104588304797,
    "sentKBytesPerSec" : 1.1179847539759629
  },
  "2.1 Open session" : {
    "transaction" : "2.1 Open session",
    "sampleCount" : 72,
    "errorCount" : 0,
    "errorPct" : 0.0,
    "meanResTime" : 42.47222222222222,
    "medianResTime" : 37.0,
    "minResTime" : 27.0,
    "maxResTime" : 120.0,
    "pct1ResTime" : 57.7,
    "pct2ResTime" : 79.54999999999993,
    "pct3ResTime" : 120.0,
    "throughput" : 0.2609347989171206,
    "receivedKBytesPerSec" : 101.88255283929679,
    "sentKBytesPerSec" : 1.1155981930265175
  }
}