{
  "2.0 Register attendance" : {
    "transaction" : "2.0 Register attendance",
    "sampleCount" : 94,
    "errorCount" : 17,
    "errorPct" : 18.085106,
    "meanResTime" : 32323.27659574467,
    "medianResTime" : 31708.0,
    "minResTime" : 6490.0,
    "maxResTime" : 66756.0,
    "pct1ResTime" : 59406.5,
    "pct2ResTime" : 61954.75,
    "pct3ResTime" : 66756.0,
    "throughput" : 0.3838473757498295,
    "receivedKBytesPerSec" : 124.16645510185226,
    "sentKBytesPerSec" : 1.4688773855195618
  },
  "2.5 Select patient" : {
    "transaction" : "2.5 Select patient",
    "sampleCount" : 77,
    "errorCount" : 0,
    "errorPct" : 0.0,
    "meanResTime" : 2193.2467532467535,
    "medianResTime" : 773.0,
    "minResTime" : 351.0,
    "maxResTime" : 22056.0,
    "pct1ResTime" : 3493.0000000000005,
    "pct2ResTime" : 20713.999999999993,
    "pct3ResTime" : 22056.0,
    "throughput" : 0.38743502915825967,
    "receivedKBytesPerSec" : 9.410610530936939,
    "sentKBytesPerSec" : 0.2686317096702777
  },
  "1.4 Select Organisations" : {
    "transaction" : "1.4 Select Organisations",
    "sampleCount" : 70,
    "errorCount" : 2,
    "errorPct" : 2.857143,
    "meanResTime" : 4953.271428571429,
    "medianResTime" : 764.5,
    "minResTime" : 401.0,
    "maxResTime" : 31954.0,
    "pct1ResTime" : 15532.3,
    "pct2ResTime" : 21599.100000000024,
    "pct3ResTime" : 31954.0,
    "throughput" : 0.5952330337327063,
    "receivedKBytesPerSec" : 8.325498202077362,
    "sentKBytesPerSec" : 0.8548004746983444
  },
  "2.5 Select menacwy" : {
    "transaction" : "2.5 Select menacwy",
    "sampleCount" : 59,
    "errorCount" : 0,
    "errorPct" : 0.0,
    "meanResTime" : 505.89830508474586,
    "medianResTime" : 429.0,
    "minResTime" : 355.0,
    "maxResTime" : 787.0,
    "pct1ResTime" : 706.0,
    "pct2ResTime" : 732.0,
    "pct3ResTime" : 787.0,
    "throughput" : 0.28642167095490073,
    "receivedKBytesPerSec" : 6.467983124180785,
    "sentKBytesPerSec" : 0.19971198541191318
  },
  "2.3 Search by first/last name" : {
    "transaction" : "2.3 Search by first/last name",
    "sampleCount" : 86,
    "errorCount" : 4,
    "errorPct" : 4.6511626,
    "meanResTime" : 7429.558139534887,
    "medianResTime" : 3715.0,
    "minResTime" : 1139.0,
    "maxResTime" : 39105.0,
    "pct1ResTime" : 20027.399999999998,
    "pct2ResTime" : 31358.999999999975,
    "pct3ResTime" : 39105.0,
    "throughput" : 0.36541942501678376,
    "receivedKBytesPerSec" : 39.976695880745794,
    "sentKBytesPerSec" : 0.3152066199871678
  },
  "2.5 Select td_ipv" : {
    "transaction" : "2.5 Select td_ipv",
    "sampleCount" : 59,
    "errorCount" : 0,
    "errorPct" : 0.0,
    "meanResTime" : 474.9322033898304,
    "medianResTime" : 399.0,
    "minResTime" : 350.0,
    "maxResTime" : 976.0,
    "pct1ResTime" : 694.0,
    "pct2ResTime" : 767.0,
    "pct3ResTime" : 976.0,
    "throughput" : 0.2835734094655843,
    "receivedKBytesPerSec" : 6.496157264886403,
    "sentKBytesPerSec" : 0.1974490634267203
  },
  "4.0 Vaccination for hpv" : {
    "transaction" : "4.0 Vaccination for hpv",
    "sampleCount" : 77,
    "errorCount" : 0,
    "errorPct" : 0.0,
    "meanResTime" : 2379.142857142857,
    "medianResTime" : 2294.0,
    "minResTime" : 2115.0,
    "maxResTime" : 3561.0,
    "pct1ResTime" : 2715.8,
    "pct2ResTime" : 3073.8999999999987,
    "pct3ResTime" : 3561.0,
    "throughput" : 0.3901163762748446,
    "receivedKBytesPerSec" : 19.546008993892396,
    "sentKBytesPerSec" : 2.27306812438886
  },
  "5.8 Consent confirm" : {
    "transaction" : "5.8 Consent confirm",
    "sampleCount" : 1,
    "errorCount" : 0,
    "errorPct" : 0.0,
    "meanResTime" : 1219.0,
    "medianResTime" : 1219.0,
    "minResTime" : 1219.0,
    "maxResTime" : 1219.0,
    "pct1ResTime" : 1219.0,
    "pct2ResTime" : 1219.0,
    "pct3ResTime" : 1219.0,
    "throughput" : 0.8203445447087777,
    "receivedKBytesPerSec" : 68.15268662838392,
    "sentKBytesPerSec" : 1.7824869257588185
  },
  "1.2 Sign-in page" : {
    "transaction" : "1.2 Sign-in page",
    "sampleCount" : 70,
    "errorCount" : 0,
    "errorPct" : 0.0,
    "meanResTime" : 111.44285714285715,
    "medianResTime" : 109.0,
    "minResTime" : 104.0,
    "maxResTime" : 158.0,
    "pct1ResTime" : 116.0,
    "pct2ResTime" : 139.9,
    "pct3ResTime" : 158.0,
    "throughput" : 1.2093778614744044,
    "receivedKBytesPerSec" : 7.288155061678271,
    "sentKBytesPerSec" : 0.7286974028610425
  },
  "5.9 Patient home page" : {
    "transaction" : "5.9 Patient home page",
    "sampleCount" : 1,
    "errorCount" : 0,
    "errorPct" : 0.0,
    "meanResTime" : 403.0,
    "medianResTime" : 403.0,
    "minResTime" : 403.0,
    "maxResTime" : 403.0,
    "pct1ResTime" : 403.0,
    "pct2ResTime" : 403.0,
    "pct3ResTime" : 403.0,
    "throughput" : 2.4813895781637716,
    "receivedKBytesPerSec" : 53.6164314516129,
    "sentKBytesPerSec" : 1.8489260235732008
  },
  "2.4 Patient attending session" : {
    "transaction" : "2.4 Patient attending session",
    "sampleCount" : 81,
    "errorCount" : 5,
    "errorPct" : 6.1728396,
    "meanResTime" : 8161.308641975313,
    "medianResTime" : 4916.0,
    "minResTime" : 1302.0,
    "maxResTime" : 34769.0,
    "pct1ResTime" : 29488.39999999999,
    "pct2ResTime" : 33162.09999999999,
    "pct3ResTime" : 34769.0,
    "throughput" : 0.37089610330143324,
    "receivedKBytesPerSec" : 33.804905537398696,
    "sentKBytesPerSec" : 0.5420974947341911
  },
  "5.4 Consent route" : {
    "transaction" : "5.4 Consent route",
    "sampleCount" : 1,
    "errorCount" : 0,
    "errorPct" : 0.0,
    "meanResTime" : 455.0,
    "medianResTime" : 455.0,
    "minResTime" : 455.0,
    "maxResTime" : 455.0,
    "pct1ResTime" : 455.0,
    "pct2ResTime" : 455.0,
    "pct3ResTime" : 455.0,
    "throughput" : 2.197802197802198,
    "receivedKBytesPerSec" : 24.982829670329668,
    "sentKBytesPerSec" : 3.4190418956043955
  },
  "1.1 Homepage" : {
    "transaction" : "1.1 Homepage",
    "sampleCount" : 70,
    "errorCount" : 0,
    "errorPct" : 0.0,
    "meanResTime" : 326.8857142857143,
    "medianResTime" : 320.0,
    "minResTime" : 305.0,
    "maxResTime" : 536.0,
    "pct1ResTime" : 352.8,
    "pct2ResTime" : 371.85,
    "pct3ResTime" : 536.0,
    "throughput" : 1.1862195183948756,
    "receivedKBytesPerSec" : 6.122236479215739,
    "sentKBytesPerSec" : 0.6429217116300351
  },
  "1.3 Sign-in" : {
    "transaction" : "1.3 Sign-in",
    "sampleCount" : 70,
    "errorCount" : 0,
    "errorPct" : 0.0,
    "meanResTime" : 4440.657142857143,
    "medianResTime" : 682.0,
    "minResTime" : 467.0,
    "maxResTime" : 22658.0,
    "pct1ResTime" : 12850.3,
    "pct2ResTime" : 15343.0,
    "pct3ResTime" : 22658.0,
    "throughput" : 0.8042464211034261,
    "receivedKBytesPerSec" : 7.804488951664791,
    "sentKBytesPerSec" : 1.2652743988258002
  },
  "4.0 Vaccination for td_ipv" : {
    "transaction" : "4.0 Vaccination for td_ipv",
    "sampleCount" : 58,
    "errorCount" : 0,
    "errorPct" : 0.0,
    "meanResTime" : 2168.258620689655,
    "medianResTime" : 2199.5,
    "minResTime" : 914.0,
    "maxResTime" : 3530.0,
    "pct1ResTime" : 2572.0,
    "pct2ResTime" : 2792.0499999999997,
    "pct3ResTime" : 3530.0,
    "throughput" : 0.29812081088860565,
    "receivedKBytesPerSec" : 15.819467208638308,
    "sentKBytesPerSec" : 1.7069916156734446
  },
  "2.1 Open session" : {
    "transaction" : "2.1 Open session",
    "sampleCount" : 94,
    "errorCount" : 5,
    "errorPct" : 5.319149,
    "meanResTime" : 9569.734042553191,
    "medianResTime" : 5902.0,
    "minResTime" : 1763.0,
    "maxResTime" : 35881.0,
    "pct1ResTime" : 21000.5,
    "pct2ResTime" : 31276.75,
    "pct3ResTime" : 35881.0,
    "throughput" : 0.3946197377038169,
    "receivedKBytesPerSec" : 6.315469585680761,
    "sentKBytesPerSec" : 0.24382904857810953
  },
  "4.3 Vaccination confirm" : {
    "transaction" : "4.3 Vaccination confirm",
    "sampleCount" : 189,
    "errorCount" : 0,
    "errorPct" : 0.0,