{
  "4.3 Vaccination confirm" : {
    "transaction" : "4.3 Vaccination confirm",
    "sampleCount" : 766,
    "errorCount" : 0,
    "errorPct" : 0.0,
    "meanResTime" : 2123.861618798955,
    "medianResTime" : 1989.5,
    "minResTime" : 1394.0,
    "maxResTime" : 5539.0,
    "pct1ResTime" : 2732.2000000000003,
    "pct2ResTime" : 3121.0999999999995,
    "pct3ResTime" : 4355.780000000007,
    "throughput" : 0.46360181083109403,
    "receivedKBytesPerSec" : 187.245884994901,
    "sentKBytesPerSec" : 2.8009390338653257
  },
  "4.1 Vaccination questions" : {
    "transaction" : "4.1 Vaccination questions",
    "sampleCount" : 784,
    "errorCount" : 0,
    "errorPct" : 0.0,
    "meanResTime" : 1643.3737244897957,
    "medianResTime" : 1588.0,
    "minResTime" : 566.0,
    "maxResTime" : 2936.0,
    "pct1ResTime" : 1826.0,
    "pct2ResTime" : 1983.25,
    "pct3ResTime" : 2583.2499999999986,
    "throughput" : 0.4603959640186461,
    "receivedKBytesPerSec" : 181.7310650827905,
    "sentKBytesPerSec" : 2.632336014584393
  },
  "2.0 Register attendance" : {
    "transaction" : "2.0 Register attendance",
    "sampleCount" : 820,
    "errorCount" : 23,
    "errorPct" : 2.804878,
    "meanResTime" : 3647.969512195122,
    "medianResTime" : 3726.0,
    "minResTime" : 1704.0,
    "maxResTime" : 7158.0,
    "pct1ResTime" : 4892.5,
    "pct2ResTime" : 5157.9,
    "pct3ResTime" : 6104.329999999995,
    "throughput" : 0.46334254179547496,
    "receivedKBytesPerSec" : 887.0140602389096,
    "sentKBytesPerSec" : 9.432598651701456
  },
  "1.0 Login" : {
    "transaction" : "1.0 Login",
    "sampleCount" : 831,
    "errorCount" : 0,
    "errorPct" : 0.0,
    "meanResTime" : 4298.878459687121,
    "medianResTime" : 4261.0,
    "minResTime" : 2474.0,
    "maxResTime" : 6881.0,
    "pct1ResTime" : 4944.800000000001,
    "pct2ResTime" : 5211.4,
    "pct3ResTime" : 5811.799999999999,
    "throughput" : 0.46417086850223627,
    "receivedKBytesPerSec" : 773.2681864885013,
    "sentKBytesPerSec" : 8.91364739593021
  },
  "4.0 Vaccination for menacwy" : {
    "transaction" : "4.0 Vaccination for menacwy",
    "sampleCount" : 195,
    "errorCount" : 0,
    "errorPct" : 0.0,
    "meanResTime" : 4696.287179487182,
    "medianResTime" : 4587.0,
    "minResTime" : 2256.0,
    "maxResTime" : 8198.0,
    "pct1ResTime" : 5531.6,
    "pct2ResTime" : 5908.5999999999985,
    "pct3ResTime" : 7522.159999999994,
    "throughput" : 0.11584208881702059,
    "receivedKBytesPerSec" : 137.40237090048956,
    "sentKBytesPerSec" : 1.9486770768481565
  },
  "2.5 Select patient" : {
    "transaction" : "2.5 Select patient",
    "sampleCount" : 815,
    "errorCount" : 0,
    "errorPct" : 0.0,
    "meanResTime" : 491.66257668711677,
    "medianResTime" : 417.0,
    "minResTime" : 354.0,
    "maxResTime" : 1621.0,
    "pct1ResTime" : 675.5999999999999,
    "pct2ResTime" : 842.799999999998,
    "pct3ResTime" : 1239.9600000000005,
    "throughput" : 0.46675688724127207,
    "receivedKBytesPerSec" : 189.81597568332637,
    "sentKBytesPerSec" : 1.9439454553413884
  },
  "2.3 Search by first/last name" : {
    "transaction" : "2.3 Search by first/last name",
    "sampleCount" : 823,
    "errorCount" : 0,
    "errorPct" : 0.0,
    "meanResTime" : 516.6743620899157,
    "medianResTime" : 511.0,
    "minResTime" : 354.0,
    "maxResTime" : 1700.0,
    "pct1ResTime" : 714.6,
    "pct2ResTime" : 823.0,
    "pct3ResTime" : 1268.5999999999995,
    "throughput" : 0.46489164296547775,
    "receivedKBytesPerSec" : 189.4248536975267,
    "sentKBytesPerSec" : 2.01227187458517
  },
  "4.0 Vaccination for flu" : {
    "transaction" : "4.0 Vaccination for flu",
    "sampleCount" : 196,
    "errorCount" : 0,
    "errorPct" : 0.0,
    "meanResTime" : 4559.1530612244915,
    "medianResTime" : 4475.5,
    "minResTime" : 2387.0,
    "maxResTime" : 6947.0,
    "pct1ResTime" : 5245.400000000001,
    "pct2ResTime" : 5596.649999999999,
    "pct3ResTime" : 6879.1,
    "throughput" : 0.11595094565095215,
    "receivedKBytesPerSec" : 137.36193446645558,
    "sentKBytesPerSec" : 1.9470040444177903
  },
  "4.0 Vaccination for hpv" : {
    "transaction" : "4.0 Vaccination for hpv",
    "sampleCount" : 195,
    "errorCount" : 0,
    "errorPct" : 0.0,
    "meanResTime" : 4673.046153846155,
    "medianResTime" : 4590.0,
    "minResTime" : 2089.0,
    "maxResTime" : 8094.0,
    "pct1ResTime" : 5398.8,
    "pct2ResTime" : 5674.999999999998,
    "pct3ResTime" : 7255.919999999993,
    "throughput" : 0.11654287223793393,
    "receivedKBytesPerSec" : 138.54471439973847,
    "sentKBytesPerSec" : 1.9703379526644689
  },
  "1.2 Sign-in page" : {
    "transaction" : "1.2 Sign-in page",
    "sampleCount" : 831,
    "errorCount" : 0,
    "errorPct" : 0.0,
    "meanResTime" : 973.6630565583629,
    "medianResTime" : 746.0,
    "minResTime" : 302.0,
    "maxResTime" : 3446.0,
    "pct1ResTime" : 1739.0,
    "pct2ResTime" : 1818.4,
    "pct3ResTime" : 2229.399999999996,
    "throughput" : 0.4653506929861403,
    "receivedKBytesPerSec" : 187.01901391659666,
    "sentKBytesPerSec" : 2.2869811353772924
  },
  "2.4 Patient attending session" : {
    "transaction" : "2.4 Patient attending session",
    "sampleCount" : 571,
    "errorCount" : 23,
    "errorPct" : 4.028021,
    "meanResTime" : 1591.5464098073542,
    "medianResTime" : 1493.0,
    "minResTime" : 490.0,
    "maxResTime" : 3618.0,
    "pct1ResTime" : 2141.4000000000015,
    "pct2ResTime" : 2425.6,
    "pct3ResTime" : 3168.999999999996,
    "throughput" : 0.3252499326430744,
    "receivedKBytesPerSec" : 132.66139693511036,
    "sentKBytesPerSec" : 1.6517866424523502
  },
  "Total" : {
    "transaction" : "Total",
    "sampleCount" : 9525,
    "errorCount" : 23,
    "errorPct" : 0.24146982,
    "meanResTime" : 1072.9856167979024,
    "medianResTime" : 882.0,
    "minResTime" : 302.0,
    "maxResTime" : 5539.0,
    "pct1ResTime" : 1887.0,
    "pct2ResTime" : 2123.699999999999,
    "pct3ResTime" : 2776.74,
    "throughput" : 5.2869847479509815,
    "receivedKBytesPerSec" : 2160.8918870724688,
    "sentKBytesPerSec" : 25.495793369302405
  },
  "1.4 Open Sessions list" : {
    "transaction" : "1.4 Open Sessions list",
    "sampleCount" : 831,
    "errorCount" : 0,
    "errorPct" : 0.0,
    "meanResTime" : 1355.802647412756,
    "medianResTime" : 1150.0,
    "minResTime" : 665.0,
    "maxResTime" : 3356.0,
    "pct1ResTime" : 2084.8,
    "pct2ResTime" : 2191.0,
    "pct3ResTime" : 2642.6399999999926,
    "throughput" : 0.46471363909365737,
    "receivedKBytesPerSec" : 213.73968320255221,
    "sentKBytesPerSec" : 1.9339781934103493
  },
  "4.2 Vaccination batch" : {
    "transaction" : "4.2 Vaccination batch",
    "sampleCount" : 782,
    "errorCount" : 0,
    "errorPct" : 0.0,
    "meanResTime" : 925.8337595907931,
    "medianResTime" : 944.5,
    "minResTime" : 520.0,
    "maxResTime" : 2335.0,
    "pct1ResTime" : 1098.1000000000001,
    "pct2ResTime" : 1209.6999999999998,
    "pct3ResTime" : 1725.3799999999994,
    "throughput" : 0.4617129550632848,
    "receivedKBytesPerSec" : 183.4673383427147,
    "sentKBytesPerSec" : 2.404269103078303
  },
  "1.1 Homepage" : {
    "transaction" : "1.1 Homepage",
    "sampleCount" : 834,
    "errorCount" : 0,
    "errorPct" : 0.0,
    "meanResTime" : 839.0395683453249,
    "medianResTime" : 735.0,
    "minResTime" : 506.0,
    "maxResTime" : 2306.0,
    "pct1ResTime" : 1341.5,
    "pct2ResTime" : 1359.0,
    "pct3ResTime" : 1841.1499999999996,
    "throughput" : 0.46417322900381414,
    "receivedKBytesPerSec" : 186.34930514286825,
    "sentKBytesPerSec" : 2.268112269673515
  },
  "1.3 Sign-in" : {
    "transaction" : "1.3 Sign-in",
    "sampleCount" : 831,
    "errorCount" : 0,
    "errorPct" : 0.0,
    "meanResTime" : 1130.0794223826729,
    "medianResTime" : 976.0,
    "minResTime" : 510.0,
    "maxResTime" : 3031.0,
    "pct1ResTime" : 1754.6000000000001,
    "pct2ResTime" : 1856.0,
    "pct3ResTime" : 2562.359999999996,
    "throughput" : 0.46531134704555294,