{
  "7.3 Safe to vaccinate" : {
    "transaction" : "7.3 Safe to vaccinate",
    "sampleCount" : 13,
    "errorCount" : 0,
    "errorPct" : 0.0,
    "meanResTime" : 104.6923076923077,
    "medianResTime" : 93.0,
    "minResTime" : 75.0,
    "maxResTime" : 238.0,
    "pct1ResTime" : 202.79999999999995,
    "pct2ResTime" : 238.0,
    "pct3ResTime" : 238.0,
    "throughput" : 0.008025801098423485,
    "receivedKBytesPerSec" : 0.24315669265379902,
    "sentKBytesPerSec" : 0.05963642889510648
  },
  "2.0 Register attendance" : {
    "transaction" : "2.0 Register attendance",
    "sampleCount" : 928,
    "errorCount" : 5,
    "errorPct" : 0.5387931,
    "meanResTime" : 1012.608836206896,
    "medianResTime" : 955.5,
    "minResTime" : 364.0,
    "maxResTime" : 2879.0,
    "pct1ResTime" : 1454.9,
    "pct2ResTime" : 1689.1499999999994,
    "pct3ResTime" : 2110.3600000000006,
    "throughput" : 0.5241815453075302,
    "receivedKBytesPerSec" : 76.2130991796107,
    "sentKBytesPerSec" : 18.802568744637448
  },
  "2.5 Select patient" : {
    "transaction" : "2.5 Select patient",
    "sampleCount" : 921,
    "errorCount" : 0,
    "errorPct" : 0.0,
    "meanResTime" : 116.03800217155272,
    "medianResTime" : 96.0,
    "minResTime" : 56.0,
    "maxResTime" : 1016.0,
    "pct1ResTime" : 194.60000000000014,
    "pct2ResTime" : 271.9,
    "pct3ResTime" : 497.1599999999994,
    "throughput" : 0.5226119019328129,
    "receivedKBytesPerSec" : 13.078237277684245,
    "sentKBytesPerSec" : 3.768868653400496
  },
  "7.1 Full name search" : {
    "transaction" : "7.1 Full name search",
    "sampleCount" : 13,
    "errorCount" : 0,
    "errorPct" : 0.0,
    "meanResTime" : 649.2307692307692,
    "medianResTime" : 590.0,
    "minResTime" : 310.0,
    "maxResTime" : 1125.0,
    "pct1ResTime" : 1037.0,
    "pct2ResTime" : 1125.0,
    "pct3ResTime" : 1125.0,
    "throughput" : 0.008022052003877737,
    "receivedKBytesPerSec" : 0.3066940398621935,
    "sentKBytesPerSec" : 0.05920240632248773
  },
  "2.3 Search by first/last name" : {
    "transaction" : "2.3 Search by first/last name",
    "sampleCount" : 929,
    "errorCount" : 0,
    "errorPct" : 0.0,
    "meanResTime" : 125.9817007534982,
    "medianResTime" : 92.0,
    "minResTime" : 58.0,
    "maxResTime" : 987.0,
    "pct1ResTime" : 233.0,
    "pct2ResTime" : 331.5,
    "pct3ResTime" : 671.8000000000006,
    "throughput" : 0.524271691247428,
    "receivedKBytesPerSec" : 15.115054493887353,
    "sentKBytesPerSec" : 3.920474229210568
  },
  "4.0 Vaccination for flu" : {
    "transaction" : "4.0 Vaccination for flu",
    "sampleCount" : 236,
    "errorCount" : 0,
    "errorPct" : 0.0,
    "meanResTime" : 795.1864406779656,
    "medianResTime" : 745.5,
    "minResTime" : 185.0,
    "maxResTime" : 1900.0,
    "pct1ResTime" : 1103.3,
    "pct2ResTime" : 1216.15,
    "pct3ResTime" : 1759.6899999999996,
    "throughput" : 0.13833804425176116,
    "receivedKBytesPerSec" : 7.286251120882539,
    "sentKBytesPerSec" : 3.92797351049933
  },
  "4.0 Vaccination for hpv" : {
    "transaction" : "4.0 Vaccination for hpv",
    "sampleCount" : 229,
    "errorCount" : 0,
    "errorPct" : 0.0,
    "meanResTime" : 795.9781659388647,
    "medianResTime" : 755.0,
    "minResTime" : 185.0,
    "maxResTime" : 1835.0,
    "pct1ResTime" : 1169.0,
    "pct2ResTime" : 1324.0,
    "pct3ResTime" : 1773.699999999999,
    "throughput" : 0.13518459485944345,
    "receivedKBytesPerSec" : 6.434315377100083,
    "sentKBytesPerSec" : 3.792377663291479
  },
  "7.6 First name search" : {
    "transaction" : "7.6 First name search",
    "sampleCount" : 13,
    "errorCount" : 0,
    "errorPct" : 0.0,
    "meanResTime" : 2170.6153846153848,
    "medianResTime" : 1741.0,
    "minResTime" : 1299.0,
    "maxResTime" : 3595.0,
    "pct1ResTime" : 3577.4,
    "pct2ResTime" : 3595.0,
    "pct3ResTime" : 3595.0,
    "throughput" : 0.00803834662339975,
    "receivedKBytesPerSec" : 1.074655448638675,
    "sentKBytesPerSec" : 0.05925744497751736
  },
  "1.2 Sign-in page" : {
    "transaction" : "1.2 Sign-in page",
    "sampleCount" : 953,
    "errorCount" : 0,
    "errorPct" : 0.0,
    "meanResTime" : 158.77019937040924,
    "medianResTime" : 91.0,
    "minResTime" : 12.0,
    "maxResTime" : 4096.0,
    "pct1ResTime" : 279.0,
    "pct2ResTime" : 470.0,
    "pct3ResTime" : 1087.340000000001,
    "throughput" : 0.531238851230824,
    "receivedKBytesPerSec" : 11.039976132923988,
    "sentKBytesPerSec" : 4.417243056581397
  },
  "2.4 Patient attending session" : {
    "transaction" : "2.4 Patient attending session",
    "sampleCount" : 719,
    "errorCount" : 5,
    "errorPct" : 0.6954103,
    "meanResTime" : 376.33796940194736,
    "medianResTime" : 339.0,
    "minResTime" : 97.0,
    "maxResTime" : 1351.0,
    "pct1ResTime" : 524.0,
    "pct2ResTime" : 704.0,
    "pct3ResTime" : 1087.5999999999997,
    "throughput" : 0.4093973488817018,
    "receivedKBytesPerSec" : 12.231731123735935,
    "sentKBytesPerSec" : 3.5892981285658565
  },
  "Check STS status" : {
    "transaction" : "Check STS status",
    "sampleCount" : 1,
    "errorCount" : 0,
    "errorPct" : 0.0,
    "meanResTime" : 25.0,
    "medianResTime" : 25.0,
    "minResTime" : 25.0,
    "maxResTime" : 25.0,
    "pct1ResTime" : 25.0,
    "pct2ResTime" : 25.0,
    "pct3ResTime" : 25.0,
    "throughput" : 40.0,
    "receivedKBytesPerSec" : 12.5390625,
    "sentKBytesPerSec" : 23.59375
  },
  "1.1 Homepage" : {
    "transaction" : "1.1 Homepage",
    "sampleCount" : 955,
    "errorCount" : 0,
    "errorPct" : 0.0,
    "meanResTime" : 151.21047120418865,
    "medianResTime" : 95.0,
    "minResTime" : 28.0,
    "maxResTime" : 4302.0,
    "pct1ResTime" : 241.5999999999999,
    "pct2ResTime" : 349.7999999999997,
    "pct3ResTime" : 1154.6799999999987,
    "throughput" : 0.5311073170460423,
    "receivedKBytesPerSec" : 27.528007721042137,
    "sentKBytesPerSec" : 4.402632113814073
  },
  "1.3 Sign-in" : {
    "transaction" : "1.3 Sign-in",
    "sampleCount" : 950,
    "errorCount" : 0,
    "errorPct" : 0.0,
    "meanResTime" : 193.27157894736845,
    "medianResTime" : 102.0,
    "minResTime" : 55.0,
    "maxResTime" : 4197.0,
    "pct1ResTime" : 385.9,
    "pct2ResTime" : 535.2499999999997,
    "pct3ResTime" : 1154.39,
    "throughput" : 0.5300999098830153,
    "receivedKBytesPerSec" : 11.431504291019271,
    "sentKBytesPerSec" : 4.663723972791924
  },
  "Run some searches" : {
    "transaction" : "Run some searches",
    "sampleCount" : 13,
    "errorCount" : 0,
    "errorPct" : 0.0,
    "meanResTime" : 8829.538461538461,
    "medianResTime" : 7234.0,
    "minResTime" : 6030.0,
    "maxResTime" : 14998.0,
    "pct1ResTime" : 13703.199999999999,
    "pct2ResTime" : 14998.0,
    "pct3ResTime" : 14998.0,
    "throughput" : 0.007959701866305173,
    "receivedKBytesPerSec" : 5.2914192988405775,
    "sentKBytesPerSec" : 0.47158602646784553
  },
  "4.0 Vaccination for td_ipv" : {
    "transaction" : "4.0 Vaccination for td_ipv",
    "sampleCount" : 216,
    "errorCount" : 0,
    "errorPct" : 0.0,
    "meanResTime" : 782.5185185185185,
    "medianResTime" : 735.0,
    "minResTime" : 190.0,
    "maxResTime" : 1846.0,
    "pct1ResTime" : 1105.0000000000002,
    "pct2ResTime" : 1234.35,
    "pct3ResTime" : 1702.9199999999996,
    "throughput" : 0.1275117151388284,
    "receivedKBytesPerSec" : 6.316561779425985,
    "sentKBytesPerSec" : 3.6044127797731
  },
  "2.1 Open session" : {
    "transaction" : "2.1 Open session",
    "sampleCount" : 933,
    "errorCount" : 0,
    "errorPct" : 0.0,
    "meanResTime" : 332.0535905680601,
    "medianResTime" : 281.0,
    "minResTime" : 105.0,
    "maxResTime" : 2063.0,
    "pct1ResTime" : 558.6,
    "pct2ResTime" : 726.8999999999999,
    "pct3ResTime" : 1157.8799999999994,
    "throughput" : 0.5240745702504268,
    "receivedKBytesPerSec" : 12.126783373664045,
    "sentKBytesPerSec" : 3.782175376211677
  },
  "7.7 Partial name search" : {
    "transaction" : "7.7 Partial name search",