{
  "2.0 Register attendance" : {
    "transaction" : "2.0 Register attendance",
    "sampleCount" : 21,
    "errorCount" : 0,
    "errorPct" : 0.0,
    "meanResTime" : 2726.857142857143,
    "medianResTime" : 1901.0,
    "minResTime" : 698.0,
    "maxResTime" : 7465.0,
    "pct1ResTime" : 5785.400000000001,
    "pct2ResTime" : 7300.999999999998,
    "pct3ResTime" : 7465.0,
    "throughput" : 0.07660319544758153,
    "receivedKBytesPerSec" : 154.64480611526045,
    "sentKBytesPerSec" : 1.6095826094787336
  },
  "2.5 Select patient" : {
    "transaction" : "2.5 Select patient",
    "sampleCount" : 20,
    "errorCount" : 0,
    "errorPct" : 0.0,
    "meanResTime" : 141.85,
    "medianResTime" : 122.5,
    "minResTime" : 71.0,
    "maxResTime" : 391.0,
    "pct1ResTime" : 274.10000000000014,
    "pct2ResTime" : 385.44999999999993,
    "pct3ResTime" : 391.0,
    "throughput" : 0.12447022361075671,
    "receivedKBytesPerSec" : 50.61716566908969,
    "sentKBytesPerSec" : 0.512880528811745
  },
  "2.3 Search by first/last name" : {
    "transaction" : "2.3 Search by first/last name",
    "sampleCount" : 21,
    "errorCount" : 0,
    "errorPct" : 0.0,
    "meanResTime" : 246.1428571428571,
    "medianResTime" : 111.0,
    "minResTime" : 67.0,
    "maxResTime" : 2937.0,
    "pct1ResTime" : 267.40000000000003,
    "pct2ResTime" : 2670.899999999996,
    "pct3ResTime" : 2937.0,
    "throughput" : 0.07721865749848321,
    "receivedKBytesPerSec" : 31.392346763481093,
    "sentKBytesPerSec" : 0.3308688765144969
  },
  "4.0 Vaccination for flu" : {
    "transaction" : "4.0 Vaccination for flu",
    "sampleCount" : 6,
    "errorCount" : 0,
    "errorPct" : 0.0,
    "meanResTime" : 1794.6666666666665,
    "medianResTime" : 1853.0,
    "minResTime" : 248.0,
    "maxResTime" : 2685.0,
    "pct1ResTime" : 2685.0,
    "pct2ResTime" : 2685.0,
    "pct3ResTime" : 2685.0,
    "throughput" : 0.038198069724209936,
    "receivedKBytesPerSec" : 43.07805342835634,
    "sentKBytesPerSec" : 0.6011968330617027
  },
  "4.0 Vaccination for hpv" : {
    "transaction" : "4.0 Vaccination for hpv",
    "sampleCount" : 6,
    "errorCount" : 0,
    "errorPct" : 0.0,
    "meanResTime" : 1809.5,
    "medianResTime" : 2007.5,
    "minResTime" : 269.0,
    "maxResTime" : 2886.0,
    "pct1ResTime" : 2886.0,
    "pct2ResTime" : 2886.0,
    "pct3ResTime" : 2886.0,
    "throughput" : 0.03919980138767297,
    "receivedKBytesPerSec" : 44.14019497613712,
    "sentKBytesPerSec" : 0.6178817652323895
  },
  "1.2 Sign-in page" : {
    "transaction" : "1.2 Sign-in page",
    "sampleCount" : 28,
    "errorCount" : 0,
    "errorPct" : 0.0,
    "meanResTime" : 96.21428571428571,
    "medianResTime" : 88.5,
    "minResTime" : 17.0,
    "maxResTime" : 355.0,
    "pct1ResTime" : 195.90000000000003,
    "pct2ResTime" : 295.14999999999964,
    "pct3ResTime" : 355.0,
    "throughput" : 0.0951772336057215,
    "receivedKBytesPerSec" : 37.819931206830326,
    "sentKBytesPerSec" : 0.4193647270197969
  },
  "7.1 Name search" : {
    "transaction" : "7.1 Name search",
    "sampleCount" : 1,
    "errorCount" : 1,
    "errorPct" : 100.0,
    "meanResTime" : 0.0,
    "medianResTime" : 0.0,
    "minResTime" : 0.0,
    "maxResTime" : 0.0,
    "pct1ResTime" : 0.0,
    "pct2ResTime" : 0.0,
    "pct3ResTime" : 0.0,
    "throughput" : "Infinity",
    "receivedKBytesPerSec" : "Infinity",
    "sentKBytesPerSec" : "NaN"
  },
  "7.3 Name search" : {
    "transaction" : "7.3 Name search",
    "sampleCount" : 1,
    "errorCount" : 1,
    "errorPct" : 100.0,
    "meanResTime" : 0.0,
    "medianResTime" : 0.0,
    "minResTime" : 0.0,
    "maxResTime" : 0.0,
    "pct1ResTime" : 0.0,
    "pct2ResTime" : 0.0,
    "pct3ResTime" : 0.0,
    "throughput" : "Infinity",
    "receivedKBytesPerSec" : "Infinity",
    "sentKBytesPerSec" : "NaN"
  },
  "Data prep Sign-in page" : {
    "transaction" : "Data prep Sign-in page",
    "sampleCount" : 1,
    "errorCount" : 0,
    "errorPct" : 0.0,
    "meanResTime" : 44.0,
    "medianResTime" : 44.0,
    "minResTime" : 44.0,
    "maxResTime" : 44.0,
    "pct1ResTime" : 44.0,
    "pct2ResTime" : 44.0,
    "pct3ResTime" : 44.0,
    "throughput" : 22.727272727272727,
    "receivedKBytesPerSec" : 8491.321910511364,
    "sentKBytesPerSec" : 79.7452059659091
  },
  "2.4 Patient attending session" : {
    "transaction" : "2.4 Patient attending session",
    "sampleCount" : 19,
    "errorCount" : 0,
    "errorPct" : 0.0,
    "meanResTime" : 1554.8947368421052,
    "medianResTime" : 1128.0,
    "minResTime" : 911.0,
    "maxResTime" : 4792.0,
    "pct1ResTime" : 3370.0,
    "pct2ResTime" : 4792.0,
    "pct3ResTime" : 4792.0,
    "throughput" : 0.11939773269989694,
    "receivedKBytesPerSec" : 48.706100713558556,
    "sentKBytesPerSec" : 0.604101223748209
  },
  "JSR223 Sampler" : {
    "transaction" : "JSR223 Sampler",
    "sampleCount" : 1,
    "errorCount" : 0,
    "errorPct" : 0.0,
    "meanResTime" : 433.0,
    "medianResTime" : 433.0,
    "minResTime" : 433.0,
    "maxResTime" : 433.0,
    "pct1ResTime" : 433.0,
    "pct2ResTime" : 433.0,
    "pct3ResTime" : 433.0,
    "throughput" : 2.3094688221709005,
    "receivedKBytesPerSec" : 0.0,
    "sentKBytesPerSec" : 0.0
  },
  "1.1 Homepage" : {
    "transaction" : "1.1 Homepage",
    "sampleCount" : 29,
    "errorCount" : 0,
    "errorPct" : 0.0,
    "meanResTime" : 112.24137931034483,
    "medianResTime" : 95.0,
    "minResTime" : 36.0,
    "maxResTime" : 302.0,
    "pct1ResTime" : 217.0,
    "pct2ResTime" : 277.0,
    "pct3ResTime" : 302.0,
    "throughput" : 0.0974891501299295,
    "receivedKBytesPerSec" : 38.73009272604877,
    "sentKBytesPerSec" : 0.4215742596287344
  },
  "1.3 Sign-in" : {
    "transaction" : "1.3 Sign-in",
    "sampleCount" : 25,
    "errorCount" : 0,
    "errorPct" : 0.0,
    "meanResTime" : 236.83999999999995,
    "medianResTime" : 281.0,
    "minResTime" : 79.0,
    "maxResTime" : 425.0,
    "pct1ResTime" : 363.0,
    "pct2ResTime" : 406.4,
    "pct3ResTime" : 425.0,
    "throughput" : 0.08556662217202314,
    "receivedKBytesPerSec" : 34.27987398175719,
    "sentKBytesPerSec" : 0.45896131212136765
  },
  "Run some searches" : {
    "transaction" : "Run some searches",
    "sampleCount" : 1,
    "errorCount" : 1,
    "errorPct" : 100.0,
    "meanResTime" : 49765.0,
    "medianResTime" : 49765.0,
    "minResTime" : 49765.0,
    "maxResTime" : 49765.0,
    "pct1ResTime" : 49765.0,
    "pct2ResTime" : 49765.0,
    "pct3ResTime" : 49765.0,
    "throughput" : 0.020094443886265446,
    "receivedKBytesPerSec" : 0.06881954561438762,
    "sentKBytesPerSec" : 0.020055196925550085
  },
  "4.0 Vaccination for td_ipv" : {
    "transaction" : "4.0 Vaccination for td_ipv",
    "sampleCount" : 4,
    "errorCount" : 0,
    "errorPct" : 0.0,
    "meanResTime" : 1790.5,
    "medianResTime" : 1551.0,
    "minResTime" : 1276.0,
    "maxResTime" : 2784.0,
    "pct1ResTime" : 2784.0,
    "pct2ResTime" : 2784.0,
    "pct3ResTime" : 2784.0,
    "throughput" : 0.026043192634985123,
    "receivedKBytesPerSec" : 31.243934275934134,
    "sentKBytesPerSec" : 0.43665583432623
  },
  "Data prep Homepage" : {
    "transaction" : "Data prep Homepage",
    "sampleCount" : 1,
    "errorCount" : 0,
    "errorPct" : 0.0,
    "meanResTime" : 640.0,
    "medianResTime" : 640.0,
    "minResTime" : 640.0,
    "maxResTime" : 640.0,
    "pct1ResTime" : 640.0,
    "pct2ResTime" : 640.0,
    "pct3ResTime" : 640.0,
    "throughput" : 1.5625,
    "receivedKBytesPerSec" : 607.4874877929688,
    "sentKBytesPerSec" : 5.08270263671875
  },
  "2.1 Open session" : {
    "transaction" : "2.1 Open session",
    "sampleCount" : 21,
    "errorCount" : 0,
    "errorPct" : 0.0,
    "meanResTime" : 492.04761904761904,
    "medianResTime" : 487.0,
    "minResTime" : 293.0,
    "maxResTime" : 923.0,
    "pct1ResTime" : 703.6,
    "pct2ResTime" : 901.4999999999997,
    "pct3ResTime" : 923.0,
    "throughput" : 0.07692899453804139,
    "receivedKBytesPerSec" : 30.956464943274028,