{
  "2.0 Register attendance" : {
    "transaction" : "2.0 Register attendance",
    "sampleCount" : 62,
    "errorCount" : 0,
    "errorPct" : 0.0,
    "meanResTime" : 9073.000000000002,
    "medianResTime" : 9213.0,
    "minResTime" : 4400.0,
    "maxResTime" : 16511.0,
    "pct1ResTime" : 13393.1,
    "pct2ResTime" : 15610.5,
    "pct3ResTime" : 16511.0,
    "throughput" : 0.12124388402826937,
    "receivedKBytesPerSec" : 32.53610794421217,
    "sentKBytesPerSec" : 0.5172573313438907
  },
  "2.5 Select patient" : {
    "transaction" : "2.5 Select patient",
    "sampleCount" : 58,
    "errorCount" : 0,
    "errorPct" : 0.0,
    "meanResTime" : 938.0172413793099,
    "medianResTime" : 449.0,
    "minResTime" : 371.0,
    "maxResTime" : 5596.0,
    "pct1ResTime" : 2480.9,
    "pct2ResTime" : 2729.8499999999985,
    "pct3ResTime" : 5596.0,
    "throughput" : 0.11652248683094997,
    "receivedKBytesPerSec" : 2.944529441892446,
    "sentKBytesPerSec" : 0.08079195864255322
  },
  "1.4 Select Organisations" : {
    "transaction" : "1.4 Select Organisations",
    "sampleCount" : 35,
    "errorCount" : 0,
    "errorPct" : 0.0,
    "meanResTime" : 590.5999999999999,
    "medianResTime" : 454.0,
    "minResTime" : 419.0,
    "maxResTime" : 2141.0,
    "pct1ResTime" : 998.5999999999988,
    "pct2ResTime" : 1763.399999999998,
    "pct3ResTime" : 2141.0,
    "throughput" : 0.5074155153166998,
    "receivedKBytesPerSec" : 7.2911248948925,
    "sentKBytesPerSec" : 0.7333739869811676
  },
  "2.5 Select menacwy" : {
    "transaction" : "2.5 Select menacwy",
    "sampleCount" : 24,
    "errorCount" : 0,
    "errorPct" : 0.0,
    "meanResTime" : 488.375,
    "medianResTime" : 422.5,
    "minResTime" : 375.0,
    "maxResTime" : 879.0,
    "pct1ResTime" : 679.5,
    "pct2ResTime" : 830.0,
    "pct3ResTime" : 879.0,
    "throughput" : 0.08747471434038598,
    "receivedKBytesPerSec" : 2.0260953417436625,
    "sentKBytesPerSec" : 0.06099311136624569
  },
  "2.3 Search by first/last name" : {
    "transaction" : "2.3 Search by first/last name",
    "sampleCount" : 67,
    "errorCount" : 0,
    "errorPct" : 0.0,
    "meanResTime" : 2085.2686567164174,
    "medianResTime" : 1384.0,
    "minResTime" : 734.0,
    "maxResTime" : 5763.0,
    "pct1ResTime" : 3973.0000000000005,
    "pct2ResTime" : 4644.2,
    "pct3ResTime" : 5763.0,
    "throughput" : 0.1280187098389066,
    "receivedKBytesPerSec" : 8.788179908323318,
    "sentKBytesPerSec" : 0.11043031841310301
  },
  "2.5 Select td_ipv" : {
    "transaction" : "2.5 Select td_ipv",
    "sampleCount" : 23,
    "errorCount" : 0,
    "errorPct" : 0.0,
    "meanResTime" : 467.1304347826087,
    "medianResTime" : 415.0,
    "minResTime" : 377.0,
    "maxResTime" : 721.0,
    "pct1ResTime" : 666.2,
    "pct2ResTime" : 710.9999999999999,
    "pct3ResTime" : 721.0,
    "throughput" : 0.23994074506817445,
    "receivedKBytesPerSec" : 5.63563270027228,
    "sentKBytesPerSec" : 0.1670681164390707
  },
  "4.0 Vaccination for flu" : {
    "transaction" : "4.0 Vaccination for flu",
    "sampleCount" : 46,
    "errorCount" : 0,
    "errorPct" : 0.0,
    "meanResTime" : 2210.7608695652175,
    "medianResTime" : 2176.0,
    "minResTime" : 2090.0,
    "maxResTime" : 2521.0,
    "pct1ResTime" : 2379.3,
    "pct2ResTime" : 2458.5,
    "pct3ResTime" : 2521.0,
    "throughput" : 0.1395334728668062,
    "receivedKBytesPerSec" : 7.2997298908757235,
    "sentKBytesPerSec" : 0.8154224300057633
  },
  "4.0 Vaccination for hpv" : {
    "transaction" : "4.0 Vaccination for hpv",
    "sampleCount" : 46,
    "errorCount" : 0,
    "errorPct" : 0.0,
    "meanResTime" : 2297.6304347826076,
    "medianResTime" : 2201.0,
    "minResTime" : 961.0,
    "maxResTime" : 6177.0,
    "pct1ResTime" : 2557.0000000000005,
    "pct2ResTime" : 3870.449999999997,
    "pct3ResTime" : 6177.0,
    "throughput" : 0.1374833376172344,
    "receivedKBytesPerSec" : 6.5832173006342165,
    "sentKBytesPerSec" : 0.7583707458620503
  },
  "1.2 Sign-in page" : {
    "transaction" : "1.2 Sign-in page",
    "sampleCount" : 35,
    "errorCount" : 0,
    "errorPct" : 0.0,
    "meanResTime" : 93.85714285714285,
    "medianResTime" : 93.0,
    "minResTime" : 91.0,
    "maxResTime" : 115.0,
    "pct1ResTime" : 96.4,
    "pct2ResTime" : 105.39999999999995,
    "pct3ResTime" : 115.0,
    "throughput" : 0.5936026593399139,
    "receivedKBytesPerSec" : 3.577267588658797,
    "sentKBytesPerSec" : 0.35766878985617856
  },
  "2.4 Patient attending session" : {
    "transaction" : "2.4 Patient attending session",
    "sampleCount" : 63,
    "errorCount" : 0,
    "errorPct" : 0.0,
    "meanResTime" : 2369.619047619047,
    "medianResTime" : 1528.0,
    "minResTime" : 935.0,
    "maxResTime" : 7358.0,
    "pct1ResTime" : 5473.6,
    "pct2ResTime" : 6584.999999999999,
    "pct3ResTime" : 7358.0,
    "throughput" : 0.12312214302884379,
    "receivedKBytesPerSec" : 7.455498841943414,
    "sentKBytesPerSec" : 0.18299990399404323
  },
  "5.4 Consent route" : {
    "transaction" : "5.4 Consent route",
    "sampleCount" : 1,
    "errorCount" : 0,
    "errorPct" : 0.0,
    "meanResTime" : 469.0,
    "medianResTime" : 469.0,
    "minResTime" : 469.0,
    "maxResTime" : 469.0,
    "pct1ResTime" : 469.0,
    "pct2ResTime" : 469.0,
    "pct3ResTime" : 469.0,
    "throughput" : 2.1321961620469083,
    "receivedKBytesPerSec" : 27.77893456823028,
    "sentKBytesPerSec" : 3.316980943496802
  },
  "1.1 Homepage" : {
    "transaction" : "1.1 Homepage",
    "sampleCount" : 35,
    "errorCount" : 0,
    "errorPct" : 0.0,
    "meanResTime" : 281.51428571428573,
    "medianResTime" : 272.0,
    "minResTime" : 264.0,
    "maxResTime" : 478.0,
    "pct1ResTime" : 292.0,
    "pct2ResTime" : 389.19999999999953,
    "pct3ResTime" : 478.0,
    "throughput" : 0.6024096385542169,
    "receivedKBytesPerSec" : 3.1091161521084336,
    "sentKBytesPerSec" : 0.3265013177710843
  },
  "1.3 Sign-in" : {
    "transaction" : "1.3 Sign-in",
    "sampleCount" : 35,
    "errorCount" : 0,
    "errorPct" : 0.0,
    "meanResTime" : 596.5428571428571,
    "medianResTime" : 505.0,
    "minResTime" : 455.0,
    "maxResTime" : 1303.0,
    "pct1ResTime" : 889.5999999999997,
    "pct2ResTime" : 1098.9999999999989,
    "pct3ResTime" : 1303.0,
    "throughput" : 0.5070479667376534,
    "receivedKBytesPerSec" : 4.92044496628131,
    "sentKBytesPerSec" : 0.797709252357773
  },
  "4.0 Vaccination for td_ipv" : {
    "transaction" : "4.0 Vaccination for td_ipv",
    "sampleCount" : 23,
    "errorCount" : 0,
    "errorPct" : 0.0,
    "meanResTime" : 2918.0434782608695,
    "medianResTime" : 2444.0,
    "minResTime" : 2122.0,
    "maxResTime" : 8374.0,
    "pct1ResTime" : 4014.6000000000004,
    "pct2ResTime" : 7532.599999999988,
    "pct3ResTime" : 8374.0,
    "throughput" : 0.23356893330083678,
    "receivedKBytesPerSec" : 13.120867718107686,
    "sentKBytesPerSec" : 1.3845841806554149
  },
  "2.1 Open session" : {
    "transaction" : "2.1 Open session",
    "sampleCount" : 71,
    "errorCount" : 0,
    "errorPct" : 0.0,
    "meanResTime" : 2206.507042253522,
    "medianResTime" : 1725.0,
    "minResTime" : 1243.0,
    "maxResTime" : 6230.0,
    "pct1ResTime" : 4419.199999999999,
    "pct2ResTime" : 5172.799999999998,
    "pct3ResTime" : 6230.0,
    "throughput" : 0.13052718274540948,
    "receivedKBytesPerSec" : 2.2829635857885315,
    "sentKBytesPerSec" : 0.08271054287358351
  },
  "4.3 Vaccination confirm" : {
    "transaction" : "4.3 Vaccination confirm",
    "sampleCount" : 130,
    "errorCount" : 0,
    "errorPct" : 0.0,
    "meanResTime" : 1271.9923076923078,
    "medianResTime" : 1182.0,
    "minResTime" : 943.0,
    "maxResTime" : 7307.0,
    "pct1ResTime" : 1526.8000000000006,
    "pct2ResTime" : 2002.2999999999984,
    "pct3ResTime" : 6040.029999999991,
    "throughput" : 0.32708845981592466,
    "receivedKBytesPerSec" : 6.838370023852296,
    "sentKBytesPerSec" : 0.7612693965029211
  },