{
  "7.3 Safe to vaccinate" : {
    "transaction" : "7.3 Safe to vaccinate",
    "sampleCount" : 26,
    "errorCount" : 0,
    "errorPct" : 0.0,
    "meanResTime" : 104.96153846153847,
    "medianResTime" : 93.0,
    "minResTime" : 73.0,
    "maxResTime" : 274.0,
    "pct1ResTime" : 168.9,
    "pct2ResTime" : 237.94999999999985,
    "pct3ResTime" : 274.0,
    "throughput" : 0.007506850723097396,
    "receivedKBytesPerSec" : 0.22743411800134142,
    "sentKBytesPerSec" : 0.055795265750455535
  },
  "2.0 Register attendance" : {
    "transaction" : "2.0 Register attendance",
    "sampleCount" : 1674,
    "errorCount" : 212,
    "errorPct" : 12.664277,
    "meanResTime" : 816.1344086021502,
    "medianResTime" : 795.5,
    "minResTime" : 265.0,
    "maxResTime" : 3239.0,
    "pct1ResTime" : 1196.0,
    "pct2ResTime" : 1385.0,
    "pct3ResTime" : 1712.75,
    "throughput" : 0.46911229046177577,
    "receivedKBytesPerSec" : 62.60066679879132,
    "sentKBytesPerSec" : 16.226570088220573
  },
  "2.5 Select patient" : {
    "transaction" : "2.5 Select patient",
    "sampleCount" : 1666,
    "errorCount" : 0,
    "errorPct" : 0.0,
    "meanResTime" : 116.2527010804323,
    "medianResTime" : 95.0,
    "minResTime" : 47.0,
    "maxResTime" : 1106.0,
    "pct1ResTime" : 196.5999999999999,
    "pct2ResTime" : 271.64999999999986,
    "pct3ResTime" : 520.6399999999994,
    "throughput" : 0.4678613512824344,
    "receivedKBytesPerSec" : 11.323888593657502,
    "sentKBytesPerSec" : 3.3740211831879385
  },
  "7.1 Full name search" : {
    "transaction" : "7.1 Full name search",
    "sampleCount" : 26,
    "errorCount" : 0,
    "errorPct" : 0.0,
    "meanResTime" : 693.1153846153845,
    "medianResTime" : 558.0,
    "minResTime" : 188.0,
    "maxResTime" : 2134.0,
    "pct1ResTime" : 1626.6000000000004,
    "pct2ResTime" : 2081.85,
    "pct3ResTime" : 2134.0,
    "throughput" : 0.0075045344706359115,
    "receivedKBytesPerSec" : 0.2904458351024311,
    "sentKBytesPerSec" : 0.05537610192182468
  },
  "2.3 Search by first/last name" : {
    "transaction" : "2.3 Search by first/last name",
    "sampleCount" : 1676,
    "errorCount" : 0,
    "errorPct" : 0.0,
    "meanResTime" : 107.97732696897376,
    "medianResTime" : 89.0,
    "minResTime" : 55.0,
    "maxResTime" : 784.0,
    "pct1ResTime" : 176.29999999999995,
    "pct2ResTime" : 253.14999999999986,
    "pct3ResTime" : 451.07000000000016,
    "throughput" : 0.4696746018134596,
    "receivedKBytesPerSec" : 13.423693128143542,
    "sentKBytesPerSec" : 3.5121530361198268
  },
  "4.0 Vaccination for flu" : {
    "transaction" : "4.0 Vaccination for flu",
    "sampleCount" : 431,
    "errorCount" : 2,
    "errorPct" : 0.46403712,
    "meanResTime" : 810.8027842227373,
    "medianResTime" : 756.0,
    "minResTime" : 65.0,
    "maxResTime" : 2789.0,
    "pct1ResTime" : 1088.6,
    "pct2ResTime" : 1276.9999999999998,
    "pct3ResTime" : 2056.4800000000014,
    "throughput" : 0.12299178808657596,
    "receivedKBytesPerSec" : 6.449215797153725,
    "sentKBytesPerSec" : 3.484788044003237
  },
  "4.0 Vaccination for hpv" : {
    "transaction" : "4.0 Vaccination for hpv",
    "sampleCount" : 426,
    "errorCount" : 191,
    "errorPct" : 44.835682,
    "meanResTime" : 504.591549295774,
    "medianResTime" : 575.5,
    "minResTime" : 49.0,
    "maxResTime" : 2008.0,
    "pct1ResTime" : 1019.2,
    "pct2ResTime" : 1180.5499999999997,
    "pct3ResTime" : 1702.7300000000018,
    "throughput" : 0.12198897002078107,
    "receivedKBytesPerSec" : 4.368848279780128,
    "sentKBytesPerSec" : 3.1572252406060617
  },
  "7.6 First name search" : {
    "transaction" : "7.6 First name search",
    "sampleCount" : 26,
    "errorCount" : 0,
    "errorPct" : 0.0,
    "meanResTime" : 2093.3076923076924,
    "medianResTime" : 1617.5,
    "minResTime" : 937.0,
    "maxResTime" : 8097.0,
    "pct1ResTime" : 4290.900000000001,
    "pct2ResTime" : 6817.049999999995,
    "pct3ResTime" : 8097.0,
    "throughput" : 0.007506725015092848,
    "receivedKBytesPerSec" : 1.0045886593487166,
    "sentKBytesPerSec" : 0.0553401046278671
  },
  "1.2 Sign-in page" : {
    "transaction" : "1.2 Sign-in page",
    "sampleCount" : 1710,
    "errorCount" : 0,
    "errorPct" : 0.0,
    "meanResTime" : 150.69707602339182,
    "medianResTime" : 90.0,
    "minResTime" : 11.0,
    "maxResTime" : 7648.0,
    "pct1ResTime" : 231.0,
    "pct2ResTime" : 380.34999999999945,
    "pct3ResTime" : 1136.599999999995,
    "throughput" : 0.47566394759351593,
    "receivedKBytesPerSec" : 10.161960825092665,
    "sentKBytesPerSec" : 4.035988113182289
  },
  "2.4 Patient attending session" : {
    "transaction" : "2.4 Patient attending session",
    "sampleCount" : 1083,
    "errorCount" : 212,
    "errorPct" : 19.575254,
    "meanResTime" : 297.28347183748826,
    "medianResTime" : 311.0,
    "minResTime" : 13.0,
    "maxResTime" : 1375.0,
    "pct1ResTime" : 478.6,
    "pct2ResTime" : 578.0,
    "pct3ResTime" : 877.680000000006,
    "throughput" : 0.3084343553152381,
    "receivedKBytesPerSec" : 8.004298881701185,
    "sentKBytesPerSec" : 2.616528419142923
  },
  "Check STS status" : {
    "transaction" : "Check STS status",
    "sampleCount" : 1,
    "errorCount" : 0,
    "errorPct" : 0.0,
    "meanResTime" : 30.0,
    "medianResTime" : 30.0,
    "minResTime" : 30.0,
    "maxResTime" : 30.0,
    "pct1ResTime" : 30.0,
    "pct2ResTime" : 30.0,
    "pct3ResTime" : 30.0,
    "throughput" : 33.333333333333336,
    "receivedKBytesPerSec" : 10.44921875,
    "sentKBytesPerSec" : 19.661458333333336
  },
  "1.1 Homepage" : {
    "transaction" : "1.1 Homepage",
    "sampleCount" : 1710,
    "errorCount" : 0,
    "errorPct" : 0.0,
    "meanResTime" : 145.34269005847943,
    "medianResTime" : 93.0,
    "minResTime" : 28.0,
    "maxResTime" : 7921.0,
    "pct1ResTime" : 204.9000000000001,
    "pct2ResTime" : 302.89999999999964,
    "pct3ResTime" : 1157.4899999999948,
    "throughput" : 0.47563589877244217,
    "receivedKBytesPerSec" : 18.31447213967938,
    "sentKBytesPerSec" : 4.027135629958192
  },
  "1.3 Sign-in" : {
    "transaction" : "1.3 Sign-in",
    "sampleCount" : 1709,
    "errorCount" : 0,
    "errorPct" : 0.0,
    "meanResTime" : 158.43768285547105,
    "medianResTime" : 93.0,
    "minResTime" : 51.0,
    "maxResTime" : 7559.0,
    "pct1ResTime" : 275.0,
    "pct2ResTime" : 357.0,
    "pct3ResTime" : 1091.3000000000025,
    "throughput" : 0.47627779843165535,
    "receivedKBytesPerSec" : 10.378538845589288,
    "sentKBytesPerSec" : 4.202959102256759
  },
  "Run some searches" : {
    "transaction" : "Run some searches",
    "sampleCount" : 26,
    "errorCount" : 0,
    "errorPct" : 0.0,
    "meanResTime" : 9290.576923076922,
    "medianResTime" : 8517.5,
    "minResTime" : 5278.0,
    "maxResTime" : 22233.0,
    "pct1ResTime" : 12299.900000000001,
    "pct2ResTime" : 19024.199999999986,
    "pct3ResTime" : 22233.0,
    "throughput" : 0.007490056230156752,
    "receivedKBytesPerSec" : 4.96477071857583,
    "sentKBytesPerSec" : 0.44385306884528397
  },
  "4.0 Vaccination for td_ipv" : {
    "transaction" : "4.0 Vaccination for td_ipv",
    "sampleCount" : 389,
    "errorCount" : 0,
    "errorPct" : 0.0,
    "meanResTime" : 800.2519280205654,
    "medianResTime" : 758.0,
    "minResTime" : 197.0,
    "maxResTime" : 1996.0,
    "pct1ResTime" : 1096.0,
    "pct2ResTime" : 1243.0,
    "pct3ResTime" : 1549.1,
    "throughput" : 0.11208924263114081,
    "receivedKBytesPerSec" : 5.585712024852548,
    "sentKBytesPerSec" : 3.1832032487006723
  },
  "2.1 Open session" : {
    "transaction" : "2.1 Open session",
    "sampleCount" : 1680,
    "errorCount" : 0,
    "errorPct" : 0.0,
    "meanResTime" : 279.8101190476184,
    "medianResTime" : 256.0,
    "minResTime" : 85.0,
    "maxResTime" : 1449.0,
    "pct1ResTime" : 437.0,
    "pct2ResTime" : 533.7999999999993,
    "pct3ResTime" : 802.5700000000002,
    "throughput" : 0.46919812086152596,
    "receivedKBytesPerSec" : 10.78590399413977,