{
  "7.3 Safe to vaccinate" : {
    "transaction" : "7.3 Safe to vaccinate",
    "sampleCount" : 27,
    "errorCount" : 0,
    "errorPct" : 0.0,
    "meanResTime" : 115.77777777777779,
    "medianResTime" : 86.0,
    "minResTime" : 79.0,
    "maxResTime" : 402.0,
    "pct1ResTime" : 288.4,
    "pct2ResTime" : 376.39999999999986,
    "pct3ResTime" : 402.0,
    "throughput" : 0.007964322196359478,
    "receivedKBytesPerSec" : 3.3834723864966096,
    "sentKBytesPerSec" : 0.0585407063697469
  },
  "2.0 Register attendance" : {
    "transaction" : "2.0 Register attendance",
    "sampleCount" : 1647,
    "errorCount" : 6,
    "errorPct" : 0.36429873,
    "meanResTime" : 1347.9581056466309,
    "medianResTime" : 1263.0,
    "minResTime" : 443.0,
    "maxResTime" : 4074.0,
    "pct1ResTime" : 1981.8000000000002,
    "pct2ResTime" : 2326.7999999999997,
    "pct3ResTime" : 3081.839999999999,
    "throughput" : 0.4617045897977583,
    "receivedKBytesPerSec" : 920.4052083044243,
    "sentKBytesPerSec" : 15.981114927491776
  },
  "2.5 Select patient" : {
    "transaction" : "2.5 Select patient",
    "sampleCount" : 1643,
    "errorCount" : 0,
    "errorPct" : 0.0,
    "meanResTime" : 124.13998782714528,
    "medianResTime" : 88.0,
    "minResTime" : 64.0,
    "maxResTime" : 1602.0,
    "pct1ResTime" : 187.0,
    "pct2ResTime" : 300.79999999999995,
    "pct3ResTime" : 772.4799999999996,
    "throughput" : 0.46293387371400607,
    "receivedKBytesPerSec" : 195.22943928983605,
    "sentKBytesPerSec" : 3.300181368010452
  },
  "7.1 Full name search" : {
    "transaction" : "7.1 Full name search",
    "sampleCount" : 27,
    "errorCount" : 0,
    "errorPct" : 0.0,
    "meanResTime" : 930.6666666666669,
    "medianResTime" : 646.0,
    "minResTime" : 260.0,
    "maxResTime" : 4836.0,
    "pct1ResTime" : 1619.7999999999993,
    "pct2ResTime" : 3830.7999999999947,
    "pct3ResTime" : 4836.0,
    "throughput" : 0.00795888968183012,
    "receivedKBytesPerSec" : 3.4167805874869157,
    "sentKBytesPerSec" : 0.05807502314710416
  },
  "2.3 Search by first/last name" : {
    "transaction" : "2.3 Search by first/last name",
    "sampleCount" : 1651,
    "errorCount" : 0,
    "errorPct" : 0.0,
    "meanResTime" : 123.90248334342813,
    "medianResTime" : 95.0,
    "minResTime" : 74.0,
    "maxResTime" : 1660.0,
    "pct1ResTime" : 183.79999999999995,
    "pct2ResTime" : 264.39999999999986,
    "pct3ResTime" : 664.5600000000009,
    "throughput" : 0.46244464879275615,
    "receivedKBytesPerSec" : 196.76126331769163,
    "sentKBytesPerSec" : 3.4198119648519656
  },
  "4.0 Vaccination for flu" : {
    "transaction" : "4.0 Vaccination for flu",
    "sampleCount" : 405,
    "errorCount" : 0,
    "errorPct" : 0.0,
    "meanResTime" : 1046.5012345679017,
    "medianResTime" : 951.0,
    "minResTime" : 206.0,
    "maxResTime" : 3865.0,
    "pct1ResTime" : 1553.0000000000005,
    "pct2ResTime" : 1761.8999999999996,
    "pct3ResTime" : 2357.9599999999996,
    "throughput" : 0.1156903543381312,
    "receivedKBytesPerSec" : 142.67882431471676,
    "sentKBytesPerSec" : 3.2436747258388547
  },
  "4.0 Vaccination for hpv" : {
    "transaction" : "4.0 Vaccination for hpv",
    "sampleCount" : 406,
    "errorCount" : 0,
    "errorPct" : 0.0,
    "meanResTime" : 1029.561576354681,
    "medianResTime" : 913.0,
    "minResTime" : 174.0,
    "maxResTime" : 3214.0,
    "pct1ResTime" : 1511.0,
    "pct2ResTime" : 1730.6999999999996,
    "pct3ResTime" : 2377.3100000000004,
    "throughput" : 0.11630015408338149,
    "receivedKBytesPerSec" : 143.39078178186372,
    "sentKBytesPerSec" : 3.2664634787259517
  },
  "7.6 First name search" : {
    "transaction" : "7.6 First name search",
    "sampleCount" : 27,
    "errorCount" : 0,
    "errorPct" : 0.0,
    "meanResTime" : 2001.9259259259259,
    "medianResTime" : 1087.0,
    "minResTime" : 665.0,
    "maxResTime" : 10767.0,
    "pct1ResTime" : 6929.799999999999,
    "pct2ResTime" : 9370.999999999993,
    "pct3ResTime" : 10767.0,
    "throughput" : 0.00796498474705421,
    "receivedKBytesPerSec" : 4.108227528252096,
    "sentKBytesPerSec" : 0.05805986440129717
  },
  "1.2 Sign-in page" : {
    "transaction" : "1.2 Sign-in page",
    "sampleCount" : 1690,
    "errorCount" : 0,
    "errorPct" : 0.0,
    "meanResTime" : 154.24201183431938,
    "medianResTime" : 101.0,
    "minResTime" : 13.0,
    "maxResTime" : 5025.0,
    "pct1ResTime" : 260.9000000000001,
    "pct2ResTime" : 476.34999999999945,
    "pct3ResTime" : 956.3499999999988,
    "throughput" : 0.4701191960794841,
    "receivedKBytesPerSec" : 197.08570911013112,
    "sentKBytesPerSec" : 3.9429889284842994
  },
  "2.4 Patient attending session" : {
    "transaction" : "2.4 Patient attending session",
    "sampleCount" : 1107,
    "errorCount" : 5,
    "errorPct" : 0.45167118,
    "meanResTime" : 637.5736224028904,
    "medianResTime" : 545.0,
    "minResTime" : 92.0,
    "maxResTime" : 3133.0,
    "pct1ResTime" : 908.8000000000002,
    "pct2ResTime" : 1116.1999999999998,
    "pct3ResTime" : 1795.4400000000005,
    "throughput" : 0.3108934887894392,
    "receivedKBytesPerSec" : 132.68263878966735,
    "sentKBytesPerSec" : 2.695907426952668
  },
  "Check STS status" : {
    "transaction" : "Check STS status",
    "sampleCount" : 1,
    "errorCount" : 0,
    "errorPct" : 0.0,
    "meanResTime" : 45.0,
    "medianResTime" : 45.0,
    "minResTime" : 45.0,
    "maxResTime" : 45.0,
    "pct1ResTime" : 45.0,
    "pct2ResTime" : 45.0,
    "pct3ResTime" : 45.0,
    "throughput" : 22.22222222222222,
    "receivedKBytesPerSec" : 6.966145833333334,
    "sentKBytesPerSec" : 13.10763888888889
  },
  "1.1 Homepage" : {
    "transaction" : "1.1 Homepage",
    "sampleCount" : 1693,
    "errorCount" : 0,
    "errorPct" : 0.0,
    "meanResTime" : 143.44004725339616,
    "medianResTime" : 102.0,
    "minResTime" : 28.0,
    "maxResTime" : 7649.0,
    "pct1ResTime" : 194.60000000000014,
    "pct2ResTime" : 322.39999999999964,
    "pct3ResTime" : 802.5399999999995,
    "throughput" : 0.47050191966450683,
    "receivedKBytesPerSec" : 197.03523583978202,
    "sentKBytesPerSec" : 3.937803660285386
  },
  "1.3 Sign-in" : {
    "transaction" : "1.3 Sign-in",
    "sampleCount" : 1688,
    "errorCount" : 0,
    "errorPct" : 0.0,
    "meanResTime" : 172.01244075829382,
    "medianResTime" : 105.0,
    "minResTime" : 70.0,
    "maxResTime" : 5259.0,
    "pct1ResTime" : 321.10000000000014,
    "pct2ResTime" : 476.64999999999986,
    "pct3ResTime" : 939.7499999999975,
    "throughput" : 0.4702557656477049,
    "receivedKBytesPerSec" : 197.3483869916439,
    "sentKBytesPerSec" : 4.103581389070899
  },
  "Run some searches" : {
    "transaction" : "Run some searches",
    "sampleCount" : 27,
    "errorCount" : 0,
    "errorPct" : 0.0,
    "meanResTime" : 8327.259259259261,
    "medianResTime" : 6853.0,
    "minResTime" : 4873.0,
    "maxResTime" : 20696.0,
    "pct1ResTime" : 16550.399999999998,
    "pct2ResTime" : 19972.799999999996,
    "pct3ResTime" : 20696.0,
    "throughput" : 0.007943975553739229,
    "receivedKBytesPerSec" : 29.954284087176156,
    "sentKBytesPerSec" : 0.4654727767864971
  },
  "4.0 Vaccination for td_ipv" : {
    "transaction" : "4.0 Vaccination for td_ipv",
    "sampleCount" : 406,
    "errorCount" : 0,
    "errorPct" : 0.0,
    "meanResTime" : 1043.7463054187206,
    "medianResTime" : 939.5,
    "minResTime" : 193.0,
    "maxResTime" : 4357.0,
    "pct1ResTime" : 1430.0,
    "pct2ResTime" : 1705.6499999999996,
    "pct3ResTime" : 2776.1200000000026,
    "throughput" : 0.1172499514827787,
    "receivedKBytesPerSec" : 145.13797472873674,
    "sentKBytesPerSec" : 3.290853585061663
  },
  "2.1 Open session" : {
    "transaction" : "2.1 Open session",
    "sampleCount" : 1654,
    "errorCount" : 1,
    "errorPct" : 0.06045949,
    "meanResTime" : 522.8591293833132,
    "medianResTime" : 437.0,
    "minResTime" : 110.0,
    "maxResTime" : 3190.0,
    "pct1ResTime" : 941.5,
    "pct2ResTime" : 1176.5,