{
  "2.0 Register attendance" : {
    "transaction" : "2.0 Register attendance",
    "sampleCount" : 312,
    "errorCount" : 0,
    "errorPct" : 0.0,
    "meanResTime" : 903.7660256410259,
    "medianResTime" : 860.5,
    "minResTime" : 469.0,
    "maxResTime" : 2218.0,
    "pct1ResTime" : 1234.0,
    "pct2ResTime" : 1336.6999999999994,
    "pct3ResTime" : 2048.540000000001,
    "throughput" : 0.2673331716767359,
    "receivedKBytesPerSec" : 39.12836433066457,
    "sentKBytesPerSec" : 0.045862539875056015
  },
  "1.0 Login" : {
    "transaction" : "1.0 Login",
    "sampleCount" : 319,
    "errorCount" : 0,
    "errorPct" : 0.0,
    "meanResTime" : 786.8589341692795,
    "medianResTime" : 759.0,
    "minResTime" : 552.0,
    "maxResTime" : 2937.0,
    "pct1ResTime" : 1001.0,
    "pct2ResTime" : 1117.0,
    "pct3ResTime" : 1565.2000000000012,
    "throughput" : 0.2694953256500413,
    "receivedKBytesPerSec" : 38.05235701092301,
    "sentKBytesPerSec" : 0.08339887673672419
  },
  "4.0 Vaccination for menacwy" : {
    "transaction" : "4.0 Vaccination for menacwy",
    "sampleCount" : 72,
    "errorCount" : 0,
    "errorPct" : 0.0,
    "meanResTime" : 761.1249999999998,
    "medianResTime" : 709.5,
    "minResTime" : 604.0,
    "maxResTime" : 2105.0,
    "pct1ResTime" : 903.1000000000001,
    "pct2ResTime" : 1085.4999999999998,
    "pct3ResTime" : 2105.0,
    "throughput" : 0.07067651164297367,
    "receivedKBytesPerSec" : 3.937413502563496,
    "sentKBytesPerSec" : 0.16848748154557752
  },
  "Check STS status" : {
    "transaction" : "Check STS status",
    "sampleCount" : 1,
    "errorCount" : 0,
    "errorPct" : 0.0,
    "meanResTime" : 34.0,
    "medianResTime" : 34.0,
    "minResTime" : 34.0,
    "maxResTime" : 34.0,
    "pct1ResTime" : 34.0,
    "pct2ResTime" : 34.0,
    "pct3ResTime" : 34.0,
    "throughput" : 29.41176470588235,
    "receivedKBytesPerSec" : 9.219898897058822,
    "sentKBytesPerSec" : 17.348345588235293
  },
  "Total" : {
    "transaction" : "Total",
    "sampleCount" : 1,
    "errorCount" : 0,
    "errorPct" : 0.0,
    "meanResTime" : 34.0,
    "medianResTime" : 34.0,
    "minResTime" : 34.0,
    "maxResTime" : 34.0,
    "pct1ResTime" : 34.0,
    "pct2ResTime" : 34.0,
    "pct3ResTime" : 34.0,
    "throughput" : 29.41176470588235,
    "receivedKBytesPerSec" : 9.219898897058822,
    "sentKBytesPerSec" : 17.348345588235293
  },
  "4.0 Vaccination for td_ipv" : {
    "transaction" : "4.0 Vaccination for td_ipv",
    "sampleCount" : 72,
    "errorCount" : 0,
    "errorPct" : 0.0,
    "meanResTime" : 723.6666666666664,
    "medianResTime" : 688.5,
    "minResTime" : 199.0,
    "maxResTime" : 2087.0,
    "pct1ResTime" : 869.4000000000001,
    "pct2ResTime" : 1049.45,
    "pct3ResTime" : 2087.0,
    "throughput" : 0.0660666833056832,
    "receivedKBytesPerSec" : 3.3614901948324842,
    "sentKBytesPerSec" : 0.15497282548852642
  },
  "4.0 Vaccination for flu" : {
    "transaction" : "4.0 Vaccination for flu",
    "sampleCount" : 73,
    "errorCount" : 0,
    "errorPct" : 0.0,
    "meanResTime" : 765.6301369863015,
    "medianResTime" : 722.0,
    "minResTime" : 239.0,
    "maxResTime" : 1324.0,
    "pct1ResTime" : 1013.0000000000007,
    "pct2ResTime" : 1193.6999999999998,
    "pct3ResTime" : 1324.0,
    "throughput" : 0.06689894959484897,
    "receivedKBytesPerSec" : 3.658222180174908,
    "sentKBytesPerSec" : 0.15555938862607885
  },
  "4.0 Vaccination for hpv" : {
    "transaction" : "4.0 Vaccination for hpv",
    "sampleCount" : 72,
    "errorCount" : 0,
    "errorPct" : 0.0,
    "meanResTime" : 720.8194444444446,
    "medianResTime" : 703.0,
    "minResTime" : 596.0,
    "maxResTime" : 1034.0,
    "pct1ResTime" : 836.5,
    "pct2ResTime" : 899.4999999999991,
    "pct3ResTime" : 1034.0,
    "throughput" : 0.06928746503148249,
    "receivedKBytesPerSec" : 3.5538263310891898,
    "sentKBytesPerSec" : 0.16509527868476995
  }
}