{
  "7.3 Safe to vaccinate" : {
    "transaction" : "7.3 Safe to vaccinate",
    "sampleCount" : 26,
    "errorCount" : 0,
    "errorPct" : 0.0,
    "meanResTime" : 155.5,
    "medianResTime" : 106.0,
    "minResTime" : 91.0,
    "maxResTime" : 751.0,
    "pct1ResTime" : 275.1000000000002,
    "pct2ResTime" : 647.3999999999996,
    "pct3ResTime" : 751.0,
    "throughput" : 0.0076910903155861425,
    "receivedKBytesPerSec" : 3.4810670916363833,
    "sentKBytesPerSec" : 0.05652622060931184
  },
  "2.0 Register attendance" : {
    "transaction" : "2.0 Register attendance",
    "sampleCount" : 1683,
    "errorCount" : 7,
    "errorPct" : 0.41592395,
    "meanResTime" : 2058.6476530005903,
    "medianResTime" : 1930.0,
    "minResTime" : 500.0,
    "maxResTime" : 6042.0,
    "pct1ResTime" : 3145.2000000000003,
    "pct2ResTime" : 3642.0,
    "pct3ResTime" : 4571.4000000000015,
    "throughput" : 0.471829692749999,
    "receivedKBytesPerSec" : 925.5915373893667,
    "sentKBytesPerSec" : 14.972171555948123
  },
  "2.5 Select patient" : {
    "transaction" : "2.5 Select patient",
    "sampleCount" : 1672,
    "errorCount" : 0,
    "errorPct" : 0.0,
    "meanResTime" : 189.6399521531099,
    "medianResTime" : 108.0,
    "minResTime" : 66.0,
    "maxResTime" : 2125.0,
    "pct1ResTime" : 360.4000000000001,
    "pct2ResTime" : 674.7999999999975,
    "pct3ResTime" : 1426.0499999999997,
    "throughput" : 0.46954843594314644,
    "receivedKBytesPerSec" : 210.38792532028006,
    "sentKBytesPerSec" : 3.3472546120601776
  },
  "7.1 Full name search" : {
    "transaction" : "7.1 Full name search",
    "sampleCount" : 26,
    "errorCount" : 0,
    "errorPct" : 0.0,
    "meanResTime" : 1081.423076923077,
    "medianResTime" : 736.5,
    "minResTime" : 314.0,
    "maxResTime" : 6584.0,
    "pct1ResTime" : 1679.4,
    "pct2ResTime" : 4935.499999999993,
    "pct3ResTime" : 6584.0,
    "throughput" : 0.007688945484785055,
    "receivedKBytesPerSec" : 3.521401297191642,
    "sentKBytesPerSec" : 0.05610123091884673
  },
  "2.3 Search by first/last name" : {
    "transaction" : "2.3 Search by first/last name",
    "sampleCount" : 1684,
    "errorCount" : 0,
    "errorPct" : 0.0,
    "meanResTime" : 198.7719714964369,
    "medianResTime" : 120.0,
    "minResTime" : 75.0,
    "maxResTime" : 3234.0,
    "pct1ResTime" : 354.0,
    "pct2ResTime" : 638.0,
    "pct3ResTime" : 1502.1000000000013,
    "throughput" : 0.47232243803642887,
    "receivedKBytesPerSec" : 213.22019420859488,
    "sentKBytesPerSec" : 3.492876109267056
  },
  "4.0 Vaccination for flu" : {
    "transaction" : "4.0 Vaccination for flu",
    "sampleCount" : 409,
    "errorCount" : 0,
    "errorPct" : 0.0,
    "meanResTime" : 1792.0293398533008,
    "medianResTime" : 1515.0,
    "minResTime" : 222.0,
    "maxResTime" : 7151.0,
    "pct1ResTime" : 2874.0,
    "pct2ResTime" : 3315.5,
    "pct3ResTime" : 4555.5,
    "throughput" : 0.1168090509021857,
    "receivedKBytesPerSec" : 153.7396013683188,
    "sentKBytesPerSec" : 3.286816134682121
  },
  "4.0 Vaccination for hpv" : {
    "transaction" : "4.0 Vaccination for hpv",
    "sampleCount" : 412,
    "errorCount" : 0,
    "errorPct" : 0.0,
    "meanResTime" : 1806.5533980582527,
    "medianResTime" : 1538.0,
    "minResTime" : 196.0,
    "maxResTime" : 6209.0,
    "pct1ResTime" : 2907.1,
    "pct2ResTime" : 3525.1,
    "pct3ResTime" : 4757.7,
    "throughput" : 0.11759608484957121,
    "receivedKBytesPerSec" : 154.23428194398102,
    "sentKBytesPerSec" : 3.303044365870248
  },
  "7.6 First name search" : {
    "transaction" : "7.6 First name search",
    "sampleCount" : 26,
    "errorCount" : 0,
    "errorPct" : 0.0,
    "meanResTime" : 1944.423076923077,
    "medianResTime" : 1389.5,
    "minResTime" : 748.0,
    "maxResTime" : 7765.0,
    "pct1ResTime" : 4444.100000000002,
    "pct2ResTime" : 7395.749999999998,
    "pct3ResTime" : 7765.0,
    "throughput" : 0.007690699016507495,
    "receivedKBytesPerSec" : 4.249973174989728,
    "sentKBytesPerSec" : 0.05605914125358986
  },
  "1.2 Sign-in page" : {
    "transaction" : "1.2 Sign-in page",
    "sampleCount" : 1724,
    "errorCount" : 0,
    "errorPct" : 0.0,
    "meanResTime" : 249.64269141531355,
    "medianResTime" : 128.0,
    "minResTime" : 16.0,
    "maxResTime" : 3364.0,
    "pct1ResTime" : 555.0,
    "pct2ResTime" : 968.5,
    "pct3ResTime" : 1599.5,
    "throughput" : 0.4793714561547513,
    "receivedKBytesPerSec" : 213.63525290154936,
    "sentKBytesPerSec" : 4.022474855590739
  },
  "2.4 Patient attending session" : {
    "transaction" : "2.4 Patient attending session",
    "sampleCount" : 578,
    "errorCount" : 7,
    "errorPct" : 1.2110727,
    "meanResTime" : 936.9117647058824,
    "medianResTime" : 724.5,
    "minResTime" : 91.0,
    "maxResTime" : 3768.0,
    "pct1ResTime" : 1733.1000000000004,
    "pct2ResTime" : 2297.3499999999995,
    "pct3ResTime" : 3232.8700000000017,
    "throughput" : 0.16370714547702364,
    "receivedKBytesPerSec" : 74.1487685918601,
    "sentKBytesPerSec" : 1.4177687351569592
  },
  "Check STS status" : {
    "transaction" : "Check STS status",
    "sampleCount" : 1,
    "errorCount" : 0,
    "errorPct" : 0.0,
    "meanResTime" : 29.0,
    "medianResTime" : 29.0,
    "minResTime" : 29.0,
    "maxResTime" : 29.0,
    "pct1ResTime" : 29.0,
    "pct2ResTime" : 29.0,
    "pct3ResTime" : 29.0,
    "throughput" : 34.48275862068965,
    "receivedKBytesPerSec" : 10.809536637931034,
    "sentKBytesPerSec" : 20.339439655172413
  },
  "1.1 Homepage" : {
    "transaction" : "1.1 Homepage",
    "sampleCount" : 1724,
    "errorCount" : 0,
    "errorPct" : 0.0,
    "meanResTime" : 210.64153132250578,
    "medianResTime" : 124.0,
    "minResTime" : 28.0,
    "maxResTime" : 3293.0,
    "pct1ResTime" : 416.0,
    "pct2ResTime" : 705.75,
    "pct3ResTime" : 1473.75,
    "throughput" : 0.4794850486326888,
    "receivedKBytesPerSec" : 213.47251764885314,
    "sentKBytesPerSec" : 4.0147839238800795
  },
  "1.3 Sign-in" : {
    "transaction" : "1.3 Sign-in",
    "sampleCount" : 1722,
    "errorCount" : 0,
    "errorPct" : 0.0,
    "meanResTime" : 260.8670150987227,
    "medianResTime" : 132.0,
    "minResTime" : 72.0,
    "maxResTime" : 3330.0,
    "pct1ResTime" : 561.7,
    "pct2ResTime" : 905.5499999999997,
    "pct3ResTime" : 1825.31,
    "throughput" : 0.479625925201752,
    "receivedKBytesPerSec" : 213.9657599017547,
    "sentKBytesPerSec" : 4.185486972895426
  },
  "Run some searches" : {
    "transaction" : "Run some searches",
    "sampleCount" : 26,
    "errorCount" : 0,
    "errorPct" : 0.0,
    "meanResTime" : 8489.230769230768,
    "medianResTime" : 7580.0,
    "minResTime" : 5504.0,
    "maxResTime" : 19728.0,
    "pct1ResTime" : 14639.200000000003,
    "pct2ResTime" : 18771.099999999995,
    "pct3ResTime" : 19728.0,
    "throughput" : 0.007658048122585322,
    "receivedKBytesPerSec" : 30.835263078620763,
    "sentKBytesPerSec" : 0.44868326765820715
  },
  "4.0 Vaccination for td_ipv" : {
    "transaction" : "4.0 Vaccination for td_ipv",
    "sampleCount" : 412,
    "errorCount" : 0,
    "errorPct" : 0.0,
    "meanResTime" : 1808.4878640776706,
    "medianResTime" : 1584.5,
    "minResTime" : 234.0,
    "maxResTime" : 4996.0,
    "pct1ResTime" : 2875.9,
    "pct2ResTime" : 3239.699999999997,
    "pct3ResTime" : 4335.93,
    "throughput" : 0.1189748411527045,
    "receivedKBytesPerSec" : 156.87766555217394,
    "sentKBytesPerSec" : 3.3454378585488764
  },
  "2.1 Open session" : {
    "transaction" : "2.1 Open session",
    "sampleCount" : 1689,
    "errorCount" : 0,
    "errorPct" : 0.0,
    "meanResTime" : 1133.9656601539352,
    "medianResTime" : 1164.0,
    "minResTime" : 132.0,
    "maxResTime" : 5749.0,
    "pct1ResTime" : 1968.0,
    "pct2ResTime" : 2216.0,
    "pct3ResTime" : 3088.7999999999984,
    "throughput" : 0.4713776899088335,
    "receivedKBytesPerSec" : 210.1829306483655,
    "sentKBytesPerSec" : 3.363735688426324
  },