{
  "5.0 Consent for menacwy" : {
    "transaction" : "5.0 Consent for menacwy",
    "sampleCount" : 4,
    "errorCount" : 0,
    "errorPct" : 0.0,
    "meanResTime" : 12584.5,
    "medianResTime" : 12636.5,
    "minResTime" : 9804.0,
    "maxResTime" : 15261.0,
    "pct1ResTime" : 15261.0,
    "pct2ResTime" : 15261.0,
    "pct3ResTime" : 15261.0,
    "throughput" : 0.002026553936226374,
    "receivedKBytesPerSec" : 0.4183235790120448,
    "sentKBytesPerSec" : 0.031162224882637195
  },
  "2.0 Register attendance" : {
    "transaction" : "2.0 Register attendance",
    "sampleCount" : 709,
    "errorCount" : 0,
    "errorPct" : 0.0,
    "meanResTime" : 11541.02256699577,
    "medianResTime" : 10216.0,
    "minResTime" : 6232.0,
    "maxResTime" : 46322.0,
    "pct1ResTime" : 17420.0,
    "pct2ResTime" : 20482.5,
    "pct3ResTime" : 30400.09999999999,
    "throughput" : 0.20242117422553202,
    "receivedKBytesPerSec" : 71.912095567169,
    "sentKBytesPerSec" : 0.878873573362544
  },
  "2.5 Select patient" : {
    "transaction" : "2.5 Select patient",
    "sampleCount" : 701,
    "errorCount" : 0,
    "errorPct" : 0.0,
    "meanResTime" : 840.7475035663339,
    "medianResTime" : 506.0,
    "minResTime" : 356.0,
    "maxResTime" : 12675.0,
    "pct1ResTime" : 1004.6000000000008,
    "pct2ResTime" : 3114.8999999999996,
    "pct3ResTime" : 6585.560000000007,
    "throughput" : 0.2008144875191361,
    "receivedKBytesPerSec" : 5.084537028877324,
    "sentKBytesPerSec" : 0.1392366075572135
  },
  "1.4 Select Organisations" : {
    "transaction" : "1.4 Select Organisations",
    "sampleCount" : 70,
    "errorCount" : 0,
    "errorPct" : 0.0,
    "meanResTime" : 531.8571428571429,
    "medianResTime" : 457.0,
    "minResTime" : 425.0,
    "maxResTime" : 3141.0,
    "pct1ResTime" : 587.9,
    "pct2ResTime" : 632.3500000000001,
    "pct3ResTime" : 3141.0,
    "throughput" : 0.07866432471734222,
    "receivedKBytesPerSec" : 1.130261923404547,
    "sentKBytesPerSec" : 0.11369453181803368
  },
  "2.5 Select menacwy" : {
    "transaction" : "2.5 Select menacwy",
    "sampleCount" : 483,
    "errorCount" : 0,
    "errorPct" : 0.0,
    "meanResTime" : 771.194616977226,
    "medianResTime" : 554.0,
    "minResTime" : 361.0,
    "maxResTime" : 9489.0,
    "pct1ResTime" : 914.4000000000004,
    "pct2ResTime" : 2239.9999999999955,
    "pct3ResTime" : 5348.759999999998,
    "throughput" : 0.14226481461245208,
    "receivedKBytesPerSec" : 3.2046176944219527,
    "sentKBytesPerSec" : 0.09919636487626053
  },
  "2.3 Search by first/last name" : {
    "transaction" : "2.3 Search by first/last name",
    "sampleCount" : 710,
    "errorCount" : 0,
    "errorPct" : 0.0,
    "meanResTime" : 1952.0591549295787,
    "medianResTime" : 1409.0,
    "minResTime" : 872.0,
    "maxResTime" : 15484.0,
    "pct1ResTime" : 3709.199999999999,
    "pct2ResTime" : 5554.799999999994,
    "pct3ResTime" : 9932.549999999992,
    "throughput" : 0.20228260247109567,
    "receivedKBytesPerSec" : 23.653468896895276,
    "sentKBytesPerSec" : 0.17446039780298303
  },
  "2.5 Select td_ipv" : {
    "transaction" : "2.5 Select td_ipv",
    "sampleCount" : 467,
    "errorCount" : 0,
    "errorPct" : 0.0,
    "meanResTime" : 826.5995717344754,
    "medianResTime" : 513.0,
    "minResTime" : 359.0,
    "maxResTime" : 8894.0,
    "pct1ResTime" : 1003.9999999999998,
    "pct2ResTime" : 3094.9999999999936,
    "pct3ResTime" : 6748.839999999995,
    "throughput" : 0.14245248889206127,
    "receivedKBytesPerSec" : 3.25484580347398,
    "sentKBytesPerSec" : 0.09918810994144502
  },
  "4.0 Vaccination for hpv" : {
    "transaction" : "4.0 Vaccination for hpv",
    "sampleCount" : 687,
    "errorCount" : 0,
    "errorPct" : 0.0,
    "meanResTime" : 4091.5167394468745,
    "medianResTime" : 2776.0,
    "minResTime" : 1007.0,
    "maxResTime" : 23309.0,
    "pct1ResTime" : 7967.4000000000015,
    "pct2ResTime" : 9962.000000000004,
    "pct3ResTime" : 13434.160000000002,
    "throughput" : 0.19955377800034335,
    "receivedKBytesPerSec" : 9.966621773571964,
    "sentKBytesPerSec" : 1.174687749260678
  },
  "5.8 Consent confirm" : {
    "transaction" : "5.8 Consent confirm",
    "sampleCount" : 31,
    "errorCount" : 0,
    "errorPct" : 0.0,
    "meanResTime" : 1748.7096774193546,
    "medianResTime" : 1371.0,
    "minResTime" : 1006.0,
    "maxResTime" : 8292.0,
    "pct1ResTime" : 2667.0000000000005,
    "pct2ResTime" : 6007.199999999994,
    "pct3ResTime" : 8292.0,
    "throughput" : 0.01043801268319554,
    "receivedKBytesPerSec" : 0.844108840883103,
    "sentKBytesPerSec" : 0.022854525943343813
  },
  "1.2 Sign-in page" : {
    "transaction" : "1.2 Sign-in page",
    "sampleCount" : 70,
    "errorCount" : 0,
    "errorPct" : 0.0,
    "meanResTime" : 133.42857142857142,
    "medianResTime" : 109.5,
    "minResTime" : 105.0,
    "maxResTime" : 1554.0,
    "pct1ResTime" : 125.8,
    "pct2ResTime" : 142.35000000000002,
    "pct3ResTime" : 1554.0,
    "throughput" : 0.0789427090205578,
    "receivedKBytesPerSec" : 0.4757377513338498,
    "sentKBytesPerSec" : 0.04756606588445719
  },
  "5.9 Patient home page" : {
    "transaction" : "5.9 Patient home page",
    "sampleCount" : 31,
    "errorCount" : 0,
    "errorPct" : 0.0,
    "meanResTime" : 444.09677419354847,
    "medianResTime" : 422.0,
    "minResTime" : 368.0,
    "maxResTime" : 670.0,
    "pct1ResTime" : 584.2,
    "pct2ResTime" : 633.3999999999999,
    "pct3ResTime" : 670.0,
    "throughput" : 0.010422834210700619,
    "receivedKBytesPerSec" : 0.23183910972689148,
    "sentKBytesPerSec" : 0.007775426441015668
  },
  "2.4 Patient attending session" : {
    "transaction" : "2.4 Patient attending session",
    "sampleCount" : 701,
    "errorCount" : 0,
    "errorPct" : 0.0,
    "meanResTime" : 2432.5192582025693,
    "medianResTime" : 1666.0,
    "minResTime" : 1072.0,
    "maxResTime" : 20674.0,
    "pct1ResTime" : 4711.000000000004,
    "pct2ResTime" : 6880.7,
    "pct3ResTime" : 11031.380000000003,
    "throughput" : 0.2008369255734453,
    "receivedKBytesPerSec" : 19.75898161049297,
    "sentKBytesPerSec" : 0.2985095710183435
  },
  "5.4 Consent route" : {
    "transaction" : "5.4 Consent route",
    "sampleCount" : 31,
    "errorCount" : 0,
    "errorPct" : 0.0,
    "meanResTime" : 960.290322580645,
    "medianResTime" : 667.0,
    "minResTime" : 459.0,
    "maxResTime" : 5137.0,
    "pct1ResTime" : 2116.0000000000005,
    "pct2ResTime" : 4105.599999999998,
    "pct3ResTime" : 5137.0,
    "throughput" : 0.010452632714717306,
    "receivedKBytesPerSec" : 0.1188423904201621,
    "sentKBytesPerSec" : 0.016435302945113563
  },
  "1.1 Homepage" : {
    "transaction" : "1.1 Homepage",
    "sampleCount" : 70,
    "errorCount" : 0,
    "errorPct" : 0.0,
    "meanResTime" : 335.44285714285706,
    "medianResTime" : 322.0,
    "minResTime" : 309.0,
    "maxResTime" : 636.0,
    "pct1ResTime" : 362.6,
    "pct2ResTime" : 399.85,
    "pct3ResTime" : 636.0,
    "throughput" : 0.07891867881112392,
    "receivedKBytesPerSec" : 0.4073097827312402,
    "sentKBytesPerSec" : 0.04277330736345095
  },
  "1.3 Sign-in" : {
    "transaction" : "1.3 Sign-in",
    "sampleCount" : 70,
    "errorCount" : 0,
    "errorPct" : 0.0,
    "meanResTime" : 628.8285714285712,
    "medianResTime" : 522.0,
    "minResTime" : 492.0,
    "maxResTime" : 2809.0,
    "pct1ResTime" : 743.6999999999999,
    "pct2ResTime" : 1178.1000000000008,
    "pct3ResTime" : 2809.0,
    "throughput" : 0.07861405664255088,
    "receivedKBytesPerSec" : 0.7628787898994414,
    "sentKBytesPerSec" : 0.12367895044057563
  },
  "4.0 Vaccination for td_ipv" : {
    "transaction" : "4.0 Vaccination for td_ipv",
    "sampleCount" : 460,
    "errorCount" : 0,
    "errorPct" : 0.0,
    "meanResTime" : 4007.523913043475,
    "medianResTime" : 2854.5,
    "minResTime" : 972.0,
    "maxResTime" : 34088.0,
    "pct1ResTime" : 7108.600000000004,
    "pct2ResTime" : 9124.999999999996,
    "pct3ResTime" : 14599.539999999997,