{
  "4.3 Vaccination confirm" : {
    "transaction" : "4.3 Vaccination confirm",
    "sampleCount" : 868,
    "errorCount" : 0,
    "errorPct" : 0.0,
    "meanResTime" : 1010.9481566820276,
    "medianResTime" : 766.0,
    "minResTime" : 422.0,
    "maxResTime" : 6411.0,
    "pct1ResTime" : 1722.4,
    "pct2ResTime" : 2327.4999999999995,
    "pct3ResTime" : 4383.989999999998,
    "throughput" : 0.5177687744866455,
    "receivedKBytesPerSec" : 216.8848383476898,
    "sentKBytesPerSec" : 5.297875912134997
  },
  "4.1 Vaccination questions" : {
    "transaction" : "4.1 Vaccination questions",
    "sampleCount" : 889,
    "errorCount" : 0,
    "errorPct" : 0.0,
    "meanResTime" : 153.5095613048369,
    "medianResTime" : 118.0,
    "minResTime" : 83.0,
    "maxResTime" : 2000.0,
    "pct1ResTime" : 234.0,
    "pct2ResTime" : 329.5,
    "pct3ResTime" : 748.1,
    "throughput" : 0.5181202202098357,
    "receivedKBytesPerSec" : 212.33337325294698,
    "sentKBytesPerSec" : 4.823757212667661
  },
  "2.0 Register attendance" : {
    "transaction" : "2.0 Register attendance",
    "sampleCount" : 930,
    "errorCount" : 7,
    "errorPct" : 0.75268817,
    "meanResTime" : 1437.0182795698922,
    "medianResTime" : 1170.5,
    "minResTime" : 398.0,
    "maxResTime" : 6837.0,
    "pct1ResTime" : 2613.4999999999995,
    "pct2ResTime" : 3371.6499999999974,
    "pct3ResTime" : 4519.279999999993,
    "throughput" : 0.524481735910475,
    "receivedKBytesPerSec" : 1057.7260376173244,
    "sentKBytesPerSec" : 18.50874963659901
  },
  "Reset counters" : {
    "transaction" : "Reset counters",
    "sampleCount" : 1,
    "errorCount" : 0,
    "errorPct" : 0.0,
    "meanResTime" : 26.0,
    "medianResTime" : 26.0,
    "minResTime" : 26.0,
    "maxResTime" : 26.0,
    "pct1ResTime" : 26.0,
    "pct2ResTime" : 26.0,
    "pct3ResTime" : 26.0,
    "throughput" : 38.46153846153847,
    "receivedKBytesPerSec" : 0.0,
    "sentKBytesPerSec" : 0.0
  },
  "1.0 Login" : {
    "transaction" : "1.0 Login",
    "sampleCount" : 935,
    "errorCount" : 0,
    "errorPct" : 0.0,
    "meanResTime" : 1091.6374331550799,
    "medianResTime" : 806.0,
    "minResTime" : 451.0,
    "maxResTime" : 6463.0,
    "pct1ResTime" : 1926.0,
    "pct2ResTime" : 2684.6,
    "pct3ResTime" : 4702.199999999999,
    "throughput" : 0.5252428335249861,
    "receivedKBytesPerSec" : 908.0584100225321,
    "sentKBytesPerSec" : 16.999152629001888
  },
  "4.0 Vaccination for menacwy" : {
    "transaction" : "4.0 Vaccination for menacwy",
    "sampleCount" : 220,
    "errorCount" : 0,
    "errorPct" : 0.0,
    "meanResTime" : 1327.0136363636361,
    "medianResTime" : 1035.0,
    "minResTime" : 333.0,
    "maxResTime" : 6398.0,
    "pct1ResTime" : 2337.1000000000004,
    "pct2ResTime" : 3072.6999999999975,
    "pct3ResTime" : 5343.669999999993,
    "throughput" : 0.13114754098360656,
    "receivedKBytesPerSec" : 161.8465647121833,
    "sentKBytesPerSec" : 3.69390368852459
  },
  "2.5 Select patient" : {
    "transaction" : "2.5 Select patient",
    "sampleCount" : 926,
    "errorCount" : 0,
    "errorPct" : 0.0,
    "meanResTime" : 139.87473002159828,
    "medianResTime" : 95.0,
    "minResTime" : 56.0,
    "maxResTime" : 2854.0,
    "pct1ResTime" : 189.9000000000002,
    "pct2ResTime" : 347.0,
    "pct3ResTime" : 1070.5200000000004,
    "throughput" : 0.5300703287695385,
    "receivedKBytesPerSec" : 223.43282027163383,
    "sentKBytesPerSec" : 3.794217479562812
  },
  "Initialise vaccination list" : {
    "transaction" : "Initialise vaccination list",
    "sampleCount" : 1,
    "errorCount" : 0,
    "errorPct" : 0.0,
    "meanResTime" : 43.0,
    "medianResTime" : 43.0,
    "minResTime" : 43.0,
    "maxResTime" : 43.0,
    "pct1ResTime" : 43.0,
    "pct2ResTime" : 43.0,
    "pct3ResTime" : 43.0,
    "throughput" : 23.25581395348837,
    "receivedKBytesPerSec" : 6.676962209302326,
    "sentKBytesPerSec" : 14.353197674418606
  },
  "2.3 Search by first/last name" : {
    "transaction" : "2.3 Search by first/last name",
    "sampleCount" : 932,
    "errorCount" : 0,
    "errorPct" : 0.0,
    "meanResTime" : 145.6266094420602,
    "medianResTime" : 94.0,
    "minResTime" : 58.0,
    "maxResTime" : 2143.0,
    "pct1ResTime" : 246.0,
    "pct2ResTime" : 371.44999999999936,
    "pct3ResTime" : 1017.0999999999947,
    "throughput" : 0.525589794083844,
    "receivedKBytesPerSec" : 223.6367754829984,
    "sentKBytesPerSec" : 3.9020942649102266
  },
  "4.0 Vaccination for flu" : {
    "transaction" : "4.0 Vaccination for flu",
    "sampleCount" : 222,
    "errorCount" : 0,
    "errorPct" : 0.0,
    "meanResTime" : 1331.2162162162163,
    "medianResTime" : 1046.0,
    "minResTime" : 253.0,
    "maxResTime" : 6632.0,
    "pct1ResTime" : 2399.6000000000004,
    "pct2ResTime" : 3019.25,
    "pct3ResTime" : 5294.090000000002,
    "throughput" : 0.13054001227781736,
    "receivedKBytesPerSec" : 160.6551724247234,
    "sentKBytesPerSec" : 3.6669381288853296
  },
  "4.0 Vaccination for hpv" : {
    "transaction" : "4.0 Vaccination for hpv",
    "sampleCount" : 221,
    "errorCount" : 0,
    "errorPct" : 0.0,
    "meanResTime" : 1257.1040723981903,
    "medianResTime" : 1022.0,
    "minResTime" : 238.0,
    "maxResTime" : 6528.0,
    "pct1ResTime" : 2105.4000000000005,
    "pct2ResTime" : 2549.4999999999964,
    "pct3ResTime" : 4626.400000000001,
    "throughput" : 0.12957917258128163,
    "receivedKBytesPerSec" : 159.45003995938046,
    "sentKBytesPerSec" : 3.6487996877127284
  },
  "1.2 Sign-in page" : {
    "transaction" : "1.2 Sign-in page",
    "sampleCount" : 936,
    "errorCount" : 0,
    "errorPct" : 0.0,
    "meanResTime" : 212.38568376068355,
    "medianResTime" : 118.5,
    "minResTime" : 14.0,
    "maxResTime" : 4147.0,
    "pct1ResTime" : 401.1000000000005,
    "pct2ResTime" : 690.5999999999999,
    "pct3ResTime" : 1652.469999999999,
    "throughput" : 0.5223406665647283,
    "receivedKBytesPerSec" : 217.67446698389142,
    "sentKBytesPerSec" : 4.310230965014616
  },
  "Debug Sampler" : {
    "transaction" : "Debug Sampler",
    "sampleCount" : 932,
    "errorCount" : 0,
    "errorPct" : 0.0,
    "meanResTime" : 0.29828326180257514,
    "medianResTime" : 0.0,
    "minResTime" : 0.0,
    "maxResTime" : 3.0,
    "pct1ResTime" : 1.0,
    "pct2ResTime" : 1.0,
    "pct3ResTime" : 1.0,
    "throughput" : 0.5256345542681018,
    "receivedKBytesPerSec" : 3.0099127954931912,
    "sentKBytesPerSec" : 0.0
  },
  "2.4 Patient attending session" : {
    "transaction" : "2.4 Patient attending session",
    "sampleCount" : 684,
    "errorCount" : 7,
    "errorPct" : 1.0233918,
    "meanResTime" : 809.7938596491239,
    "medianResTime" : 606.0,
    "minResTime" : 56.0,
    "maxResTime" : 5741.0,
    "pct1ResTime" : 1270.5,
    "pct2ResTime" : 1851.25,
    "pct3ResTime" : 3557.899999999996,
    "throughput" : 0.3885869071209119,
    "receivedKBytesPerSec" : 165.74553885790957,
    "sentKBytesPerSec" : 3.379998618073609
  },
  "Check STS status" : {
    "transaction" : "Check STS status",
    "sampleCount" : 1,
    "errorCount" : 0,
    "errorPct" : 0.0,
    "meanResTime" : 29.0,
    "medianResTime" : 29.0,
    "minResTime" : 29.0,
    "maxResTime" : 29.0,
    "pct1ResTime" : 29.0,
    "pct2ResTime" : 29.0,
    "pct3ResTime" : 29.0,
    "throughput" : 34.48275862068965,
    "receivedKBytesPerSec" : 10.809536637931034,
    "sentKBytesPerSec" : 20.339439655172413
  },
  "Total" : {
    "transaction" : "Total",
    "sampleCount" : 11733,
    "errorCount" : 7,
    "errorPct" : 0.059660785,
    "meanResTime" : 299.2807466121197,
    "medianResTime" : 133.0,
    "minResTime" : 0.0,
    "maxResTime" : 6411.0,
    "pct1ResTime" : 709.0,
    "pct2ResTime" : 1015.0,
    "pct3ResTime" : 2154.66,
    "throughput" : 5.817992487634349,
    "receivedKBytesPerSec" : 2276.657760937713,
    "sentKBytesPerSec" : 43.706390450091114
  },
  "1.4 Open Sessions list" : {
    "transaction" : "1.4 Open Sessions list",
    "sampleCount" : 935,
    "errorCount" : 0,