{
  "7.3 Safe to vaccinate" : {
    "transaction" : "7.3 Safe to vaccinate",
    "sampleCount" : 27,
    "errorCount" : 0,
    "errorPct" : 0.0,
    "meanResTime" : 142.6296296296296,
    "medianResTime" : 96.0,
    "minResTime" : 80.0,
    "maxResTime" : 823.0,
    "pct1ResTime" : 295.79999999999995,
    "pct2ResTime" : 627.7999999999989,
    "pct3ResTime" : 823.0,
    "throughput" : 0.007858434093496156,
    "receivedKBytesPerSec" : 3.338268942318803,
    "sentKBytesPerSec" : 0.05775670511793618
  },
  "2.0 Register attendance" : {
    "transaction" : "2.0 Register attendance",
    "sampleCount" : 1678,
    "errorCount" : 8,
    "errorPct" : 0.47675803,
    "meanResTime" : 1531.8069129916555,
    "medianResTime" : 1422.5,
    "minResTime" : 509.0,
    "maxResTime" : 5067.0,
    "pct1ResTime" : 2341.2000000000003,
    "pct2ResTime" : 2690.45,
    "pct3ResTime" : 3465.300000000001,
    "throughput" : 0.46965781034221205,
    "receivedKBytesPerSec" : 894.6384650888103,
    "sentKBytesPerSec" : 15.451732721655116
  },
  "2.5 Select patient" : {
    "transaction" : "2.5 Select patient",
    "sampleCount" : 1671,
    "errorCount" : 0,
    "errorPct" : 0.0,
    "meanResTime" : 135.5924596050268,
    "medianResTime" : 92.0,
    "minResTime" : 68.0,
    "maxResTime" : 1760.0,
    "pct1ResTime" : 200.39999999999986,
    "pct2ResTime" : 361.0,
    "pct3ResTime" : 939.3999999999999,
    "throughput" : 0.4687810346510822,
    "receivedKBytesPerSec" : 197.6711932064132,
    "sentKBytesPerSec" : 3.3417579699088025
  },
  "7.1 Full name search" : {
    "transaction" : "7.1 Full name search",
    "sampleCount" : 27,
    "errorCount" : 0,
    "errorPct" : 0.0,
    "meanResTime" : 1189.8888888888891,
    "medianResTime" : 650.0,
    "minResTime" : 305.0,
    "maxResTime" : 5300.0,
    "pct1ResTime" : 4115.999999999999,
    "pct2ResTime" : 5162.4,
    "pct3ResTime" : 5300.0,
    "throughput" : 0.007853190707755723,
    "receivedKBytesPerSec" : 3.3983194408208273,
    "sentKBytesPerSec" : 0.05730545519711073
  },
  "2.3 Search by first/last name" : {
    "transaction" : "2.3 Search by first/last name",
    "sampleCount" : 1679,
    "errorCount" : 0,
    "errorPct" : 0.0,
    "meanResTime" : 138.10899344848107,
    "medianResTime" : 100.0,
    "minResTime" : 78.0,
    "maxResTime" : 1692.0,
    "pct1ResTime" : 190.0,
    "pct2ResTime" : 327.0,
    "pct3ResTime" : 874.2000000000021,
    "throughput" : 0.4700741395669438,
    "receivedKBytesPerSec" : 199.82662292248017,
    "sentKBytesPerSec" : 3.4761766845151585
  },
  "4.0 Vaccination for flu" : {
    "transaction" : "4.0 Vaccination for flu",
    "sampleCount" : 404,
    "errorCount" : 0,
    "errorPct" : 0.0,
    "meanResTime" : 1139.4108910891082,
    "medianResTime" : 1006.0,
    "minResTime" : 194.0,
    "maxResTime" : 2845.0,
    "pct1ResTime" : 1748.5,
    "pct2ResTime" : 2008.0,
    "pct3ResTime" : 2701.899999999999,
    "throughput" : 0.11480227581303597,
    "receivedKBytesPerSec" : 141.6821027501148,
    "sentKBytesPerSec" : 3.221575039093869
  },
  "4.0 Vaccination for hpv" : {
    "transaction" : "4.0 Vaccination for hpv",
    "sampleCount" : 443,
    "errorCount" : 0,
    "errorPct" : 0.0,
    "meanResTime" : 1125.2167042889396,
    "medianResTime" : 955.0,
    "minResTime" : 192.0,
    "maxResTime" : 3867.0,
    "pct1ResTime" : 1684.2000000000005,
    "pct2ResTime" : 2034.1999999999991,
    "pct3ResTime" : 3106.56,
    "throughput" : 0.12656119519478853,
    "receivedKBytesPerSec" : 156.2061316162686,
    "sentKBytesPerSec" : 3.5591226547789137
  },
  "7.6 First name search" : {
    "transaction" : "7.6 First name search",
    "sampleCount" : 27,
    "errorCount" : 0,
    "errorPct" : 0.0,
    "meanResTime" : 2067.3703703703713,
    "medianResTime" : 1204.0,
    "minResTime" : 615.0,
    "maxResTime" : 9367.0,
    "pct1ResTime" : 5710.199999999999,
    "pct2ResTime" : 8504.599999999995,
    "pct3ResTime" : 9367.0,
    "throughput" : 0.007866477327355589,
    "receivedKBytesPerSec" : 4.0606202283077515,
    "sentKBytesPerSec" : 0.057340382983818945
  },
  "1.2 Sign-in page" : {
    "transaction" : "1.2 Sign-in page",
    "sampleCount" : 1720,
    "errorCount" : 0,
    "errorPct" : 0.0,
    "meanResTime" : 180.08255813953488,
    "medianResTime" : 108.0,
    "minResTime" : 18.0,
    "maxResTime" : 6330.0,
    "pct1ResTime" : 331.8000000000002,
    "pct2ResTime" : 516.8999999999996,
    "pct3ResTime" : 1351.8599999999988,
    "throughput" : 0.47818503203005674,
    "receivedKBytesPerSec" : 200.44327514636421,
    "sentKBytesPerSec" : 4.012310651672369
  },
  "2.4 Patient attending session" : {
    "transaction" : "2.4 Patient attending session",
    "sampleCount" : 799,
    "errorCount" : 8,
    "errorPct" : 1.0012516,
    "meanResTime" : 653.3779724655816,
    "medianResTime" : 546.0,
    "minResTime" : 130.0,
    "maxResTime" : 2989.0,
    "pct1ResTime" : 983.0,
    "pct2ResTime" : 1204.0,
    "pct3ResTime" : 2127.0,
    "throughput" : 0.22762598913320936,
    "receivedKBytesPerSec" : 97.19738043733035,
    "sentKBytesPerSec" : 1.9720150058302452
  },
  "Check STS status" : {
    "transaction" : "Check STS status",
    "sampleCount" : 1,
    "errorCount" : 0,
    "errorPct" : 0.0,
    "meanResTime" : 34.0,
    "medianResTime" : 34.0,
    "minResTime" : 34.0,
    "maxResTime" : 34.0,
    "pct1ResTime" : 34.0,
    "pct2ResTime" : 34.0,
    "pct3ResTime" : 34.0,
    "throughput" : 29.41176470588235,
    "receivedKBytesPerSec" : 9.219898897058822,
    "sentKBytesPerSec" : 17.348345588235293
  },
  "1.1 Homepage" : {
    "transaction" : "1.1 Homepage",
    "sampleCount" : 1722,
    "errorCount" : 0,
    "errorPct" : 0.0,
    "meanResTime" : 162.91811846689887,
    "medianResTime" : 108.0,
    "minResTime" : 35.0,
    "maxResTime" : 6408.0,
    "pct1ResTime" : 222.4000000000001,
    "pct2ResTime" : 401.8499999999999,
    "pct3ResTime" : 1128.0899999999997,
    "throughput" : 0.47844895849830377,
    "receivedKBytesPerSec" : 200.34666987881445,
    "sentKBytesPerSec" : 4.006009351565517
  },
  "1.3 Sign-in" : {
    "transaction" : "1.3 Sign-in",
    "sampleCount" : 1717,
    "errorCount" : 0,
    "errorPct" : 0.0,
    "meanResTime" : 201.99068142108356,
    "medianResTime" : 115.0,
    "minResTime" : 76.0,
    "maxResTime" : 5910.0,
    "pct1ResTime" : 364.20000000000005,
    "pct2ResTime" : 623.8999999999992,
    "pct3ResTime" : 1277.479999999999,
    "throughput" : 0.47797501167795675,
    "receivedKBytesPerSec" : 200.5645425745907,
    "sentKBytesPerSec" : 4.1710589675398735
  },
  "Run some searches" : {
    "transaction" : "Run some searches",
    "sampleCount" : 27,
    "errorCount" : 0,
    "errorPct" : 0.0,
    "meanResTime" : 8917.296296296296,
    "medianResTime" : 6508.0,
    "minResTime" : 4841.0,
    "maxResTime" : 21568.0,
    "pct1ResTime" : 19444.0,
    "pct2ResTime" : 20926.399999999998,
    "pct3ResTime" : 21568.0,
    "throughput" : 0.007842112142203634,
    "receivedKBytesPerSec" : 29.598282926886828,
    "sentKBytesPerSec" : 0.4594964892025734
  },
  "4.0 Vaccination for td_ipv" : {
    "transaction" : "4.0 Vaccination for td_ipv",
    "sampleCount" : 400,
    "errorCount" : 0,
    "errorPct" : 0.0,
    "meanResTime" : 1152.917499999999,
    "medianResTime" : 1026.5,
    "minResTime" : 205.0,
    "maxResTime" : 4245.0,
    "pct1ResTime" : 1646.9000000000008,
    "pct2ResTime" : 1993.2499999999998,
    "pct3ResTime" : 3077.740000000001,
    "throughput" : 0.1150275102669242,
    "receivedKBytesPerSec" : 142.36915236533227,
    "sentKBytesPerSec" : 3.22814681973018
  },
  "2.1 Open session" : {
    "transaction" : "2.1 Open session",
    "sampleCount" : 1682,
    "errorCount" : 0,
    "errorPct" : 0.0,
    "meanResTime" : 788.8198573127227,
    "medianResTime" : 692.0,
    "minResTime" : 122.0,
    "maxResTime" : 4780.0,
    "pct1ResTime" : 1456.7,
    "pct2ResTime" : 1704.85,
    "pct3ResTime" : 2298.17,
    "throughput" : 0.46945840911095404,
    "receivedKBytesPerSec" : 196.8370380875173,