{
  "7.3 Safe to vaccinate" : {
    "transaction" : "7.3 Safe to vaccinate",
    "sampleCount" : 27,
    "errorCount" : 0,
    "errorPct" : 0.0,
    "meanResTime" : 158.29629629629625,
    "medianResTime" : 115.0,
    "minResTime" : 62.0,
    "maxResTime" : 864.0,
    "pct1ResTime" : 291.1999999999997,
    "pct2ResTime" : 769.5999999999995,
    "pct3ResTime" : 864.0,
    "throughput" : 0.007958005311231694,
    "receivedKBytesPerSec" : 3.216594488141835,
    "sentKBytesPerSec" : 0.034936875241319144
  },
  "2.0 Register attendance" : {
    "transaction" : "2.0 Register attendance",
    "sampleCount" : 1560,
    "errorCount" : 34,
    "errorPct" : 2.1794872,
    "meanResTime" : 3681.5602564102483,
    "medianResTime" : 2833.5,
    "minResTime" : 551.0,
    "maxResTime" : 25934.0,
    "pct1ResTime" : 6574.600000000001,
    "pct2ResTime" : 10193.75,
    "pct3ResTime" : 16383.499999999916,
    "throughput" : 0.4380383519424755,
    "receivedKBytesPerSec" : 853.5215685604958,
    "sentKBytesPerSec" : 9.085435710483466
  },
  "2.5 Select patient" : {
    "transaction" : "2.5 Select patient",
    "sampleCount" : 1558,
    "errorCount" : 0,
    "errorPct" : 0.0,
    "meanResTime" : 411.21181001283645,
    "medianResTime" : 135.0,
    "minResTime" : 62.0,
    "maxResTime" : 16736.0,
    "pct1ResTime" : 806.1000000000001,
    "pct2ResTime" : 1355.1,
    "pct3ResTime" : 6990.030000000032,
    "throughput" : 0.43884332391989056,
    "receivedKBytesPerSec" : 178.48243084996037,
    "sentKBytesPerSec" : 1.8279803069586522
  },
  "2.3 Search by first/last name" : {
    "transaction" : "2.3 Search by first/last name",
    "sampleCount" : 1569,
    "errorCount" : 0,
    "errorPct" : 0.0,
    "meanResTime" : 353.8655194391332,
    "medianResTime" : 131.0,
    "minResTime" : 62.0,
    "maxResTime" : 15053.0,
    "pct1ResTime" : 681.0,
    "pct2ResTime" : 1190.5,
    "pct3ResTime" : 4415.399999999967,
    "throughput" : 0.43896964954330653,
    "receivedKBytesPerSec" : 178.59704242537447,
    "sentKBytesPerSec" : 1.9004247954622457
  },
  "4.0 Vaccination for flu" : {
    "transaction" : "4.0 Vaccination for flu",
    "sampleCount" : 398,
    "errorCount" : 0,
    "errorPct" : 0.0,
    "meanResTime" : 3631.0452261306555,
    "medianResTime" : 2603.5,
    "minResTime" : 643.0,
    "maxResTime" : 18535.0,
    "pct1ResTime" : 7153.0,
    "pct2ResTime" : 9870.449999999983,
    "pct3ResTime" : 15003.619999999995,
    "throughput" : 0.11390952664295174,
    "receivedKBytesPerSec" : 135.67249438528708,
    "sentKBytesPerSec" : 1.924079401111362
  },
  "4.0 Vaccination for hpv" : {
    "transaction" : "4.0 Vaccination for hpv",
    "sampleCount" : 386,
    "errorCount" : 0,
    "errorPct" : 0.0,
    "meanResTime" : 3826.3264248704663,
    "medianResTime" : 2805.5,
    "minResTime" : 411.0,
    "maxResTime" : 22961.0,
    "pct1ResTime" : 7461.600000000001,
    "pct2ResTime" : 10870.549999999976,
    "pct3ResTime" : 17260.039999999994,
    "throughput" : 0.11059367026010142,
    "receivedKBytesPerSec" : 131.15359410670757,
    "sentKBytesPerSec" : 1.8652620357286318
  },
  "1.2 Sign-in page" : {
    "transaction" : "1.2 Sign-in page",
    "sampleCount" : 1609,
    "errorCount" : 0,
    "errorPct" : 0.0,
    "meanResTime" : 529.9676817899309,
    "medianResTime" : 177.0,
    "minResTime" : 14.0,
    "maxResTime" : 17604.0,
    "pct1ResTime" : 1143.0,
    "pct2ResTime" : 1876.0,
    "pct3ResTime" : 7657.800000000024,
    "throughput" : 0.44738909949944694,
    "receivedKBytesPerSec" : 180.68727974854244,
    "sentKBytesPerSec" : 2.227137300888911
  },
  "7.1 Name search" : {
    "transaction" : "7.1 Name search",
    "sampleCount" : 27,
    "errorCount" : 0,
    "errorPct" : 0.0,
    "meanResTime" : 7761.925925925925,
    "medianResTime" : 6689.0,
    "minResTime" : 5605.0,
    "maxResTime" : 14886.0,
    "pct1ResTime" : 13124.6,
    "pct2ResTime" : 14383.999999999996,
    "pct3ResTime" : 14886.0,
    "throughput" : 0.007937144867886223,
    "receivedKBytesPerSec" : 3.208380097263831,
    "sentKBytesPerSec" : 0.03441898317384082
  },
  "2.4 Patient attending session" : {
    "transaction" : "2.4 Patient attending session",
    "sampleCount" : 1197,
    "errorCount" : 34,
    "errorPct" : 2.8404343,
    "meanResTime" : 1967.0242272347539,
    "medianResTime" : 1363.0,
    "minResTime" : 105.0,
    "maxResTime" : 18611.0,
    "pct1ResTime" : 3402.2000000000007,
    "pct2ResTime" : 4839.4,
    "pct3ResTime" : 13043.619999999999,
    "throughput" : 0.33581712695402366,
    "receivedKBytesPerSec" : 136.89709887589285,
    "sentKBytesPerSec" : 1.7091317728030209
  },
  "Check STS status" : {
    "transaction" : "Check STS status",
    "sampleCount" : 1,
    "errorCount" : 0,
    "errorPct" : 0.0,
    "meanResTime" : 22.0,
    "medianResTime" : 22.0,
    "minResTime" : 22.0,
    "maxResTime" : 22.0,
    "pct1ResTime" : 22.0,
    "pct2ResTime" : 22.0,
    "pct3ResTime" : 22.0,
    "throughput" : 45.45454545454545,
    "receivedKBytesPerSec" : 14.24893465909091,
    "sentKBytesPerSec" : 26.811079545454547
  },
  "1.1 Homepage" : {
    "transaction" : "1.1 Homepage",
    "sampleCount" : 1611,
    "errorCount" : 0,
    "errorPct" : 0.0,
    "meanResTime" : 457.2507759155807,
    "medianResTime" : 187.0,
    "minResTime" : 30.0,
    "maxResTime" : 18117.0,
    "pct1ResTime" : 983.1999999999994,
    "pct2ResTime" : 1694.3999999999992,
    "pct3ResTime" : 3819.799999999984,
    "throughput" : 0.44769275660353763,
    "receivedKBytesPerSec" : 180.7192872864532,
    "sentKBytesPerSec" : 2.2202935248162405
  },
  "1.3 Sign-in" : {
    "transaction" : "1.3 Sign-in",
    "sampleCount" : 1606,
    "errorCount" : 0,
    "errorPct" : 0.0,
    "meanResTime" : 598.8088418430897,
    "medianResTime" : 200.0,
    "minResTime" : 73.0,
    "maxResTime" : 14810.0,
    "pct1ResTime" : 1336.6,
    "pct2ResTime" : 2195.649999999997,
    "pct3ResTime" : 7806.590000000004,
    "throughput" : 0.44744511901733697,
    "receivedKBytesPerSec" : 180.97157082751855,
    "sentKBytesPerSec" : 2.3380445675781436
  },
  "Run some searches" : {
    "transaction" : "Run some searches",
    "sampleCount" : 27,
    "errorCount" : 0,
    "errorPct" : 0.0,
    "meanResTime" : 13060.629629629626,
    "medianResTime" : 11580.0,
    "minResTime" : 10311.0,
    "maxResTime" : 22220.0,
    "pct1ResTime" : 18691.6,
    "pct2ResTime" : 21335.999999999996,
    "pct3ResTime" : 22220.0,
    "throughput" : 0.007987270066462961,
    "receivedKBytesPerSec" : 17.896306835620354,
    "sentKBytesPerSec" : 0.17507715804573984
  },
  "4.0 Vaccination for td_ipv" : {
    "transaction" : "4.0 Vaccination for td_ipv",
    "sampleCount" : 375,
    "errorCount" : 0,
    "errorPct" : 0.0,
    "meanResTime" : 3820.5893333333343,
    "medianResTime" : 2711.0,
    "minResTime" : 303.0,
    "maxResTime" : 22499.0,
    "pct1ResTime" : 7145.800000000001,
    "pct2ResTime" : 11721.599999999999,
    "pct3ResTime" : 16852.080000000016,
    "throughput" : 0.10836321268317717,
    "receivedKBytesPerSec" : 129.5452074752773,
    "sentKBytesPerSec" : 1.8332171544239355
  },
  "2.1 Open session" : {
    "transaction" : "2.1 Open session",
    "sampleCount" : 1575,
    "errorCount" : 0,
    "errorPct" : 0.0,
    "meanResTime" : 994.3136507936512,
    "medianResTime" : 620.0,
    "minResTime" : 222.0,
    "maxResTime" : 18852.0,
    "pct1ResTime" : 2046.6000000000017,
    "pct2ResTime" : 2729.7999999999993,
    "pct3ResTime" : 7427.320000000002,
    "throughput" : 0.4396025211693036,
    "receivedKBytesPerSec" : 177.21024057736417,
    "sentKBytesPerSec" : 1.8334099054345199
  },
  "4.3 Vaccination confirm" : {
    "transaction" : "4.3 Vaccination confirm",
    "sampleCount" : 1514,
    "errorCount" : 0,
    "errorPct" : 0.0,
    "meanResTime" : 2469.392338177017,
    "medianResTime" : 1790.5,
    "minResTime" : 892.0,
    "maxResTime" : 17817.0,
    "pct1ResTime" : 4441.5,
    "pct2ResTime" : 6374.5,
    "pct3ResTime" : 12061.949999999997,