{
  "2.0 Register attendance" : {
    "transaction" : "2.0 Register attendance",
    "sampleCount" : 716,
    "errorCount" : 2,
    "errorPct" : 0.2793296,
    "meanResTime" : 1976.0488826815638,
    "medianResTime" : 1990.5,
    "minResTime" : 483.0,
    "maxResTime" : 3958.0,
    "pct1ResTime" : 2607.3,
    "pct2ResTime" : 2713.6499999999996,
    "pct3ResTime" : 3114.7900000000004,
    "throughput" : 0.40404633215091473,
    "receivedKBytesPerSec" : 57.955895050446536,
    "sentKBytesPerSec" : 13.776695679046133
  },
  "2.5 Select patient" : {
    "transaction" : "2.5 Select patient",
    "sampleCount" : 711,
    "errorCount" : 0,
    "errorPct" : 0.0,
    "meanResTime" : 355.58087201125164,
    "medianResTime" : 349.0,
    "minResTime" : 62.0,
    "maxResTime" : 2225.0,
    "pct1ResTime" : 469.0,
    "pct2ResTime" : 531.3999999999999,
    "pct3ResTime" : 1074.8799999999992,
    "throughput" : 0.40415799564919086,
    "receivedKBytesPerSec" : 10.173231359349323,
    "sentKBytesPerSec" : 2.9146489261107096
  },
  "7.1 Full name search" : {
    "transaction" : "7.1 Full name search",
    "sampleCount" : 161,
    "errorCount" : 0,
    "errorPct" : 0.0,
    "meanResTime" : 1067.3229813664595,
    "medianResTime" : 758.0,
    "minResTime" : 198.0,
    "maxResTime" : 10067.0,
    "pct1ResTime" : 2229.2000000000016,
    "pct2ResTime" : 3478.1000000000004,
    "pct3ResTime" : 7259.0199999999795,
    "throughput" : 0.09474506222278978,
    "receivedKBytesPerSec" : 3.468377060852223,
    "sentKBytesPerSec" : 0.6991517117078415
  },
  "2.3 Search by first/last name" : {
    "transaction" : "2.3 Search by first/last name",
    "sampleCount" : 716,
    "errorCount" : 0,
    "errorPct" : 0.0,
    "meanResTime" : 259.6522346368715,
    "medianResTime" : 255.0,
    "minResTime" : 63.0,
    "maxResTime" : 1259.0,
    "pct1ResTime" : 338.30000000000007,
    "pct2ResTime" : 387.04999999999984,
    "pct3ResTime" : 630.8600000000017,
    "throughput" : 0.4040488402500363,
    "receivedKBytesPerSec" : 11.632524029725523,
    "sentKBytesPerSec" : 3.021500399534328
  },
  "4.0 Vaccination for flu" : {
    "transaction" : "4.0 Vaccination for flu",
    "sampleCount" : 176,
    "errorCount" : 0,
    "errorPct" : 0.0,
    "meanResTime" : 1930.079545454546,
    "medianResTime" : 2003.0,
    "minResTime" : 520.0,
    "maxResTime" : 3129.0,
    "pct1ResTime" : 2389.0,
    "pct2ResTime" : 2487.6,
    "pct3ResTime" : 2904.929999999997,
    "throughput" : 0.1039053044838681,
    "receivedKBytesPerSec" : 5.448539592680875,
    "sentKBytesPerSec" : 2.939305243970836
  },
  "4.0 Vaccination for hpv" : {
    "transaction" : "4.0 Vaccination for hpv",
    "sampleCount" : 171,
    "errorCount" : 0,
    "errorPct" : 0.0,
    "meanResTime" : 1906.6549707602344,
    "medianResTime" : 1997.0,
    "minResTime" : 531.0,
    "maxResTime" : 3534.0,
    "pct1ResTime" : 2431.2,
    "pct2ResTime" : 2607.4000000000005,
    "pct3ResTime" : 3075.3600000000006,
    "throughput" : 0.10014043084981161,
    "receivedKBytesPerSec" : 4.8239437389757684,
    "sentKBytesPerSec" : 2.8042814892975647
  },
  "1.2 Sign-in page" : {
    "transaction" : "1.2 Sign-in page",
    "sampleCount" : 2286,
    "errorCount" : 0,
    "errorPct" : 0.0,
    "meanResTime" : 4269.474628171478,
    "medianResTime" : 1348.0,
    "minResTime" : 13.0,
    "maxResTime" : 53603.0,
    "pct1ResTime" : 10485.80000000002,
    "pct2ResTime" : 24691.850000000013,
    "pct3ResTime" : 41178.970000000096,
    "throughput" : 1.2640924745024917,
    "receivedKBytesPerSec" : 103.84522129688229,
    "sentKBytesPerSec" : 10.804592799338591
  },
  "7.2 First name search" : {
    "transaction" : "7.2 First name search",
    "sampleCount" : 160,
    "errorCount" : 0,
    "errorPct" : 0.0,
    "meanResTime" : 4159.450000000001,
    "medianResTime" : 3368.5,
    "minResTime" : 844.0,
    "maxResTime" : 16737.0,
    "pct1ResTime" : 8430.300000000008,
    "pct2ResTime" : 10981.099999999997,
    "pct3ResTime" : 16593.649999999998,
    "throughput" : 0.0941647848422946,
    "receivedKBytesPerSec" : 12.580589400009947,
    "sentKBytesPerSec" : 0.6941888400825943
  },
  "7.7 Due vaccination search" : {
    "transaction" : "7.7 Due vaccination search",
    "sampleCount" : 163,
    "errorCount" : 0,
    "errorPct" : 0.0,
    "meanResTime" : 2627.84662576687,
    "medianResTime" : 2499.0,
    "minResTime" : 774.0,
    "maxResTime" : 5047.0,
    "pct1ResTime" : 3879.1999999999994,
    "pct2ResTime" : 4175.799999999998,
    "pct3ResTime" : 4856.279999999995,
    "throughput" : 0.09701757267985153,
    "receivedKBytesPerSec" : 12.740937124652106,
    "sentKBytesPerSec" : 0.7336779558962876
  },
  "2.4 Patient attending session" : {
    "transaction" : "2.4 Patient attending session",
    "sampleCount" : 410,
    "errorCount" : 2,
    "errorPct" : 0.4878049,
    "meanResTime" : 869.9902439024389,
    "medianResTime" : 887.0,
    "minResTime" : 265.0,
    "maxResTime" : 2197.0,
    "pct1ResTime" : 1134.9,
    "pct2ResTime" : 1223.9,
    "pct3ResTime" : 1400.67,
    "throughput" : 0.23689754354581308,
    "receivedKBytesPerSec" : 7.113864407068561,
    "sentKBytesPerSec" : 2.077657587784985
  },
  "Check STS status" : {
    "transaction" : "Check STS status",
    "sampleCount" : 1,
    "errorCount" : 0,
    "errorPct" : 0.0,
    "meanResTime" : 30.0,
    "medianResTime" : 30.0,
    "minResTime" : 30.0,
    "maxResTime" : 30.0,
    "pct1ResTime" : 30.0,
    "pct2ResTime" : 30.0,
    "pct3ResTime" : 30.0,
    "throughput" : 33.333333333333336,
    "receivedKBytesPerSec" : 10.44921875,
    "sentKBytesPerSec" : 19.661458333333336
  },
  "1.1 Homepage" : {
    "transaction" : "1.1 Homepage",
    "sampleCount" : 2297,
    "errorCount" : 1,
    "errorPct" : 0.043535046,
    "meanResTime" : 4289.535916412714,
    "medianResTime" : 1408.0,
    "minResTime" : 26.0,
    "maxResTime" : 49270.0,
    "pct1ResTime" : 10030.20000000003,
    "pct2ResTime" : 24855.199999999997,
    "pct3ResTime" : 40201.45999999999,
    "throughput" : 1.2716356600519836,
    "receivedKBytesPerSec" : 136.79699729095793,
    "sentKBytesPerSec" : 10.840769582296472
  },
  "1.3 Sign-in" : {
    "transaction" : "1.3 Sign-in",
    "sampleCount" : 2268,
    "errorCount" : 0,
    "errorPct" : 0.0,
    "meanResTime" : 4301.9726631393305,
    "medianResTime" : 1412.0,
    "minResTime" : 69.0,
    "maxResTime" : 54048.0,
    "pct1ResTime" : 10614.100000000015,
    "pct2ResTime" : 25561.64999999996,
    "pct3ResTime" : 40779.519999999946,
    "throughput" : 1.2607193104065486,
    "receivedKBytesPerSec" : 104.14274061679914,
    "sentKBytesPerSec" : 11.311017908724867
  },
  "Run some searches" : {
    "transaction" : "Run some searches",
    "sampleCount" : 1506,
    "errorCount" : 3,
    "errorPct" : 0.1992032,
    "meanResTime" : 6610.885790172642,
    "medianResTime" : 3132.0,
    "minResTime" : 0.0,
    "maxResTime" : 60008.0,
    "pct1ResTime" : 20380.899999999972,
    "pct2ResTime" : 31651.099999999948,
    "pct3ResTime" : 43415.030000000006,
    "throughput" : 0.8486653807075706,
    "receivedKBytesPerSec" : 97.27915582149372,
    "sentKBytesPerSec" : 6.304920142475477
  },
  "4.0 Vaccination for td_ipv" : {
    "transaction" : "4.0 Vaccination for td_ipv",
    "sampleCount" : 171,
    "errorCount" : 0,
    "errorPct" : 0.0,
    "meanResTime" : 1932.602339181286,
    "medianResTime" : 1987.0,
    "minResTime" : 445.0,
    "maxResTime" : 3280.0,
    "pct1ResTime" : 2386.8,
    "pct2ResTime" : 2473.6000000000004,
    "pct3ResTime" : 3038.8,
    "throughput" : 0.1031398546270891,
    "receivedKBytesPerSec" : 5.109168974747624,
    "sentKBytesPerSec" : 2.9137456587771715
  },
  "2.1 Open session" : {
    "transaction" : "2.1 Open session",
    "sampleCount" : 723,
    "errorCount" : 0,
    "errorPct" : 0.0,
    "meanResTime" : 559.499308437067,
    "medianResTime" : 530.0,
    "minResTime" : 134.0,
    "maxResTime" : 1977.0,
    "pct1ResTime" : 828.6,
    "pct2ResTime" : 925.9999999999995,