{
  "2.0 Register attendance" : {
    "transaction" : "2.0 Register attendance",
    "sampleCount" : 238,
    "errorCount" : 0,
    "errorPct" : 0.0,
    "meanResTime" : 1089.1008403361345,
    "medianResTime" : 996.5,
    "minResTime" : 416.0,
    "maxResTime" : 2831.0,
    "pct1ResTime" : 1603.2,
    "pct2ResTime" : 2001.3499999999995,
    "pct3ResTime" : 2560.1,
    "throughput" : 0.27610176786337837,
    "receivedKBytesPerSec" : 38.39561961065011,
    "sentKBytesPerSec" : 0.03354522283036795
  },
  "2.5 Select patient" : {
    "transaction" : "2.5 Select patient",
    "sampleCount" : 231,
    "errorCount" : 0,
    "errorPct" : 0.0,
    "meanResTime" : 157.87445887445892,
    "medianResTime" : 100.0,
    "minResTime" : 65.0,
    "maxResTime" : 769.0,
    "pct1ResTime" : 330.20000000000005,
    "pct2ResTime" : 424.99999999999966,
    "pct3ResTime" : 697.5200000000013,
    "throughput" : 0.26999670393634156,
    "receivedKBytesPerSec" : 6.830827350330074,
    "sentKBytesPerSec" : 0.0
  },
  "7.1 Full name search" : {
    "transaction" : "7.1 Full name search",
    "sampleCount" : 39,
    "errorCount" : 0,
    "errorPct" : 0.0,
    "meanResTime" : 654.2564102564102,
    "medianResTime" : 430.0,
    "minResTime" : 280.0,
    "maxResTime" : 2980.0,
    "pct1ResTime" : 1225.0,
    "pct2ResTime" : 2330.0,
    "pct3ResTime" : 2980.0,
    "throughput" : 0.0495778887700997,
    "receivedKBytesPerSec" : 1.8579207053312756,
    "sentKBytesPerSec" : 0.0
  },
  "2.3 Search by first/last name" : {
    "transaction" : "2.3 Search by first/last name",
    "sampleCount" : 240,
    "errorCount" : 0,
    "errorPct" : 0.0,
    "meanResTime" : 126.60833333333343,
    "medianResTime" : 92.5,
    "minResTime" : 64.0,
    "maxResTime" : 696.0,
    "pct1ResTime" : 240.9,
    "pct2ResTime" : 277.84999999999997,
    "pct3ResTime" : 554.3900000000001,
    "throughput" : 0.27780414344879956,
    "receivedKBytesPerSec" : 7.958147096642852,
    "sentKBytesPerSec" : 0.0
  },
  "4.0 Vaccination for flu" : {
    "transaction" : "4.0 Vaccination for flu",
    "sampleCount" : 54,
    "errorCount" : 0,
    "errorPct" : 0.0,
    "meanResTime" : 986.092592592593,
    "medianResTime" : 821.5,
    "minResTime" : 568.0,
    "maxResTime" : 2040.0,
    "pct1ResTime" : 1637.0,
    "pct2ResTime" : 1686.5,
    "pct3ResTime" : 2040.0,
    "throughput" : 0.07242634977903258,
    "receivedKBytesPerSec" : 4.0046875419133965,
    "sentKBytesPerSec" : 0.16909959964323315
  },
  "4.0 Vaccination for hpv" : {
    "transaction" : "4.0 Vaccination for hpv",
    "sampleCount" : 55,
    "errorCount" : 0,
    "errorPct" : 0.0,
    "meanResTime" : 953.8727272727273,
    "medianResTime" : 777.0,
    "minResTime" : 172.0,
    "maxResTime" : 1964.0,
    "pct1ResTime" : 1535.6,
    "pct2ResTime" : 1803.3999999999999,
    "pct3ResTime" : 1964.0,
    "throughput" : 0.06897027381198705,
    "receivedKBytesPerSec" : 3.513004325533422,
    "sentKBytesPerSec" : 0.16351784057207705
  },
  "1.2 Sign-in page" : {
    "transaction" : "1.2 Sign-in page",
    "sampleCount" : 636,
    "errorCount" : 14,
    "errorPct" : 2.201258,
    "meanResTime" : 1624.163522012579,
    "medianResTime" : 409.0,
    "minResTime" : 11.0,
    "maxResTime" : 30116.0,
    "pct1ResTime" : 2824.700000000006,
    "pct2ResTime" : 6066.699999999999,
    "pct3ResTime" : 30020.63,
    "throughput" : 0.6873736167416545,
    "receivedKBytesPerSec" : 50.1154718523341,
    "sentKBytesPerSec" : 0.0
  },
  "7.2 First name search" : {
    "transaction" : "7.2 First name search",
    "sampleCount" : 34,
    "errorCount" : 0,
    "errorPct" : 0.0,
    "meanResTime" : 2705.441176470588,
    "medianResTime" : 2089.0,
    "minResTime" : 1391.0,
    "maxResTime" : 8698.0,
    "pct1ResTime" : 5564.5,
    "pct2ResTime" : 6890.5,
    "pct3ResTime" : 8698.0,
    "throughput" : 0.041098390756246654,
    "receivedKBytesPerSec" : 5.491027603688822,
    "sentKBytesPerSec" : 0.0
  },
  "7.7 Due vaccination search" : {
    "transaction" : "7.7 Due vaccination search",
    "sampleCount" : 48,
    "errorCount" : 0,
    "errorPct" : 0.0,
    "meanResTime" : 737.4999999999999,
    "medianResTime" : 609.0,
    "minResTime" : 535.0,
    "maxResTime" : 2488.0,
    "pct1ResTime" : 1232.9,
    "pct2ResTime" : 1691.1,
    "pct3ResTime" : 2488.0,
    "throughput" : 0.05719330981258467,
    "receivedKBytesPerSec" : 7.522149002870389,
    "sentKBytesPerSec" : 0.0
  },
  "2.4 Patient attending session" : {
    "transaction" : "2.4 Patient attending session",
    "sampleCount" : 141,
    "errorCount" : 0,
    "errorPct" : 0.0,
    "meanResTime" : 449.21985815602847,
    "medianResTime" : 358.0,
    "minResTime" : 266.0,
    "maxResTime" : 1311.0,
    "pct1ResTime" : 792.0,
    "pct2ResTime" : 1009.3000000000001,
    "pct3ResTime" : 1290.0000000000007,
    "throughput" : 0.16768367010794785,
    "receivedKBytesPerSec" : 5.159277327606916,
    "sentKBytesPerSec" : 0.03438825265885649
  },
  "Check STS status" : {
    "transaction" : "Check STS status",
    "sampleCount" : 1,
    "errorCount" : 0,
    "errorPct" : 0.0,
    "meanResTime" : 21.0,
    "medianResTime" : 21.0,
    "minResTime" : 21.0,
    "maxResTime" : 21.0,
    "pct1ResTime" : 21.0,
    "pct2ResTime" : 21.0,
    "pct3ResTime" : 21.0,
    "throughput" : 47.61904761904761,
    "receivedKBytesPerSec" : 14.927455357142856,
    "sentKBytesPerSec" : 28.087797619047617
  },
  "1.1 Homepage" : {
    "transaction" : "1.1 Homepage",
    "sampleCount" : 641,
    "errorCount" : 3,
    "errorPct" : 0.4680187,
    "meanResTime" : 1128.3744149766,
    "medianResTime" : 430.0,
    "minResTime" : 32.0,
    "maxResTime" : 30035.0,
    "pct1ResTime" : 2319.2000000000007,
    "pct2ResTime" : 3557.3999999999987,
    "pct3ResTime" : 8918.640000000036,
    "throughput" : 0.7124969293716578,
    "receivedKBytesPerSec" : 52.86095266556939,
    "sentKBytesPerSec" : 0.0
  },
  "1.3 Sign-in" : {
    "transaction" : "1.3 Sign-in",
    "sampleCount" : 630,
    "errorCount" : 14,
    "errorPct" : 2.2222223,
    "meanResTime" : 1720.2142857142862,
    "medianResTime" : 486.0,
    "minResTime" : 64.0,
    "maxResTime" : 30103.0,
    "pct1ResTime" : 2730.3999999999996,
    "pct2ResTime" : 6118.599999999994,
    "pct3ResTime" : 30017.0,
    "throughput" : 0.7063413759081533,
    "receivedKBytesPerSec" : 52.23373124306272,
    "sentKBytesPerSec" : 0.2136695800912638
  },
  "Run some searches" : {
    "transaction" : "Run some searches",
    "sampleCount" : 381,
    "errorCount" : 40,
    "errorPct" : 10.498688,
    "meanResTime" : 4720.8136482939635,
    "medianResTime" : 1495.0,
    "minResTime" : 0.0,
    "maxResTime" : 30002.0,
    "pct1ResTime" : 30000.0,
    "pct2ResTime" : 30000.0,
    "pct3ResTime" : 30001.0,
    "throughput" : 0.42864568215416393,
    "receivedKBytesPerSec" : 43.47456297969502,
    "sentKBytesPerSec" : 0.0
  },
  "4.0 Vaccination for td_ipv" : {
    "transaction" : "4.0 Vaccination for td_ipv",
    "sampleCount" : 55,
    "errorCount" : 0,
    "errorPct" : 0.0,
    "meanResTime" : 948.5090909090908,
    "medianResTime" : 809.0,
    "minResTime" : 223.0,
    "maxResTime" : 1833.0,
    "pct1ResTime" : 1577.3999999999999,
    "pct2ResTime" : 1711.9999999999998,
    "pct3ResTime" : 1833.0,
    "throughput" : 0.06852882322304761,
    "receivedKBytesPerSec" : 3.433965703815934,
    "sentKBytesPerSec" : 0.15919323508376715
  },
  "2.1 Open session" : {
    "transaction" : "2.1 Open session",
    "sampleCount" : 244,
    "errorCount" : 0,
    "errorPct" : 0.0,
    "meanResTime" : 386.44672131147547,
    "medianResTime" : 391.5,
    "minResTime" : 121.0,
    "maxResTime" : 1166.0,
    "pct1ResTime" : 571.0,
    "pct2ResTime" : 677.0,
    "pct3ResTime" : 943.4500000000003,
    "throughput" : 0.2768467607794371,
    "receivedKBytesPerSec" : 6.28531653250283,
    "sentKBytesPerSec" : 0.0
  },
  "4.3 Vaccination confirm" : {
    "transaction" : "4.3 Vaccination confirm",
    "sampleCount" : 212,
    "errorCount" : 0,
    "errorPct" : 0.0,