{
  "7.3 Safe to vaccinate" : {
    "transaction" : "7.3 Safe to vaccinate",
    "sampleCount" : 27,
    "errorCount" : 0,
    "errorPct" : 0.0,
    "meanResTime" : 111.22222222222221,
    "medianResTime" : 104.0,
    "minResTime" : 87.0,
    "maxResTime" : 174.0,
    "pct1ResTime" : 145.6,
    "pct2ResTime" : 166.79999999999995,
    "pct3ResTime" : 174.0,
    "throughput" : 0.007834118631187974,
    "receivedKBytesPerSec" : 3.553286799938081,
    "sentKBytesPerSec" : 0.058272207713386155
  },
  "2.0 Register attendance" : {
    "transaction" : "2.0 Register attendance",
    "sampleCount" : 1694,
    "errorCount" : 7,
    "errorPct" : 0.41322315,
    "meanResTime" : 987.6865407319951,
    "medianResTime" : 940.5,
    "minResTime" : 424.0,
    "maxResTime" : 2723.0,
    "pct1ResTime" : 1461.5,
    "pct2ResTime" : 1611.0,
    "pct3ResTime" : 1986.2499999999989,
    "throughput" : 0.4743953909155243,
    "receivedKBytesPerSec" : 951.9918083897518,
    "sentKBytesPerSec" : 15.592262141049456
  },
  "2.5 Select patient" : {
    "transaction" : "2.5 Select patient",
    "sampleCount" : 1690,
    "errorCount" : 0,
    "errorPct" : 0.0,
    "meanResTime" : 137.1751479289939,
    "medianResTime" : 106.0,
    "minResTime" : 72.0,
    "maxResTime" : 1312.0,
    "pct1ResTime" : 211.9000000000001,
    "pct2ResTime" : 328.34999999999945,
    "pct3ResTime" : 670.2699999999998,
    "throughput" : 0.4764546809839889,
    "receivedKBytesPerSec" : 213.94426173153357,
    "sentKBytesPerSec" : 3.4384598583935806
  },
  "7.1 Full name search" : {
    "transaction" : "7.1 Full name search",
    "sampleCount" : 27,
    "errorCount" : 0,
    "errorPct" : 0.0,
    "meanResTime" : 998.1481481481479,
    "medianResTime" : 600.0,
    "minResTime" : 276.0,
    "maxResTime" : 4977.0,
    "pct1ResTime" : 2232.5999999999976,
    "pct2ResTime" : 4947.4,
    "pct3ResTime" : 4977.0,
    "throughput" : 0.007832477804353408,
    "receivedKBytesPerSec" : 3.6015799848282004,
    "sentKBytesPerSec" : 0.05784696199580237
  },
  "2.3 Search by first/last name" : {
    "transaction" : "2.3 Search by first/last name",
    "sampleCount" : 1698,
    "errorCount" : 0,
    "errorPct" : 0.0,
    "meanResTime" : 136.2691401648998,
    "medianResTime" : 107.0,
    "minResTime" : 80.0,
    "maxResTime" : 1000.0,
    "pct1ResTime" : 203.10000000000014,
    "pct2ResTime" : 318.0999999999999,
    "pct3ResTime" : 637.02,
    "throughput" : 0.475146853397328,
    "receivedKBytesPerSec" : 215.1262037451499,
    "sentKBytesPerSec" : 3.5554828546105193
  },
  "4.0 Vaccination for flu" : {
    "transaction" : "4.0 Vaccination for flu",
    "sampleCount" : 410,
    "errorCount" : 0,
    "errorPct" : 0.0,
    "meanResTime" : 942.6560975609757,
    "medianResTime" : 845.5,
    "minResTime" : 209.0,
    "maxResTime" : 3458.0,
    "pct1ResTime" : 1303.7000000000005,
    "pct2ResTime" : 1565.6499999999999,
    "pct3ResTime" : 2552.1399999999985,
    "throughput" : 0.11703508454928505,
    "receivedKBytesPerSec" : 154.00005179159305,
    "sentKBytesPerSec" : 3.3234278789488996
  },
  "4.0 Vaccination for hpv" : {
    "transaction" : "4.0 Vaccination for hpv",
    "sampleCount" : 429,
    "errorCount" : 0,
    "errorPct" : 0.0,
    "meanResTime" : 946.0116550116554,
    "medianResTime" : 870.0,
    "minResTime" : 204.0,
    "maxResTime" : 3272.0,
    "pct1ResTime" : 1297.0,
    "pct2ResTime" : 1467.5,
    "pct3ResTime" : 2015.7999999999975,
    "throughput" : 0.12243122732596501,
    "receivedKBytesPerSec" : 161.2173917049954,
    "sentKBytesPerSec" : 3.486249375893263
  },
  "7.6 First name search" : {
    "transaction" : "7.6 First name search",
    "sampleCount" : 27,
    "errorCount" : 0,
    "errorPct" : 0.0,
    "meanResTime" : 1981.740740740741,
    "medianResTime" : 955.0,
    "minResTime" : 325.0,
    "maxResTime" : 8915.0,
    "pct1ResTime" : 5746.599999999998,
    "pct2ResTime" : 8598.999999999998,
    "pct3ResTime" : 8915.0,
    "throughput" : 0.007834959764579772,
    "receivedKBytesPerSec" : 4.33565612383357,
    "sentKBytesPerSec" : 0.05780351518734405
  },
  "1.2 Sign-in page" : {
    "transaction" : "1.2 Sign-in page",
    "sampleCount" : 1741,
    "errorCount" : 0,
    "errorPct" : 0.0,
    "meanResTime" : 158.79839172889106,
    "medianResTime" : 110.0,
    "minResTime" : 16.0,
    "maxResTime" : 5934.0,
    "pct1ResTime" : 252.79999999999995,
    "pct2ResTime" : 396.0,
    "pct3ResTime" : 815.539999999999,
    "throughput" : 0.48419348827895775,
    "receivedKBytesPerSec" : 216.0654630473945,
    "sentKBytesPerSec" : 4.113002312069099
  },
  "2.4 Patient attending session" : {
    "transaction" : "2.4 Patient attending session",
    "sampleCount" : 720,
    "errorCount" : 7,
    "errorPct" : 0.9722222,
    "meanResTime" : 492.2722222222223,
    "medianResTime" : 443.0,
    "minResTime" : 102.0,
    "maxResTime" : 1373.0,
    "pct1ResTime" : 690.9,
    "pct2ResTime" : 824.5999999999995,
    "pct3ResTime" : 1078.37,
    "throughput" : 0.20237174058528717,
    "receivedKBytesPerSec" : 91.99730147077527,
    "sentKBytesPerSec" : 1.7746871872197185
  },
  "Check STS status" : {
    "transaction" : "Check STS status",
    "sampleCount" : 1,
    "errorCount" : 0,
    "errorPct" : 0.0,
    "meanResTime" : 28.0,
    "medianResTime" : 28.0,
    "minResTime" : 28.0,
    "maxResTime" : 28.0,
    "pct1ResTime" : 28.0,
    "pct2ResTime" : 28.0,
    "pct3ResTime" : 28.0,
    "throughput" : 35.714285714285715,
    "receivedKBytesPerSec" : 11.195591517857142,
    "sentKBytesPerSec" : 21.065848214285715
  },
  "1.1 Homepage" : {
    "transaction" : "1.1 Homepage",
    "sampleCount" : 1742,
    "errorCount" : 0,
    "errorPct" : 0.0,
    "meanResTime" : 153.72273249138908,
    "medianResTime" : 113.0,
    "minResTime" : 27.0,
    "maxResTime" : 5801.0,
    "pct1ResTime" : 209.70000000000005,
    "pct2ResTime" : 337.5499999999997,
    "pct3ResTime" : 709.9499999999978,
    "throughput" : 0.48389910453665136,
    "receivedKBytesPerSec" : 215.9022613871501,
    "sentKBytesPerSec" : 4.10188835323329
  },
  "1.3 Sign-in" : {
    "transaction" : "1.3 Sign-in",
    "sampleCount" : 1738,
    "errorCount" : 0,
    "errorPct" : 0.0,
    "meanResTime" : 173.56789413118528,
    "medianResTime" : 117.0,
    "minResTime" : 71.0,
    "maxResTime" : 5747.0,
    "pct1ResTime" : 323.0,
    "pct2ResTime" : 417.14999999999986,
    "pct3ResTime" : 846.9299999999987,
    "throughput" : 0.48376883198218573,
    "receivedKBytesPerSec" : 216.14533680108556,
    "sentKBytesPerSec" : 4.272258870168052
  },
  "Run some searches" : {
    "transaction" : "Run some searches",
    "sampleCount" : 27,
    "errorCount" : 0,
    "errorPct" : 0.0,
    "meanResTime" : 8288.851851851852,
    "medianResTime" : 6646.0,
    "minResTime" : 4126.0,
    "maxResTime" : 17289.0,
    "pct1ResTime" : 16672.6,
    "pct2ResTime" : 17208.2,
    "pct3ResTime" : 17289.0,
    "throughput" : 0.007777714083740631,
    "receivedKBytesPerSec" : 31.41181572409654,
    "sentKBytesPerSec" : 0.46123211692885724
  },
  "4.0 Vaccination for td_ipv" : {
    "transaction" : "4.0 Vaccination for td_ipv",
    "sampleCount" : 415,
    "errorCount" : 0,
    "errorPct" : 0.0,
    "meanResTime" : 955.8072289156629,
    "medianResTime" : 875.0,
    "minResTime" : 213.0,
    "maxResTime" : 2470.0,
    "pct1ResTime" : 1303.8000000000002,
    "pct2ResTime" : 1471.1999999999998,
    "pct3ResTime" : 1920.9199999999996,
    "throughput" : 0.12005236018600883,
    "receivedKBytesPerSec" : 158.3978894447036,
    "sentKBytesPerSec" : 3.4098805555856893
  },
  "2.1 Open session" : {
    "transaction" : "2.1 Open session",
    "sampleCount" : 1706,
    "errorCount" : 0,
    "errorPct" : 0.0,
    "meanResTime" : 354.277256740914,
    "medianResTime" : 306.0,
    "minResTime" : 129.0,
    "maxResTime" : 1845.0,
    "pct1ResTime" : 553.0,
    "pct2ResTime" : 691.6499999999999,
    "pct3ResTime" : 1004.3700000000006,
    "throughput" : 0.47629869567863625,
    "receivedKBytesPerSec" : 212.725559172854,