{
  "7.3 Safe to vaccinate" : {
    "transaction" : "7.3 Safe to vaccinate",
    "sampleCount" : 6,
    "errorCount" : 0,
    "errorPct" : 0.0,
    "meanResTime" : 25914.833333333332,
    "medianResTime" : 24757.5,
    "minResTime" : 24331.0,
    "maxResTime" : 29619.0,
    "pct1ResTime" : 29619.0,
    "pct2ResTime" : 29619.0,
    "pct3ResTime" : 29619.0,
    "throughput" : 0.0035900541140823465,
    "receivedKBytesPerSec" : 1.4510783699837968,
    "sentKBytesPerSec" : 0.015734534046876532
  },
  "2.0 Register attendance" : {
    "transaction" : "2.0 Register attendance",
    "sampleCount" : 639,
    "errorCount" : 31,
    "errorPct" : 4.8513303,
    "meanResTime" : 6097.5242566510115,
    "medianResTime" : 4315.0,
    "minResTime" : 555.0,
    "maxResTime" : 51321.0,
    "pct1ResTime" : 12341.0,
    "pct2ResTime" : 17357.0,
    "pct3ResTime" : 31050.600000000024,
    "throughput" : 0.36343285364746675,
    "receivedKBytesPerSec" : 714.4786686527505,
    "sentKBytesPerSec" : 7.612334108223081
  },
  "2.5 Select patient" : {
    "transaction" : "2.5 Select patient",
    "sampleCount" : 634,
    "errorCount" : 0,
    "errorPct" : 0.0,
    "meanResTime" : 618.5189274447954,
    "medianResTime" : 163.5,
    "minResTime" : 67.0,
    "maxResTime" : 10728.0,
    "pct1ResTime" : 1696.0,
    "pct2ResTime" : 2814.75,
    "pct3ResTime" : 6676.949999999992,
    "throughput" : 0.36392963644347753,
    "receivedKBytesPerSec" : 148.0122817955895,
    "sentKBytesPerSec" : 1.5157295795435954
  },
  "2.3 Search by first/last name" : {
    "transaction" : "2.3 Search by first/last name",
    "sampleCount" : 649,
    "errorCount" : 0,
    "errorPct" : 0.0,
    "meanResTime" : 685.6178736517719,
    "medianResTime" : 161.0,
    "minResTime" : 73.0,
    "maxResTime" : 21067.0,
    "pct1ResTime" : 1621.0,
    "pct2ResTime" : 2828.0,
    "pct3ResTime" : 8928.5,
    "throughput" : 0.36632703803987376,
    "receivedKBytesPerSec" : 149.3709869259277,
    "sentKBytesPerSec" : 1.585746786983085
  },
  "4.0 Vaccination for flu" : {
    "transaction" : "4.0 Vaccination for flu",
    "sampleCount" : 155,
    "errorCount" : 0,
    "errorPct" : 0.0,
    "meanResTime" : 7119.690322580645,
    "medianResTime" : 5041.0,
    "minResTime" : 773.0,
    "maxResTime" : 34985.0,
    "pct1ResTime" : 17385.0,
    "pct2ResTime" : 19574.399999999976,
    "pct3ResTime" : 33621.399999999994,
    "throughput" : 0.09172992579344906,
    "receivedKBytesPerSec" : 108.43176935320194,
    "sentKBytesPerSec" : 1.5363300393536177
  },
  "4.0 Vaccination for hpv" : {
    "transaction" : "4.0 Vaccination for hpv",
    "sampleCount" : 162,
    "errorCount" : 1,
    "errorPct" : 0.61728394,
    "meanResTime" : 7310.407407407407,
    "medianResTime" : 5307.0,
    "minResTime" : 483.0,
    "maxResTime" : 35770.0,
    "pct1ResTime" : 15744.200000000017,
    "pct2ResTime" : 21708.3,
    "pct3ResTime" : 34190.59000000001,
    "throughput" : 0.09626291898881152,
    "receivedKBytesPerSec" : 113.17657695800708,
    "sentKBytesPerSec" : 1.6087875343679419
  },
  "1.2 Sign-in page" : {
    "transaction" : "1.2 Sign-in page",
    "sampleCount" : 662,
    "errorCount" : 0,
    "errorPct" : 0.0,
    "meanResTime" : 1233.5679758308154,
    "medianResTime" : 232.5,
    "minResTime" : 18.0,
    "maxResTime" : 29851.0,
    "pct1ResTime" : 2683.6000000000004,
    "pct2ResTime" : 4183.250000000001,
    "pct3ResTime" : 24849.94,
    "throughput" : 0.36959928626023025,
    "receivedKBytesPerSec" : 148.57990210887937,
    "sentKBytesPerSec" : 1.8042701916291346
  },
  "7.1 Name search" : {
    "transaction" : "7.1 Name search",
    "sampleCount" : 6,
    "errorCount" : 0,
    "errorPct" : 0.0,
    "meanResTime" : 6723.833333333333,
    "medianResTime" : 6443.5,
    "minResTime" : 5320.0,
    "maxResTime" : 9203.0,
    "pct1ResTime" : 9203.0,
    "pct2ResTime" : 9203.0,
    "pct3ResTime" : 9203.0,
    "throughput" : 0.003603359051307629,
    "receivedKBytesPerSec" : 1.4565265240256966,
    "sentKBytesPerSec" : 0.01561983424698504
  },
  "2.4 Patient attending session" : {
    "transaction" : "2.4 Patient attending session",
    "sampleCount" : 523,
    "errorCount" : 31,
    "errorPct" : 5.9273424,
    "meanResTime" : 3221.005736137668,
    "medianResTime" : 1840.0,
    "minResTime" : 82.0,
    "maxResTime" : 43449.0,
    "pct1ResTime" : 6570.0,
    "pct2ResTime" : 8699.799999999994,
    "pct3ResTime" : 22987.31999999998,
    "throughput" : 0.2983572665682411,
    "receivedKBytesPerSec" : 121.2500417158224,
    "sentKBytesPerSec" : 1.506689934349992
  },
  "Check STS status" : {
    "transaction" : "Check STS status",
    "sampleCount" : 1,
    "errorCount" : 0,
    "errorPct" : 0.0,
    "meanResTime" : 29.0,
    "medianResTime" : 29.0,
    "minResTime" : 29.0,
    "maxResTime" : 29.0,
    "pct1ResTime" : 29.0,
    "pct2ResTime" : 29.0,
    "pct3ResTime" : 29.0,
    "throughput" : 34.48275862068965,
    "receivedKBytesPerSec" : 10.809536637931034,
    "sentKBytesPerSec" : 20.339439655172413
  },
  "1.1 Homepage" : {
    "transaction" : "1.1 Homepage",
    "sampleCount" : 666,
    "errorCount" : 2,
    "errorPct" : 0.3003003,
    "meanResTime" : 1159.4219219219217,
    "medianResTime" : 282.0,
    "minResTime" : 36.0,
    "maxResTime" : 45598.0,
    "pct1ResTime" : 2709.4000000000015,
    "pct2ResTime" : 3708.95,
    "pct3ResTime" : 23127.430000000102,
    "throughput" : 0.36997163550794443,
    "receivedKBytesPerSec" : 148.17409571516185,
    "sentKBytesPerSec" : 1.7900493948241747
  },
  "1.3 Sign-in" : {
    "transaction" : "1.3 Sign-in",
    "sampleCount" : 662,
    "errorCount" : 1,
    "errorPct" : 0.1510574,
    "meanResTime" : 1433.6042296072505,
    "medianResTime" : 328.5,
    "minResTime" : 87.0,
    "maxResTime" : 30399.0,
    "pct1ResTime" : 2942.9000000000015,
    "pct2ResTime" : 5344.400000000003,
    "pct3ResTime" : 26359.52,
    "throughput" : 0.36931906936057596,
    "receivedKBytesPerSec" : 148.59105696854735,
    "sentKBytesPerSec" : 1.9386962946195454
  },
  "Run some searches" : {
    "transaction" : "Run some searches",
    "sampleCount" : 5,
    "errorCount" : 4,
    "errorPct" : 80.0,
    "meanResTime" : 118574.4,
    "medianResTime" : 118881.0,
    "minResTime" : 110802.0,
    "maxResTime" : 127469.0,
    "pct1ResTime" : 127469.0,
    "pct2ResTime" : 127469.0,
    "pct3ResTime" : 127469.0,
    "throughput" : 0.0034960658770685346,
    "receivedKBytesPerSec" : 6.397610046758133,
    "sentKBytesPerSec" : 0.06710534572945065
  },
  "4.0 Vaccination for td_ipv" : {
    "transaction" : "4.0 Vaccination for td_ipv",
    "sampleCount" : 147,
    "errorCount" : 0,
    "errorPct" : 0.0,
    "meanResTime" : 7024.646258503402,
    "medianResTime" : 4538.0,
    "minResTime" : 441.0,
    "maxResTime" : 65109.0,
    "pct1ResTime" : 15021.20000000003,
    "pct2ResTime" : 22937.399999999994,
    "pct3ResTime" : 54469.80000000023,
    "throughput" : 0.08827826751197612,
    "receivedKBytesPerSec" : 104.93704714693797,
    "sentKBytesPerSec" : 1.4838294303604576
  },
  "2.1 Open session" : {
    "transaction" : "2.1 Open session",
    "sampleCount" : 653,
    "errorCount" : 0,
    "errorPct" : 0.0,
    "meanResTime" : 1457.9035222052087,
    "medianResTime" : 628.0,
    "minResTime" : 192.0,
    "maxResTime" : 29393.0,
    "pct1ResTime" : 3310.400000000001,
    "pct2ResTime" : 4358.2,
    "pct3ResTime" : 19173.1000000001,
    "throughput" : 0.3669060827184987,
    "receivedKBytesPerSec" : 147.81001110164814,
    "sentKBytesPerSec" : 1.530514019338142
  },
  "4.3 Vaccination confirm" : {
    "transaction" : "4.3 Vaccination confirm",
    "sampleCount" : 590,
    "errorCount" : 3,
    "errorPct" : 0.5084746,
    "meanResTime" : 4436.533898305084,
    "medianResTime" : 2669.5,
    "minResTime" : 838.0,
    "maxResTime" : 44025.0,
    "pct1ResTime" : 9345.9,
    "pct2ResTime" : 12929.749999999884,
    "pct3ResTime" : 29834.040000000037,
    "throughput" : 0.35810575409181344,
    "receivedKBytesPerSec" : 143.90497806545355,