{
  "1.2 Sign-in page" : {
    "transaction" : "1.2 Sign-in page",
    "sampleCount" : 70,
    "errorCount" : 0,
    "errorPct" : 0.0,
    "meanResTime" : 158.11428571428567,
    "medianResTime" : 157.5,
    "minResTime" : 154.0,
    "maxResTime" : 175.0,
    "pct1ResTime" : 162.9,
    "pct2ResTime" : 166.0,
    "pct3ResTime" : 175.0,
    "throughput" : 1.1751670416009132,
    "receivedKBytesPerSec" : 7.081988099335191,
    "sentKBytesPerSec" : 0.7080840475271127
  },
  "2.0 Register attendance" : {
    "transaction" : "2.0 Register attendance",
    "sampleCount" : 100,
    "errorCount" : 100,
    "errorPct" : 100.0,
    "meanResTime" : 0.27999999999999986,
    "medianResTime" : 0.0,
    "minResTime" : -1.0,
    "maxResTime" : 2.0,
    "pct1ResTime" : 1.0,
    "pct2ResTime" : 2.0,
    "pct3ResTime" : 2.0,
    "throughput" : 1.5442822948034902,
    "receivedKBytesPerSec" : 1.7855764033665356,
    "sentKBytesPerSec" : 0.0
  },
  "1.0 Login" : {
    "transaction" : "1.0 Login",
    "sampleCount" : 70,
    "errorCount" : 0,
    "errorPct" : 0.0,
    "meanResTime" : 2171.8,
    "medianResTime" : 2136.5,
    "minResTime" : 2032.0,
    "maxResTime" : 2453.0,
    "pct1ResTime" : 2311.2,
    "pct2ResTime" : 2379.6000000000004,
    "pct3ResTime" : 2453.0,
    "throughput" : 1.1489536315141569,
    "receivedKBytesPerSec" : 53.00109637874436,
    "sentKBytesPerSec" : 5.469872025030776
  },
  "1.5 Open Sessions list" : {
    "transaction" : "1.5 Open Sessions list",
    "sampleCount" : 70,
    "errorCount" : 0,
    "errorPct" : 0.0,
    "meanResTime" : 384.3999999999999,
    "medianResTime" : 367.0,
    "minResTime" : 339.0,
    "maxResTime" : 639.0,
    "pct1ResTime" : 471.9,
    "pct2ResTime" : 533.7000000000002,
    "pct3ResTime" : 639.0,
    "throughput" : 1.074889056093853,
    "receivedKBytesPerSec" : 11.684170003301444,
    "sentKBytesPerSec" : 0.6424141624310918
  },
  "Vaccination" : {
    "transaction" : "Vaccination",
    "sampleCount" : 100,
    "errorCount" : 100,
    "errorPct" : 100.0,
    "meanResTime" : 0.3300000000000001,
    "medianResTime" : 0.0,
    "minResTime" : -1.0,
    "maxResTime" : 3.0,
    "pct1ResTime" : 1.0,
    "pct2ResTime" : 2.0,
    "pct3ResTime" : 2.989999999999995,
    "throughput" : 1.5442822948034902,
    "receivedKBytesPerSec" : 1.7855764033665356,
    "sentKBytesPerSec" : 0.0
  },
  "Total" : {
    "transaction" : "Total",
    "sampleCount" : 450,
    "errorCount" : 100,
    "errorPct" : 22.222221,
    "meanResTime" : 337.83555555555523,
    "medianResTime" : 388.5,
    "minResTime" : 0.0,
    "maxResTime" : 862.0,
    "pct1ResTime" : 601.0,
    "pct2ResTime" : 635.45,
    "pct3ResTime" : 803.0,
    "throughput" : 3.8124608163749425,
    "receivedKBytesPerSec" : 28.336892733237878,
    "sentKBytesPerSec" : 2.8233555850432923
  },
  "1.4 Select Organisations" : {
    "transaction" : "1.4 Select Organisations",
    "sampleCount" : 70,
    "errorCount" : 0,
    "errorPct" : 0.0,
    "meanResTime" : 538.5714285714287,
    "medianResTime" : 514.0,
    "minResTime" : 495.0,
    "maxResTime" : 696.0,
    "pct1ResTime" : 616.5,
    "pct2ResTime" : 664.85,
    "pct3ResTime" : 696.0,
    "throughput" : 1.0606382011576108,
    "receivedKBytesPerSec" : 15.239423685187429,
    "sentKBytesPerSec" : 1.5329536501106094
  },
  "1.1 Homepage" : {
    "transaction" : "1.1 Homepage",
    "sampleCount" : 70,
    "errorCount" : 0,
    "errorPct" : 0.0,
    "meanResTime" : 471.6285714285713,
    "medianResTime" : 467.0,
    "minResTime" : 456.0,
    "maxResTime" : 754.0,
    "pct1ResTime" : 476.9,
    "pct2ResTime" : 479.8,
    "pct3ResTime" : 754.0,
    "throughput" : 1.1821927987570087,
    "receivedKBytesPerSec" : 6.101454044366006,
    "sentKBytesPerSec" : 0.6407392610450584
  },
  "1.3 Sign-in" : {
    "transaction" : "1.3 Sign-in",
    "sampleCount" : 70,
    "errorCount" : 0,
    "errorPct" : 0.0,
    "meanResTime" : 619.0857142857143,
    "medianResTime" : 599.0,
    "minResTime" : 554.0,
    "maxResTime" : 862.0,
    "pct1ResTime" : 763.6999999999999,
    "pct2ResTime" : 804.8,
    "pct3ResTime" : 862.0,
    "throughput" : 1.0498687664041995,
    "receivedKBytesPerSec" : 10.18803313648294,
    "sentKBytesPerSec" : 1.6516978346456694
  },
  "2.1 Open session" : {
    "transaction" : "2.1 Open session",
    "sampleCount" : 100,
    "errorCount" : 100,
    "errorPct" : 100.0,
    "meanResTime" : 0.0,
    "medianResTime" : 0.0,
    "minResTime" : 0.0,
    "maxResTime" : 0.0,
    "pct1ResTime" : 0.0,
    "pct2ResTime" : 0.0,
    "pct3ResTime" : 0.0,
    "throughput" : 1.5048682487848188,
    "receivedKBytesPerSec" : 1.740003912657447,
    "sentKBytesPerSec" : 0.0
  }
}