{
  "7.3 Safe to vaccinate" : {
    "transaction" : "7.3 Safe to vaccinate",
    "sampleCount" : 29,
    "errorCount" : 0,
    "errorPct" : 0.0,
    "meanResTime" : 143.93103448275858,
    "medianResTime" : 77.0,
    "minResTime" : 62.0,
    "maxResTime" : 849.0,
    "pct1ResTime" : 283.0,
    "pct2ResTime" : 615.0,
    "pct3ResTime" : 849.0,
    "throughput" : 0.008385884878572386,
    "receivedKBytesPerSec" : 3.38941562527471,
    "sentKBytesPerSec" : 0.03672806348302812
  },
  "2.0 Register attendance" : {
    "transaction" : "2.0 Register attendance",
    "sampleCount" : 1222,
    "errorCount" : 21,
    "errorPct" : 1.7184943,
    "meanResTime" : 2211.2070376432093,
    "medianResTime" : 1857.5,
    "minResTime" : 511.0,
    "maxResTime" : 20013.0,
    "pct1ResTime" : 3724.9000000000005,
    "pct2ResTime" : 4689.799999999999,
    "pct3ResTime" : 9248.86,
    "throughput" : 0.4327949486950276,
    "receivedKBytesPerSec" : 828.4139983870464,
    "sentKBytesPerSec" : 8.792027284852743
  },
  "2.5 Select patient" : {
    "transaction" : "2.5 Select patient",
    "sampleCount" : 1222,
    "errorCount" : 0,
    "errorPct" : 0.0,
    "meanResTime" : 214.936170212766,
    "medianResTime" : 109.0,
    "minResTime" : 59.0,
    "maxResTime" : 11470.0,
    "pct1ResTime" : 388.10000000000014,
    "pct2ResTime" : 704.8999999999969,
    "pct3ResTime" : 1531.4199999999992,
    "throughput" : 0.43256223745826144,
    "receivedKBytesPerSec" : 175.86813039198387,
    "sentKBytesPerSec" : 1.7974534375025442
  },
  "2.3 Search by first/last name" : {
    "transaction" : "2.3 Search by first/last name",
    "sampleCount" : 1222,
    "errorCount" : 0,
    "errorPct" : 0.0,
    "meanResTime" : 197.1587561374795,
    "medianResTime" : 101.0,
    "minResTime" : 59.0,
    "maxResTime" : 7431.0,
    "pct1ResTime" : 366.10000000000014,
    "pct2ResTime" : 609.0,
    "pct3ResTime" : 1681.6499999999992,
    "throughput" : 0.43288187744625195,
    "receivedKBytesPerSec" : 175.93644538731948,
    "sentKBytesPerSec" : 1.8696307935146361
  },
  "4.0 Vaccination for flu" : {
    "transaction" : "4.0 Vaccination for flu",
    "sampleCount" : 296,
    "errorCount" : 0,
    "errorPct" : 0.0,
    "meanResTime" : 2075.5777027027016,
    "medianResTime" : 1682.0,
    "minResTime" : 925.0,
    "maxResTime" : 19561.0,
    "pct1ResTime" : 3320.0,
    "pct2ResTime" : 4174.4,
    "pct3ResTime" : 7607.059999999961,
    "throughput" : 0.10974616379689099,
    "receivedKBytesPerSec" : 131.15905121231972,
    "sentKBytesPerSec" : 1.8560358669511294
  },
  "4.0 Vaccination for hpv" : {
    "transaction" : "4.0 Vaccination for hpv",
    "sampleCount" : 308,
    "errorCount" : 0,
    "errorPct" : 0.0,
    "meanResTime" : 2097.6558441558445,
    "medianResTime" : 1581.5,
    "minResTime" : 916.0,
    "maxResTime" : 18200.0,
    "pct1ResTime" : 3175.3,
    "pct2ResTime" : 4559.6,
    "pct3ResTime" : 11093.110000000062,
    "throughput" : 0.10968770343863828,
    "receivedKBytesPerSec" : 130.79625602013658,
    "sentKBytesPerSec" : 1.8576532391526694
  },
  "1.2 Sign-in page" : {
    "transaction" : "1.2 Sign-in page",
    "sampleCount" : 1322,
    "errorCount" : 0,
    "errorPct" : 0.0,
    "meanResTime" : 270.86308623297987,
    "medianResTime" : 130.0,
    "minResTime" : 15.0,
    "maxResTime" : 5480.0,
    "pct1ResTime" : 588.8000000000006,
    "pct2ResTime" : 1096.4499999999966,
    "pct3ResTime" : 1925.08,
    "throughput" : 0.36843303645954245,
    "receivedKBytesPerSec" : 148.81264944512787,
    "sentKBytesPerSec" : 1.8249931341200762
  },
  "7.1 Name search" : {
    "transaction" : "7.1 Name search",
    "sampleCount" : 29,
    "errorCount" : 0,
    "errorPct" : 0.0,
    "meanResTime" : 6864.206896551723,
    "medianResTime" : 6702.0,
    "minResTime" : 5054.0,
    "maxResTime" : 9095.0,
    "pct1ResTime" : 8037.0,
    "pct2ResTime" : 8743.5,
    "pct3ResTime" : 9095.0,
    "throughput" : 0.008369761034664087,
    "receivedKBytesPerSec" : 3.383176293737774,
    "sentKBytesPerSec" : 0.036364886785272915
  },
  "2.4 Patient attending session" : {
    "transaction" : "2.4 Patient attending session",
    "sampleCount" : 844,
    "errorCount" : 21,
    "errorPct" : 2.4881516,
    "meanResTime" : 1338.5829383886276,
    "medianResTime" : 1044.0,
    "minResTime" : 168.0,
    "maxResTime" : 8185.0,
    "pct1ResTime" : 2415.0,
    "pct2ResTime" : 3162.0,
    "pct3ResTime" : 5138.399999999973,
    "throughput" : 0.3061417327404437,
    "receivedKBytesPerSec" : 124.71254863491257,
    "sentKBytesPerSec" : 1.5551661808465183
  },
  "Check STS status" : {
    "transaction" : "Check STS status",
    "sampleCount" : 1,
    "errorCount" : 0,
    "errorPct" : 0.0,
    "meanResTime" : 44.0,
    "medianResTime" : 44.0,
    "minResTime" : 44.0,
    "maxResTime" : 44.0,
    "pct1ResTime" : 44.0,
    "pct2ResTime" : 44.0,
    "pct3ResTime" : 44.0,
    "throughput" : 22.727272727272727,
    "receivedKBytesPerSec" : 7.124467329545455,
    "sentKBytesPerSec" : 13.405539772727273
  },
  "1.1 Homepage" : {
    "transaction" : "1.1 Homepage",
    "sampleCount" : 1322,
    "errorCount" : 0,
    "errorPct" : 0.0,
    "meanResTime" : 293.18683812405436,
    "medianResTime" : 138.0,
    "minResTime" : 31.0,
    "maxResTime" : 11494.0,
    "pct1ResTime" : 635.2000000000003,
    "pct2ResTime" : 1276.6499999999992,
    "pct3ResTime" : 2212.93,
    "throughput" : 0.3686323433333454,
    "receivedKBytesPerSec" : 148.94389565439073,
    "sentKBytesPerSec" : 1.818190707338405
  },
  "1.3 Sign-in" : {
    "transaction" : "1.3 Sign-in",
    "sampleCount" : 1322,
    "errorCount" : 0,
    "errorPct" : 0.0,
    "meanResTime" : 309.417549167927,
    "medianResTime" : 143.5,
    "minResTime" : 69.0,
    "maxResTime" : 6168.0,
    "pct1ResTime" : 710.4000000000001,
    "pct2ResTime" : 1232.6499999999992,
    "pct3ResTime" : 1879.3899999999999,
    "throughput" : 0.368272104613792,
    "receivedKBytesPerSec" : 149.07919372818955,
    "sentKBytesPerSec" : 1.9220753824548984
  },
  "Run some searches" : {
    "transaction" : "Run some searches",
    "sampleCount" : 29,
    "errorCount" : 0,
    "errorPct" : 0.0,
    "meanResTime" : 10929.58620689655,
    "medianResTime" : 10831.0,
    "minResTime" : 9357.0,
    "maxResTime" : 13805.0,
    "pct1ResTime" : 12566.0,
    "pct2ResTime" : 13595.0,
    "pct3ResTime" : 13805.0,
    "throughput" : 0.008320587054715892,
    "receivedKBytesPerSec" : 18.58956722385191,
    "sentKBytesPerSec" : 0.1821064260109011
  },
  "4.0 Vaccination for td_ipv" : {
    "transaction" : "4.0 Vaccination for td_ipv",
    "sampleCount" : 311,
    "errorCount" : 0,
    "errorPct" : 0.0,
    "meanResTime" : 2156.627009646302,
    "medianResTime" : 1638.0,
    "minResTime" : 934.0,
    "maxResTime" : 18397.0,
    "pct1ResTime" : 3311.0,
    "pct2ResTime" : 4477.199999999999,
    "pct3ResTime" : 12715.919999999975,
    "throughput" : 0.11178095820362609,
    "receivedKBytesPerSec" : 134.11067178603687,
    "sentKBytesPerSec" : 1.8938245530244298
  },
  "2.1 Open session" : {
    "transaction" : "2.1 Open session",
    "sampleCount" : 1222,
    "errorCount" : 0,
    "errorPct" : 0.0,
    "meanResTime" : 664.1661211129284,
    "medianResTime" : 476.0,
    "minResTime" : 160.0,
    "maxResTime" : 14520.0,
    "pct1ResTime" : 1188.0,
    "pct2ResTime" : 1658.5999999999985,
    "pct3ResTime" : 2800.7099999999996,
    "throughput" : 0.432798780796626,
    "receivedKBytesPerSec" : 174.2199587519652,
    "sentKBytesPerSec" : 1.8010539171610027
  },
  "4.3 Vaccination confirm" : {
    "transaction" : "4.3 Vaccination confirm",
    "sampleCount" : 1222,
    "errorCount" : 0,
    "errorPct" : 0.0,
    "meanResTime" : 1556.6096563011495,
    "medianResTime" : 1170.5,
    "minResTime" : 653.0,
    "maxResTime" : 19125.0,
    "pct1ResTime" : 2483.000000000001,
    "pct2ResTime" : 3225.85,
    "pct3ResTime" : 6978.239999999998,
    "throughput" : 0.4318923139072506,
    "receivedKBytesPerSec" : 174.47588581274834,