{
  "2.0 Register attendance" : {
    "transaction" : "2.0 Register attendance",
    "sampleCount" : 1623,
    "errorCount" : 9,
    "errorPct" : 0.55452865,
    "meanResTime" : 994.1540357362913,
    "medianResTime" : 967.0,
    "minResTime" : 341.0,
    "maxResTime" : 2496.0,
    "pct1ResTime" : 1265.6000000000001,
    "pct2ResTime" : 1391.8,
    "pct3ResTime" : 1692.56,
    "throughput" : 0.45458084732973664,
    "receivedKBytesPerSec" : 71.17425509213524,
    "sentKBytesPerSec" : 16.94733510293329
  },
  "2.5 Select patient" : {
    "transaction" : "2.5 Select patient",
    "sampleCount" : 1618,
    "errorCount" : 0,
    "errorPct" : 0.0,
    "meanResTime" : 113.87700865265772,
    "medianResTime" : 93.0,
    "minResTime" : 63.0,
    "maxResTime" : 729.0,
    "pct1ResTime" : 184.0,
    "pct2ResTime" : 234.04999999999995,
    "pct3ResTime" : 367.0,
    "throughput" : 0.45566413329048927,
    "receivedKBytesPerSec" : 11.891888575580683,
    "sentKBytesPerSec" : 3.2860796605034666
  },
  "7.1 Full name search" : {
    "transaction" : "7.1 Full name search",
    "sampleCount" : 153,
    "errorCount" : 0,
    "errorPct" : 0.0,
    "meanResTime" : 1533.4248366013076,
    "medianResTime" : 614.0,
    "minResTime" : 158.0,
    "maxResTime" : 13953.0,
    "pct1ResTime" : 4882.0,
    "pct2ResTime" : 6759.299999999974,
    "pct3ResTime" : 11712.000000000033,
    "throughput" : 0.043546036271855916,
    "receivedKBytesPerSec" : 1.730330679669665,
    "sentKBytesPerSec" : 0.3213268442564628
  },
  "2.3 Search by first/last name" : {
    "transaction" : "2.3 Search by first/last name",
    "sampleCount" : 1628,
    "errorCount" : 0,
    "errorPct" : 0.0,
    "meanResTime" : 110.51781326781315,
    "medianResTime" : 94.0,
    "minResTime" : 66.0,
    "maxResTime" : 1068.0,
    "pct1ResTime" : 164.0,
    "pct2ResTime" : 211.54999999999995,
    "pct3ResTime" : 324.3900000000003,
    "throughput" : 0.4558730052055769,
    "receivedKBytesPerSec" : 14.261191338377898,
    "sentKBytesPerSec" : 3.409010288907417
  },
  "4.0 Vaccination for flu" : {
    "transaction" : "4.0 Vaccination for flu",
    "sampleCount" : 408,
    "errorCount" : 0,
    "errorPct" : 0.0,
    "meanResTime" : 809.5539215686277,
    "medianResTime" : 765.0,
    "minResTime" : 207.0,
    "maxResTime" : 2539.0,
    "pct1ResTime" : 1041.7000000000003,
    "pct2ResTime" : 1196.099999999999,
    "pct3ResTime" : 1516.849999999999,
    "throughput" : 0.11650229278225464,
    "receivedKBytesPerSec" : 6.135595848281605,
    "sentKBytesPerSec" : 3.3147653454114514
  },
  "4.0 Vaccination for hpv" : {
    "transaction" : "4.0 Vaccination for hpv",
    "sampleCount" : 411,
    "errorCount" : 0,
    "errorPct" : 0.0,
    "meanResTime" : 781.5644768856447,
    "medianResTime" : 751.0,
    "minResTime" : 173.0,
    "maxResTime" : 1622.0,
    "pct1ResTime" : 1012.6,
    "pct2ResTime" : 1161.0,
    "pct3ResTime" : 1375.6,
    "throughput" : 0.11804154430506991,
    "receivedKBytesPerSec" : 5.743939062129774,
    "sentKBytesPerSec" : 3.3436653528501576
  },
  "1.2 Sign-in page" : {
    "transaction" : "1.2 Sign-in page",
    "sampleCount" : 3176,
    "errorCount" : 0,
    "errorPct" : 0.0,
    "meanResTime" : 1060.3315491183864,
    "medianResTime" : 203.5,
    "minResTime" : 12.0,
    "maxResTime" : 14052.0,
    "pct1ResTime" : 3202.5000000000064,
    "pct2ResTime" : 6166.999999999993,
    "pct3ResTime" : 7028.130000000001,
    "throughput" : 0.8829742219345698,
    "receivedKBytesPerSec" : 60.040706065568614,
    "sentKBytesPerSec" : 7.657994497883474
  },
  "7.7 Due vaccination search" : {
    "transaction" : "7.7 Due vaccination search",
    "sampleCount" : 162,
    "errorCount" : 0,
    "errorPct" : 0.0,
    "meanResTime" : 788.3827160493828,
    "medianResTime" : 689.0,
    "minResTime" : 581.0,
    "maxResTime" : 7124.0,
    "pct1ResTime" : 941.9000000000004,
    "pct2ResTime" : 1185.6999999999998,
    "pct3ResTime" : 3771.770000000024,
    "throughput" : 0.04546954887471286,
    "receivedKBytesPerSec" : 6.091232202671252,
    "sentKBytesPerSec" : 0.3444165928839033
  },
  "7.2 First name search" : {
    "transaction" : "7.2 First name search",
    "sampleCount" : 177,
    "errorCount" : 1,
    "errorPct" : 0.56497175,
    "meanResTime" : 1825.6440677966098,
    "medianResTime" : 839.0,
    "minResTime" : 0.0,
    "maxResTime" : 7183.0,
    "pct1ResTime" : 4604.800000000001,
    "pct2ResTime" : 5674.099999999999,
    "pct3ResTime" : 7001.259999999999,
    "throughput" : 0.052667740057029934,
    "receivedKBytesPerSec" : 7.080440555695986,
    "sentKBytesPerSec" : 0.3860882888370279
  },
  "2.4 Patient attending session" : {
    "transaction" : "2.4 Patient attending session",
    "sampleCount" : 1512,
    "errorCount" : 9,
    "errorPct" : 0.5952381,
    "meanResTime" : 394.9960317460322,
    "medianResTime" : 359.0,
    "minResTime" : 51.0,
    "maxResTime" : 1631.0,
    "pct1ResTime" : 536.0,
    "pct2ResTime" : 618.3499999999999,
    "pct3ResTime" : 915.1499999999951,
    "throughput" : 0.4246954804199092,
    "receivedKBytesPerSec" : 13.756954373131073,
    "sentKBytesPerSec" : 3.724037137909886
  },
  "Check STS status" : {
    "transaction" : "Check STS status",
    "sampleCount" : 1,
    "errorCount" : 0,
    "errorPct" : 0.0,
    "meanResTime" : 41.0,
    "medianResTime" : 41.0,
    "minResTime" : 41.0,
    "maxResTime" : 41.0,
    "pct1ResTime" : 41.0,
    "pct2ResTime" : 41.0,
    "pct3ResTime" : 41.0,
    "throughput" : 24.390243902439025,
    "receivedKBytesPerSec" : 7.6457698170731705,
    "sentKBytesPerSec" : 14.386432926829269
  },
  "1.1 Homepage" : {
    "transaction" : "1.1 Homepage",
    "sampleCount" : 3180,
    "errorCount" : 0,
    "errorPct" : 0.0,
    "meanResTime" : 1058.824213836476,
    "medianResTime" : 213.0,
    "minResTime" : 31.0,
    "maxResTime" : 13768.0,
    "pct1ResTime" : 3205.8,
    "pct2ResTime" : 6149.699999999999,
    "pct3ResTime" : 7008.52,
    "throughput" : 0.8825329249999653,
    "receivedKBytesPerSec" : 70.37861299925207,
    "sentKBytesPerSec" : 7.641092956665691
  },
  "1.3 Sign-in" : {
    "transaction" : "1.3 Sign-in",
    "sampleCount" : 3169,
    "errorCount" : 0,
    "errorPct" : 0.0,
    "meanResTime" : 1069.9397286210194,
    "medianResTime" : 243.0,
    "minResTime" : 63.0,
    "maxResTime" : 13837.0,
    "pct1ResTime" : 3150.0,
    "pct2ResTime" : 6148.5,
    "pct3ResTime" : 7060.300000000006,
    "throughput" : 0.8821295146506152,
    "receivedKBytesPerSec" : 60.19820090917239,
    "sentKBytesPerSec" : 7.899633319686631
  },
  "Run some searches" : {
    "transaction" : "Run some searches",
    "sampleCount" : 1522,
    "errorCount" : 3,
    "errorPct" : 0.19710907,
    "meanResTime" : 2215.501971090666,
    "medianResTime" : 1056.5,
    "minResTime" : 0.0,
    "maxResTime" : 60007.0,
    "pct1ResTime" : 6185.0,
    "pct2ResTime" : 6543.199999999999,
    "pct3ResTime" : 8235.32,
    "throughput" : 0.4258625605532072,
    "receivedKBytesPerSec" : 50.69234838150892,
    "sentKBytesPerSec" : 3.1793761933665055
  },
  "4.0 Vaccination for td_ipv" : {
    "transaction" : "4.0 Vaccination for td_ipv",
    "sampleCount" : 389,
    "errorCount" : 0,
    "errorPct" : 0.0,
    "meanResTime" : 802.1413881748076,
    "medianResTime" : 776.0,
    "minResTime" : 174.0,
    "maxResTime" : 1738.0,
    "pct1ResTime" : 1025.0,
    "pct2ResTime" : 1124.5,
    "pct3ResTime" : 1534.4000000000005,
    "throughput" : 0.11212739978577613,
    "receivedKBytesPerSec" : 5.57580079302752,
    "sentKBytesPerSec" : 3.1872047873283353
  },
  "2.1 Open session" : {
    "transaction" : "2.1 Open session",
    "sampleCount" : 1634,
    "errorCount" : 0,
    "errorPct" : 0.0,
    "meanResTime" : 272.81028151774717,
    "medianResTime" : 240.0,
    "minResTime" : 111.0,
    "maxResTime" : 1568.0,
    "pct1ResTime" : 426.5,
    "pct2ResTime" : 505.5,
    "pct3ResTime" : 685.3500000000017,
    "throughput" : 0.45612122217039447,
    "receivedKBytesPerSec" : 10.18146362319851,