{
  "1.4 Select Organisations-0" : {
    "transaction" : "1.4 Select Organisations-0",
    "sampleCount" : 60,
    "errorCount" : 0,
    "errorPct" : 0.0,
    "meanResTime" : 101.26666666666668,
    "medianResTime" : 94.0,
    "minResTime" : 87.0,
    "maxResTime" : 445.0,
    "pct1ResTime" : 104.0,
    "pct2ResTime" : 110.69999999999997,
    "pct3ResTime" : 445.0,
    "throughput" : 0.11902282262623859,
    "receivedKBytesPerSec" : 0.08636128633915553,
    "sentKBytesPerSec" : 0.09507877823072573
  },
  "1.4 Select Organisations-1" : {
    "transaction" : "1.4 Select Organisations-1",
    "sampleCount" : 60,
    "errorCount" : 0,
    "errorPct" : 0.0,
    "meanResTime" : 121.94999999999999,
    "medianResTime" : 109.5,
    "minResTime" : 96.0,
    "maxResTime" : 817.0,
    "pct1ResTime" : 127.5,
    "pct2ResTime" : 153.59999999999997,
    "pct3ResTime" : 817.0,
    "throughput" : 0.11902093379857294,
    "receivedKBytesPerSec" : 1.623519925096159,
    "sentKBytesPerSec" : 0.0769451739986868
  },
  "2.0 Register attendance" : {
    "transaction" : "2.0 Register attendance",
    "sampleCount" : 100,
    "errorCount" : 0,
    "errorPct" : 0.0,
    "meanResTime" : 3434.0700000000015,
    "medianResTime" : 3206.5,
    "minResTime" : 2451.0,
    "maxResTime" : 9037.0,
    "pct1ResTime" : 4587.3,
    "pct2ResTime" : 5236.649999999997,
    "pct3ResTime" : 9003.519999999982,
    "throughput" : 0.19826282116098742,
    "receivedKBytesPerSec" : 60.11596314963292,
    "sentKBytesPerSec" : 0.8526366198122055
  },
  "1.3 Sign-in-1" : {
    "transaction" : "1.3 Sign-in-1",
    "sampleCount" : 60,
    "errorCount" : 0,
    "errorPct" : 0.0,
    "meanResTime" : 106.9166666666667,
    "medianResTime" : 102.5,
    "minResTime" : 91.0,
    "maxResTime" : 344.0,
    "pct1ResTime" : 115.5,
    "pct2ResTime" : 123.79999999999998,
    "pct3ResTime" : 344.0,
    "throughput" : 0.1190440760691646,
    "receivedKBytesPerSec" : 1.0706991607392637,
    "sentKBytesPerSec" : 0.07858769084253445
  },
  "1.3 Sign-in-0" : {
    "transaction" : "1.3 Sign-in-0",
    "sampleCount" : 60,
    "errorCount" : 0,
    "errorPct" : 0.0,
    "meanResTime" : 416.55000000000007,
    "medianResTime" : 371.5,
    "minResTime" : 317.0,
    "maxResTime" : 1225.0,
    "pct1ResTime" : 566.2,
    "pct2ResTime" : 768.65,
    "pct3ResTime" : 1225.0,
    "throughput" : 0.11898954081936197,
    "receivedKBytesPerSec" : 0.08447792595280876,
    "sentKBytesPerSec" : 0.10864767643174165
  },
  "1.4 Select Organisations" : {
    "transaction" : "1.4 Select Organisations",
    "sampleCount" : 60,
    "errorCount" : 0,
    "errorPct" : 0.0,
    "meanResTime" : 223.5333333333333,
    "medianResTime" : 202.0,
    "minResTime" : 189.0,
    "maxResTime" : 917.0,
    "pct1ResTime" : 235.59999999999997,
    "pct2ResTime" : 261.19999999999993,
    "pct3ResTime" : 917.0,
    "throughput" : 0.11899898057539975,
    "receivedKBytesPerSec" : 1.7095644562936576,
    "sentKBytesPerSec" : 0.17199071411288241
  },
  "2.4 Patient attending session-1" : {
    "transaction" : "2.4 Patient attending session-1",
    "sampleCount" : 100,
    "errorCount" : 0,
    "errorPct" : 0.0,
    "meanResTime" : 503.88000000000005,
    "medianResTime" : 412.5,
    "minResTime" : 249.0,
    "maxResTime" : 3807.0,
    "pct1ResTime" : 873.3000000000001,
    "pct2ResTime" : 1056.0499999999995,
    "pct3ResTime" : 3787.8899999999903,
    "throughput" : 0.19871234401080995,
    "receivedKBytesPerSec" : 23.231978265216398,
    "sentKBytesPerSec" : 0.13273363603847071
  },
  "2.4 Patient attending session-0" : {
    "transaction" : "2.4 Patient attending session-0",
    "sampleCount" : 100,
    "errorCount" : 0,
    "errorPct" : 0.0,
    "meanResTime" : 246.03000000000006,
    "medianResTime" : 216.0,
    "minResTime" : 144.0,
    "maxResTime" : 1652.0,
    "pct1ResTime" : 389.5000000000002,
    "pct2ResTime" : 541.0999999999987,
    "pct3ResTime" : 1642.189999999995,
    "throughput" : 0.19880755230129682,
    "receivedKBytesPerSec" : 0.14774662822391296,
    "sentKBytesPerSec" : 0.16269602424656907
  },
  "2.3 Search by first/last name" : {
    "transaction" : "2.3 Search by first/last name",
    "sampleCount" : 100,
    "errorCount" : 0,
    "errorPct" : 0.0,
    "meanResTime" : 300.2399999999999,
    "medianResTime" : 240.0,
    "minResTime" : 182.0,
    "maxResTime" : 2780.0,
    "pct1ResTime" : 451.9,
    "pct2ResTime" : 504.0,
    "pct3ResTime" : 2758.649999999989,
    "throughput" : 0.1970257000323122,
    "receivedKBytesPerSec" : 5.823748751349626,
    "sentKBytesPerSec" : 0.16998276825541622
  },
  "1.2 Sign-in page" : {
    "transaction" : "1.2 Sign-in page",
    "sampleCount" : 60,
    "errorCount" : 0,
    "errorPct" : 0.0,
    "meanResTime" : 101.00000000000001,
    "medianResTime" : 89.0,
    "minResTime" : 84.0,
    "maxResTime" : 577.0,
    "pct1ResTime" : 97.9,
    "pct2ResTime" : 112.74999999999997,
    "pct3ResTime" : 577.0,
    "throughput" : 0.11896618386223716,
    "receivedKBytesPerSec" : 0.716933906849478,
    "sentKBytesPerSec" : 0.071681772893555
  },
  "3.0 Nurse triage" : {
    "transaction" : "3.0 Nurse triage",
    "sampleCount" : 93,
    "errorCount" : 0,
    "errorPct" : 0.0,
    "meanResTime" : 1246.2258064516127,
    "medianResTime" : 1081.0,
    "minResTime" : 719.0,
    "maxResTime" : 3626.0,
    "pct1ResTime" : 1811.2,
    "pct2ResTime" : 3070.7999999999997,
    "pct3ResTime" : 3626.0,
    "throughput" : 0.20441986521477276,
    "receivedKBytesPerSec" : 23.256898208798404,
    "sentKBytesPerSec" : 0.6085693927136407
  },
  "4.2 Vaccination batch-2" : {
    "transaction" : "4.2 Vaccination batch-2",
    "sampleCount" : 74,
    "errorCount" : 0,
    "errorPct" : 0.0,
    "meanResTime" : 0.5,
    "medianResTime" : 0.0,
    "minResTime" : 0.0,
    "maxResTime" : 4.0,
    "pct1ResTime" : 1.0,
    "pct2ResTime" : 1.0,
    "pct3ResTime" : 4.0,
    "throughput" : 0.1817636973683564,
    "receivedKBytesPerSec" : 0.8561766727786756,
    "sentKBytesPerSec" : 0.0
  },
  "2.4 Patient attending session" : {
    "transaction" : "2.4 Patient attending session",
    "sampleCount" : 100,
    "errorCount" : 0,
    "errorPct" : 0.0,
    "meanResTime" : 750.19,
    "medianResTime" : 613.0,
    "minResTime" : 411.0,
    "maxResTime" : 4133.0,
    "pct1ResTime" : 1225.2000000000003,
    "pct2ResTime" : 1320.1999999999998,
    "pct3ResTime" : 4118.769999999993,
    "throughput" : 0.1986491855383393,
    "receivedKBytesPerSec" : 23.37222317925606,
    "sentKBytesPerSec" : 0.295257871473977
  },
  "4.2 Vaccination batch-0" : {
    "transaction" : "4.2 Vaccination batch-0",
    "sampleCount" : 74,
    "errorCount" : 0,
    "errorPct" : 0.0,
    "meanResTime" : 173.59459459459464,
    "medianResTime" : 113.0,
    "minResTime" : 96.0,
    "maxResTime" : 2122.0,
    "pct1ResTime" : 272.5,
    "pct2ResTime" : 285.0,
    "pct3ResTime" : 2122.0,
    "throughput" : 0.18170924556285667,
    "receivedKBytesPerSec" : 0.13592703330190253,
    "sentKBytesPerSec" : 0.16325440031037902
  },
  "4.2 Vaccination batch-1" : {
    "transaction" : "4.2 Vaccination batch-1",
    "sampleCount" : 74,
    "errorCount" : 0,
    "errorPct" : 0.0,
    "meanResTime" : 212.78378378378386,
    "medianResTime" : 137.0,
    "minResTime" : 111.0,
    "maxResTime" : 2745.0,
    "pct1ResTime" : 338.0,
    "pct2ResTime" : 765.0,
    "pct3ResTime" : 2745.0,
    "throughput" : 0.1816922918272843,
    "receivedKBytesPerSec" : 2.471761829794835,
    "sentKBytesPerSec" : 0.12484631348795185
  },
  "1.1 Homepage" : {
    "transaction" : "1.1 Homepage",
    "sampleCount" : 60,
    "errorCount" : 0,
    "errorPct" : 0.0,
    "meanResTime" : 269.4833333333333,
    "medianResTime" : 259.0,
    "minResTime" : 247.0,
    "maxResTime" : 557.0,
    "pct1ResTime" : 293.9,
    "pct2ResTime" : 316.4,
    "pct3ResTime" : 557.0,
    "throughput" : 0.11870492922218595,
    "receivedKBytesPerSec" : 0.6126519052141141,
    "sentKBytesPerSec" : 0.06433714425616524
  },