{
  "7.3 Safe to vaccinate" : {
    "transaction" : "7.3 Safe to vaccinate",
    "sampleCount" : 55,
    "errorCount" : 0,
    "errorPct" : 0.0,
    "meanResTime" : 102.47272727272724,
    "medianResTime" : 96.0,
    "minResTime" : 78.0,
    "maxResTime" : 196.0,
    "pct1ResTime" : 136.99999999999997,
    "pct2ResTime" : 164.59999999999985,
    "pct3ResTime" : 196.0,
    "throughput" : 0.007750373708928656,
    "receivedKBytesPerSec" : 3.517269449853462,
    "sentKBytesPerSec" : 0.0576512484108211
  },
  "2.0 Register attendance" : {
    "transaction" : "2.0 Register attendance",
    "sampleCount" : 3613,
    "errorCount" : 8,
    "errorPct" : 0.22142264,
    "meanResTime" : 1086.390810960419,
    "medianResTime" : 1032.0,
    "minResTime" : 358.0,
    "maxResTime" : 3634.0,
    "pct1ResTime" : 1575.6,
    "pct2ResTime" : 1789.0,
    "pct3ResTime" : 2215.86,
    "throughput" : 0.5036416090213323,
    "receivedKBytesPerSec" : 1009.2096344826336,
    "sentKBytesPerSec" : 16.545693135021953
  },
  "2.5 Select patient" : {
    "transaction" : "2.5 Select patient",
    "sampleCount" : 3605,
    "errorCount" : 0,
    "errorPct" : 0.0,
    "meanResTime" : 119.63495145631082,
    "medianResTime" : 99.0,
    "minResTime" : 56.0,
    "maxResTime" : 1144.0,
    "pct1ResTime" : 170.4000000000001,
    "pct2ResTime" : 273.6999999999998,
    "pct3ResTime" : 634.8800000000001,
    "throughput" : 0.5044784532424741,
    "receivedKBytesPerSec" : 226.66585308802038,
    "sentKBytesPerSec" : 3.6405907489479423
  },
  "7.1 Full name search" : {
    "transaction" : "7.1 Full name search",
    "sampleCount" : 55,
    "errorCount" : 0,
    "errorPct" : 0.0,
    "meanResTime" : 819.6181818181817,
    "medianResTime" : 559.0,
    "minResTime" : 204.0,
    "maxResTime" : 4779.0,
    "pct1ResTime" : 1274.8,
    "pct2ResTime" : 3371.9999999999936,
    "pct3ResTime" : 4779.0,
    "throughput" : 0.00774761373496963,
    "receivedKBytesPerSec" : 3.5657313712149383,
    "sentKBytesPerSec" : 0.057210322225016055
  },
  "2.3 Search by first/last name" : {
    "transaction" : "2.3 Search by first/last name",
    "sampleCount" : 3613,
    "errorCount" : 0,
    "errorPct" : 0.0,
    "meanResTime" : 120.83227234984756,
    "medianResTime" : 98.0,
    "minResTime" : 62.0,
    "maxResTime" : 1920.0,
    "pct1ResTime" : 172.0,
    "pct2ResTime" : 250.0,
    "pct3ResTime" : 612.5800000000004,
    "throughput" : 0.50382203326843,
    "receivedKBytesPerSec" : 228.1979619963854,
    "sentKBytesPerSec" : 3.770009457906039
  },
  "4.0 Vaccination for flu" : {
    "transaction" : "4.0 Vaccination for flu",
    "sampleCount" : 874,
    "errorCount" : 0,
    "errorPct" : 0.0,
    "meanResTime" : 956.8878718535469,
    "medianResTime" : 864.5,
    "minResTime" : 208.0,
    "maxResTime" : 2793.0,
    "pct1ResTime" : 1361.0,
    "pct2ResTime" : 1626.0,
    "pct3ResTime" : 2111.75,
    "throughput" : 0.12332994810970044,
    "receivedKBytesPerSec" : 162.98433459960842,
    "sentKBytesPerSec" : 3.5166293598865255
  },
  "4.0 Vaccination for hpv" : {
    "transaction" : "4.0 Vaccination for hpv",
    "sampleCount" : 923,
    "errorCount" : 0,
    "errorPct" : 0.0,
    "meanResTime" : 948.5016251354275,
    "medianResTime" : 847.0,
    "minResTime" : 187.0,
    "maxResTime" : 3252.0,
    "pct1ResTime" : 1341.8000000000002,
    "pct2ResTime" : 1612.1999999999998,
    "pct3ResTime" : 2100.3599999999997,
    "throughput" : 0.13007087946938975,
    "receivedKBytesPerSec" : 171.46793605183407,
    "sentKBytesPerSec" : 3.7063406398412737
  },
  "7.6 First name search" : {
    "transaction" : "7.6 First name search",
    "sampleCount" : 54,
    "errorCount" : 0,
    "errorPct" : 0.0,
    "meanResTime" : 860.6481481481482,
    "medianResTime" : 661.0,
    "minResTime" : 302.0,
    "maxResTime" : 3120.0,
    "pct1ResTime" : 1579.0,
    "pct2ResTime" : 2826.25,
    "pct3ResTime" : 3120.0,
    "throughput" : 0.007736206808864833,
    "receivedKBytesPerSec" : 4.284427620084912,
    "sentKBytesPerSec" : 0.057074811492636636
  },
  "1.2 Sign-in page" : {
    "transaction" : "1.2 Sign-in page",
    "sampleCount" : 3679,
    "errorCount" : 0,
    "errorPct" : 0.0,
    "meanResTime" : 148.61375373742905,
    "medianResTime" : 100.0,
    "minResTime" : 15.0,
    "maxResTime" : 7367.0,
    "pct1ResTime" : 240.0,
    "pct2ResTime" : 391.0,
    "pct3ResTime" : 787.5999999999995,
    "throughput" : 0.5113831754240283,
    "receivedKBytesPerSec" : 228.65390113217197,
    "sentKBytesPerSec" : 4.400387735850991
  },
  "2.4 Patient attending session" : {
    "transaction" : "2.4 Patient attending session",
    "sampleCount" : 1527,
    "errorCount" : 7,
    "errorPct" : 0.45841518,
    "meanResTime" : 567.2586771447293,
    "medianResTime" : 502.0,
    "minResTime" : 60.0,
    "maxResTime" : 1936.0,
    "pct1ResTime" : 820.2,
    "pct2ResTime" : 1028.1999999999998,
    "pct3ResTime" : 1429.88,
    "throughput" : 0.21339300325288077,
    "receivedKBytesPerSec" : 97.14121171830664,
    "sentKBytesPerSec" : 1.8728564296380943
  },
  "Check STS status" : {
    "transaction" : "Check STS status",
    "sampleCount" : 1,
    "errorCount" : 0,
    "errorPct" : 0.0,
    "meanResTime" : 44.0,
    "medianResTime" : 44.0,
    "minResTime" : 44.0,
    "maxResTime" : 44.0,
    "pct1ResTime" : 44.0,
    "pct2ResTime" : 44.0,
    "pct3ResTime" : 44.0,
    "throughput" : 22.727272727272727,
    "receivedKBytesPerSec" : 7.124467329545455,
    "sentKBytesPerSec" : 13.405539772727273
  },
  "1.1 Homepage" : {
    "transaction" : "1.1 Homepage",
    "sampleCount" : 3683,
    "errorCount" : 0,
    "errorPct" : 0.0,
    "meanResTime" : 144.0230790116746,
    "medianResTime" : 102.0,
    "minResTime" : 28.0,
    "maxResTime" : 7320.0,
    "pct1ResTime" : 199.0,
    "pct2ResTime" : 333.0,
    "pct3ResTime" : 823.9199999999983,
    "throughput" : 0.5116873958181956,
    "receivedKBytesPerSec" : 228.568152643302,
    "sentKBytesPerSec" : 4.396615504772392
  },
  "1.3 Sign-in" : {
    "transaction" : "1.3 Sign-in",
    "sampleCount" : 3677,
    "errorCount" : 0,
    "errorPct" : 0.0,
    "meanResTime" : 155.03807451726917,
    "medianResTime" : 104.0,
    "minResTime" : 55.0,
    "maxResTime" : 5484.0,
    "pct1ResTime" : 271.40000000000055,
    "pct2ResTime" : 402.0999999999999,
    "pct3ResTime" : 792.9599999999964,
    "throughput" : 0.5112426101319748,
    "receivedKBytesPerSec" : 228.69755563865007,
    "sentKBytesPerSec" : 4.523477967652469
  },
  "Run some searches" : {
    "transaction" : "Run some searches",
    "sampleCount" : 54,
    "errorCount" : 0,
    "errorPct" : 0.0,
    "meanResTime" : 6709.1296296296305,
    "medianResTime" : 5562.5,
    "minResTime" : 3767.0,
    "maxResTime" : 16951.0,
    "pct1ResTime" : 11352.5,
    "pct2ResTime" : 14014.5,
    "pct3ResTime" : 16951.0,
    "throughput" : 0.007740894486160858,
    "receivedKBytesPerSec" : 31.25488789554179,
    "sentKBytesPerSec" : 0.45903801082019363
  },
  "4.0 Vaccination for td_ipv" : {
    "transaction" : "4.0 Vaccination for td_ipv",
    "sampleCount" : 890,
    "errorCount" : 0,
    "errorPct" : 0.0,
    "meanResTime" : 960.7056179775271,
    "medianResTime" : 877.5,
    "minResTime" : 216.0,
    "maxResTime" : 2640.0,
    "pct1ResTime" : 1333.0,
    "pct2ResTime" : 1570.5999999999995,
    "pct3ResTime" : 2001.7100000000005,
    "throughput" : 0.12609838422631062,
    "receivedKBytesPerSec" : 167.1092687760583,
    "sentKBytesPerSec" : 3.596408354731686
  },
  "2.1 Open session" : {
    "transaction" : "2.1 Open session",
    "sampleCount" : 3615,
    "errorCount" : 1,
    "errorPct" : 0.027662518,
    "meanResTime" : 476.6387275242055,
    "medianResTime" : 429.0,
    "minResTime" : 121.0,
    "maxResTime" : 3152.0,
    "pct1ResTime" : 839.0,
    "pct2ResTime" : 1004.5999999999995,
    "pct3ResTime" : 1387.0800000000054,
    "throughput" : 0.5034391929709583,
    "receivedKBytesPerSec" : 225.07715663680128,
    "sentKBytesPerSec" : 3.6374031131969446
  },