{
  "1.4 Select Organisations-0" : {
    "transaction" : "1.4 Select Organisations-0",
    "sampleCount" : 51,
    "errorCount" : 0,
    "errorPct" : 0.0,
    "meanResTime" : 107.4313725490196,
    "medianResTime" : 99.0,
    "minResTime" : 90.0,
    "maxResTime" : 340.0,
    "pct1ResTime" : 116.60000000000001,
    "pct2ResTime" : 176.99999999999986,
    "pct3ResTime" : 340.0,
    "throughput" : 0.07909650083283963,
    "receivedKBytesPerSec" : 0.05739130870976547,
    "sentKBytesPerSec" : 0.06318450945435822
  },
  "1.4 Select Organisations-1" : {
    "transaction" : "1.4 Select Organisations-1",
    "sampleCount" : 51,
    "errorCount" : 0,
    "errorPct" : 0.0,
    "meanResTime" : 183.9411764705882,
    "medianResTime" : 108.0,
    "minResTime" : 99.0,
    "maxResTime" : 2620.0,
    "pct1ResTime" : 125.80000000000001,
    "pct2ResTime" : 625.1999999999982,
    "pct3ResTime" : 2620.0,
    "throughput" : 0.07909613281946695,
    "receivedKBytesPerSec" : 1.0789206867405414,
    "sentKBytesPerSec" : 0.05113441399071009
  },
  "2.0 Register attendance" : {
    "transaction" : "2.0 Register attendance",
    "sampleCount" : 100,
    "errorCount" : 0,
    "errorPct" : 0.0,
    "meanResTime" : 3969.1800000000007,
    "medianResTime" : 3720.0,
    "minResTime" : 2459.0,
    "maxResTime" : 8062.0,
    "pct1ResTime" : 5488.800000000001,
    "pct2ResTime" : 6247.399999999994,
    "pct3ResTime" : 8061.58,
    "throughput" : 0.15473432889400543,
    "receivedKBytesPerSec" : 49.03595858980548,
    "sentKBytesPerSec" : 0.6655464989230491
  },
  "1.3 Sign-in-1" : {
    "transaction" : "1.3 Sign-in-1",
    "sampleCount" : 51,
    "errorCount" : 0,
    "errorPct" : 0.0,
    "meanResTime" : 111.4901960784314,
    "medianResTime" : 101.0,
    "minResTime" : 94.0,
    "maxResTime" : 369.0,
    "pct1ResTime" : 123.80000000000003,
    "pct2ResTime" : 164.99999999999991,
    "pct3ResTime" : 369.0,
    "throughput" : 0.0793141040694356,
    "receivedKBytesPerSec" : 0.7133622055463886,
    "sentKBytesPerSec" : 0.05235970151458835
  },
  "1.3 Sign-in-0" : {
    "transaction" : "1.3 Sign-in-0",
    "sampleCount" : 51,
    "errorCount" : 0,
    "errorPct" : 0.0,
    "meanResTime" : 392.90196078431376,
    "medianResTime" : 365.0,
    "minResTime" : 317.0,
    "maxResTime" : 898.0,
    "pct1ResTime" : 476.6000000000002,
    "pct2ResTime" : 765.5999999999999,
    "pct3ResTime" : 898.0,
    "throughput" : 0.07927748674822402,
    "receivedKBytesPerSec" : 0.05628391881441296,
    "sentKBytesPerSec" : 0.07238715831014597
  },
  "1.4 Select Organisations" : {
    "transaction" : "1.4 Select Organisations",
    "sampleCount" : 51,
    "errorCount" : 0,
    "errorPct" : 0.0,
    "meanResTime" : 291.5882352941177,
    "medianResTime" : 209.0,
    "minResTime" : 191.0,
    "maxResTime" : 2959.0,
    "pct1ResTime" : 229.00000000000003,
    "pct2ResTime" : 808.1999999999985,
    "pct3ResTime" : 2959.0,
    "throughput" : 0.07908276398912069,
    "receivedKBytesPerSec" : 1.136119668988237,
    "sentKBytesPerSec" : 0.114299307328026
  },
  "2.4 Patient attending session-1" : {
    "transaction" : "2.4 Patient attending session-1",
    "sampleCount" : 99,
    "errorCount" : 0,
    "errorPct" : 0.0,
    "meanResTime" : 576.7575757575754,
    "medianResTime" : 464.0,
    "minResTime" : 257.0,
    "maxResTime" : 3634.0,
    "pct1ResTime" : 793.0,
    "pct2ResTime" : 1741.0,
    "pct3ResTime" : 3634.0,
    "throughput" : 0.1526023321952385,
    "receivedKBytesPerSec" : 18.491699297778787,
    "sentKBytesPerSec" : 0.10193358908353821
  },
  "2.4 Patient attending session-0" : {
    "transaction" : "2.4 Patient attending session-0",
    "sampleCount" : 99,
    "errorCount" : 0,
    "errorPct" : 0.0,
    "meanResTime" : 250.8888888888889,
    "medianResTime" : 217.0,
    "minResTime" : 148.0,
    "maxResTime" : 1323.0,
    "pct1ResTime" : 342.0,
    "pct2ResTime" : 502.0,
    "pct3ResTime" : 1323.0,
    "throughput" : 0.15267340383040606,
    "receivedKBytesPerSec" : 0.11346138702630763,
    "sentKBytesPerSec" : 0.12494171133777372
  },
  "2.3 Search by first/last name" : {
    "transaction" : "2.3 Search by first/last name",
    "sampleCount" : 100,
    "errorCount" : 0,
    "errorPct" : 0.0,
    "meanResTime" : 349.7999999999999,
    "medianResTime" : 274.5,
    "minResTime" : 215.0,
    "maxResTime" : 2670.0,
    "pct1ResTime" : 481.30000000000007,
    "pct2ResTime" : 624.1499999999996,
    "pct3ResTime" : 2655.5599999999927,
    "throughput" : 0.15416111686645947,
    "receivedKBytesPerSec" : 5.4850118901578915,
    "sentKBytesPerSec" : 0.1329609523380075
  },
  "1.2 Sign-in page" : {
    "transaction" : "1.2 Sign-in page",
    "sampleCount" : 51,
    "errorCount" : 0,
    "errorPct" : 0.0,
    "meanResTime" : 95.31372549019606,
    "medianResTime" : 92.0,
    "minResTime" : 87.0,
    "maxResTime" : 220.0,
    "pct1ResTime" : 97.0,
    "pct2ResTime" : 120.99999999999991,
    "pct3ResTime" : 220.0,
    "throughput" : 0.07935680531286032,
    "receivedKBytesPerSec" : 0.47823324764224706,
    "sentKBytesPerSec" : 0.047815575076205874
  },
  "3.0 Nurse triage" : {
    "transaction" : "3.0 Nurse triage",
    "sampleCount" : 98,
    "errorCount" : 0,
    "errorPct" : 0.0,
    "meanResTime" : 1253.826530612245,
    "medianResTime" : 1115.5,
    "minResTime" : 708.0,
    "maxResTime" : 4013.0,
    "pct1ResTime" : 1649.0000000000025,
    "pct2ResTime" : 2525.449999999999,
    "pct3ResTime" : 4013.0,
    "throughput" : 0.15392782983749617,
    "receivedKBytesPerSec" : 17.461800214929585,
    "sentKBytesPerSec" : 0.45873873960987144
  },
  "4.2 Vaccination batch-2" : {
    "transaction" : "4.2 Vaccination batch-2",
    "sampleCount" : 98,
    "errorCount" : 0,
    "errorPct" : 0.0,
    "meanResTime" : 0.36734693877551017,
    "medianResTime" : 0.0,
    "minResTime" : 0.0,
    "maxResTime" : 4.0,
    "pct1ResTime" : 1.0,
    "pct2ResTime" : 1.0,
    "pct3ResTime" : 4.0,
    "throughput" : 0.15340424366229152,
    "receivedKBytesPerSec" : 0.7321448050944297,
    "sentKBytesPerSec" : 0.0
  },
  "2.4 Patient attending session" : {
    "transaction" : "2.4 Patient attending session",
    "sampleCount" : 99,
    "errorCount" : 0,
    "errorPct" : 0.0,
    "meanResTime" : 827.8585858585858,
    "medianResTime" : 686.0,
    "minResTime" : 412.0,
    "maxResTime" : 3790.0,
    "pct1ResTime" : 1314.0,
    "pct2ResTime" : 2015.0,
    "pct3ResTime" : 3790.0,
    "throughput" : 0.15256399982740232,
    "receivedKBytesPerSec" : 18.600434426952663,
    "sentKBytesPerSec" : 0.22676016380596326
  },
  "4.2 Vaccination batch-0" : {
    "transaction" : "4.2 Vaccination batch-0",
    "sampleCount" : 98,
    "errorCount" : 0,
    "errorPct" : 0.0,
    "meanResTime" : 167.09183673469394,
    "medianResTime" : 119.5,
    "minResTime" : 100.0,
    "maxResTime" : 420.0,
    "pct1ResTime" : 284.20000000000005,
    "pct2ResTime" : 296.15,
    "pct3ResTime" : 420.0,
    "throughput" : 0.1533679924129793,
    "receivedKBytesPerSec" : 0.11472644744955289,
    "sentKBytesPerSec" : 0.1377915556835361
  },
  "4.2 Vaccination batch-1" : {
    "transaction" : "4.2 Vaccination batch-1",
    "sampleCount" : 98,
    "errorCount" : 0,
    "errorPct" : 0.0,
    "meanResTime" : 144.95918367346928,
    "medianResTime" : 134.0,
    "minResTime" : 115.0,
    "maxResTime" : 379.0,
    "pct1ResTime" : 185.9000000000001,
    "pct2ResTime" : 231.49999999999997,
    "pct3ResTime" : 379.0,
    "throughput" : 0.15337327298564551,
    "receivedKBytesPerSec" : 2.086449339282025,
    "sentKBytesPerSec" : 0.10640545916906116
  },
  "1.1 Homepage" : {
    "transaction" : "1.1 Homepage",
    "sampleCount" : 51,
    "errorCount" : 0,
    "errorPct" : 0.0,
    "meanResTime" : 291.5098039215685,
    "medianResTime" : 269.0,
    "minResTime" : 257.0,
    "maxResTime" : 557.0,
    "pct1ResTime" : 369.40000000000003,
    "pct2ResTime" : 415.4,
    "pct3ResTime" : 557.0,
    "throughput" : 0.07936310331519912,
    "receivedKBytesPerSec" : 0.40960351662190175,