{
  "2.0 Register attendance" : {
    "transaction" : "2.0 Register attendance",
    "sampleCount" : 1627,
    "errorCount" : 8,
    "errorPct" : 0.49170253,
    "meanResTime" : 1037.4855562384744,
    "medianResTime" : 1015.0,
    "minResTime" : 467.0,
    "maxResTime" : 2215.0,
    "pct1ResTime" : 1354.2,
    "pct2ResTime" : 1481.3999999999992,
    "pct3ResTime" : 1744.0800000000004,
    "throughput" : 0.45560727381073063,
    "receivedKBytesPerSec" : 69.58620854624876,
    "sentKBytesPerSec" : 16.736656829887668
  },
  "2.5 Select patient" : {
    "transaction" : "2.5 Select patient",
    "sampleCount" : 1623,
    "errorCount" : 0,
    "errorPct" : 0.0,
    "meanResTime" : 122.65619223659883,
    "medianResTime" : 101.0,
    "minResTime" : 73.0,
    "maxResTime" : 707.0,
    "pct1ResTime" : 194.60000000000014,
    "pct2ResTime" : 261.39999999999986,
    "pct3ResTime" : 379.79999999999995,
    "throughput" : 0.45673254158855126,
    "receivedKBytesPerSec" : 11.923608156035229,
    "sentKBytesPerSec" : 3.293794095585144
  },
  "7.1 Full name search" : {
    "transaction" : "7.1 Full name search",
    "sampleCount" : 176,
    "errorCount" : 0,
    "errorPct" : 0.0,
    "meanResTime" : 2791.3295454545455,
    "medianResTime" : 917.5,
    "minResTime" : 251.0,
    "maxResTime" : 18855.0,
    "pct1ResTime" : 9240.000000000004,
    "pct2ResTime" : 12136.100000000002,
    "pct3ResTime" : 18270.569999999992,
    "throughput" : 0.050021571802839976,
    "receivedKBytesPerSec" : 1.9398130402898182,
    "sentKBytesPerSec" : 0.36914168080865556
  },
  "2.3 Search by first/last name" : {
    "transaction" : "2.3 Search by first/last name",
    "sampleCount" : 1629,
    "errorCount" : 0,
    "errorPct" : 0.0,
    "meanResTime" : 116.76243093922655,
    "medianResTime" : 97.0,
    "minResTime" : 76.0,
    "maxResTime" : 787.0,
    "pct1ResTime" : 177.0,
    "pct2ResTime" : 229.5,
    "pct3ResTime" : 330.10000000000014,
    "throughput" : 0.45584169952560566,
    "receivedKBytesPerSec" : 14.242355108921402,
    "sentKBytesPerSec" : 3.408799289545247
  },
  "4.0 Vaccination for flu" : {
    "transaction" : "4.0 Vaccination for flu",
    "sampleCount" : 407,
    "errorCount" : 0,
    "errorPct" : 0.0,
    "meanResTime" : 864.9410319410326,
    "medianResTime" : 835.0,
    "minResTime" : 242.0,
    "maxResTime" : 2144.0,
    "pct1ResTime" : 1114.9999999999998,
    "pct2ResTime" : 1222.1999999999996,
    "pct3ResTime" : 1608.6400000000026,
    "throughput" : 0.11614057175404223,
    "receivedKBytesPerSec" : 6.096890115930834,
    "sentKBytesPerSec" : 3.2956314023560274
  },
  "4.0 Vaccination for hpv" : {
    "transaction" : "4.0 Vaccination for hpv",
    "sampleCount" : 405,
    "errorCount" : 0,
    "errorPct" : 0.0,
    "meanResTime" : 852.6197530864202,
    "medianResTime" : 809.0,
    "minResTime" : 192.0,
    "maxResTime" : 1704.0,
    "pct1ResTime" : 1111.4,
    "pct2ResTime" : 1220.0,
    "pct3ResTime" : 1498.58,
    "throughput" : 0.11626434895840061,
    "receivedKBytesPerSec" : 5.678415899052833,
    "sentKBytesPerSec" : 3.3018239678453
  },
  "1.2 Sign-in page" : {
    "transaction" : "1.2 Sign-in page",
    "sampleCount" : 3134,
    "errorCount" : 0,
    "errorPct" : 0.0,
    "meanResTime" : 1180.4604339502246,
    "medianResTime" : 219.0,
    "minResTime" : 13.0,
    "maxResTime" : 19077.0,
    "pct1ResTime" : 4115.0,
    "pct2ResTime" : 5707.75,
    "pct3ResTime" : 9060.300000000007,
    "throughput" : 0.8686016843223217,
    "receivedKBytesPerSec" : 57.40056594568662,
    "sentKBytesPerSec" : 7.530346061138029
  },
  "7.7 Due vaccination search" : {
    "transaction" : "7.7 Due vaccination search",
    "sampleCount" : 151,
    "errorCount" : 0,
    "errorPct" : 0.0,
    "meanResTime" : 804.8013245033114,
    "medianResTime" : 725.0,
    "minResTime" : 616.0,
    "maxResTime" : 7182.0,
    "pct1ResTime" : 941.6000000000003,
    "pct2ResTime" : 1010.0000000000002,
    "pct3ResTime" : 4063.5599999999386,
    "throughput" : 0.043184968656578546,
    "receivedKBytesPerSec" : 5.784327208306986,
    "sentKBytesPerSec" : 0.32709156144620455
  },
  "7.2 First name search" : {
    "transaction" : "7.2 First name search",
    "sampleCount" : 157,
    "errorCount" : 0,
    "errorPct" : 0.0,
    "meanResTime" : 2470.5987261146497,
    "medianResTime" : 815.0,
    "minResTime" : 369.0,
    "maxResTime" : 18743.0,
    "pct1ResTime" : 7146.200000000001,
    "pct2ResTime" : 8911.599999999999,
    "pct3ResTime" : 13924.359999999895,
    "throughput" : 0.047809546256954084,
    "receivedKBytesPerSec" : 6.481709467915532,
    "sentKBytesPerSec" : 0.3524574182905925
  },
  "2.4 Patient attending session" : {
    "transaction" : "2.4 Patient attending session",
    "sampleCount" : 1413,
    "errorCount" : 8,
    "errorPct" : 0.5661713,
    "meanResTime" : 428.40622788393506,
    "medianResTime" : 387.0,
    "minResTime" : 79.0,
    "maxResTime" : 1619.0,
    "pct1ResTime" : 577.6000000000001,
    "pct2ResTime" : 696.0,
    "pct3ResTime" : 898.0199999999993,
    "throughput" : 0.39693296945470175,
    "receivedKBytesPerSec" : 12.834590402589896,
    "sentKBytesPerSec" : 3.480762454368861
  },
  "Check STS status" : {
    "transaction" : "Check STS status",
    "sampleCount" : 1,
    "errorCount" : 0,
    "errorPct" : 0.0,
    "meanResTime" : 23.0,
    "medianResTime" : 23.0,
    "minResTime" : 23.0,
    "maxResTime" : 23.0,
    "pct1ResTime" : 23.0,
    "pct2ResTime" : 23.0,
    "pct3ResTime" : 23.0,
    "throughput" : 43.47826086956522,
    "receivedKBytesPerSec" : 13.629415760869566,
    "sentKBytesPerSec" : 25.64538043478261
  },
  "1.1 Homepage" : {
    "transaction" : "1.1 Homepage",
    "sampleCount" : 3143,
    "errorCount" : 0,
    "errorPct" : 0.0,
    "meanResTime" : 1179.4384346166062,
    "medianResTime" : 225.0,
    "minResTime" : 29.0,
    "maxResTime" : 19599.0,
    "pct1ResTime" : 4092.9999999999986,
    "pct2ResTime" : 5767.0,
    "pct3ResTime" : 8879.4,
    "throughput" : 0.8710101334255611,
    "receivedKBytesPerSec" : 67.95819281479339,
    "sentKBytesPerSec" : 7.538623567651825
  },
  "1.3 Sign-in" : {
    "transaction" : "1.3 Sign-in",
    "sampleCount" : 3126,
    "errorCount" : 0,
    "errorPct" : 0.0,
    "meanResTime" : 1183.2914267434433,
    "medianResTime" : 248.5,
    "minResTime" : 70.0,
    "maxResTime" : 19175.0,
    "pct1ResTime" : 4022.0000000000073,
    "pct2ResTime" : 5705.899999999998,
    "pct3ResTime" : 8737.870000000006,
    "throughput" : 0.8703409197214909,
    "receivedKBytesPerSec" : 57.733986321329816,
    "sentKBytesPerSec" : 7.792452400533759
  },
  "Run some searches" : {
    "transaction" : "Run some searches",
    "sampleCount" : 1480,
    "errorCount" : 0,
    "errorPct" : 0.0,
    "meanResTime" : 2427.561486486486,
    "medianResTime" : 1228.5,
    "minResTime" : 0.0,
    "maxResTime" : 27113.0,
    "pct1ResTime" : 5782.9,
    "pct2ResTime" : 6385.75,
    "pct3ResTime" : 12087.910000000005,
    "throughput" : 0.4139750132513961,
    "receivedKBytesPerSec" : 48.281841166545924,
    "sentKBytesPerSec" : 3.098175155572789
  },
  "4.0 Vaccination for td_ipv" : {
    "transaction" : "4.0 Vaccination for td_ipv",
    "sampleCount" : 395,
    "errorCount" : 0,
    "errorPct" : 0.0,
    "meanResTime" : 870.9417721518985,
    "medianResTime" : 837.0,
    "minResTime" : 204.0,
    "maxResTime" : 2242.0,
    "pct1ResTime" : 1091.8000000000002,
    "pct2ResTime" : 1215.9999999999998,
    "pct3ResTime" : 1469.5200000000002,
    "throughput" : 0.1139593248876491,
    "receivedKBytesPerSec" : 5.660725763754674,
    "sentKBytesPerSec" : 3.2366042932300374
  },
  "2.1 Open session" : {
    "transaction" : "2.1 Open session",
    "sampleCount" : 1632,
    "errorCount" : 0,
    "errorPct" : 0.0,
    "meanResTime" : 290.9810049019609,
    "medianResTime" : 258.0,
    "minResTime" : 126.0,
    "maxResTime" : 1107.0,
    "pct1ResTime" : 462.4000000000001,
    "pct2ResTime" : 537.3499999999999,
    "pct3ResTime" : 714.090000000002,