{
  "2.0 Register attendance" : {
    "transaction" : "2.0 Register attendance",
    "sampleCount" : 20,
    "errorCount" : 0,
    "errorPct" : 0.0,
    "meanResTime" : 5187.9,
    "medianResTime" : 4867.5,
    "minResTime" : 4351.0,
    "maxResTime" : 7195.0,
    "pct1ResTime" : 6473.200000000001,
    "pct2ResTime" : 7160.2,
    "pct3ResTime" : 7195.0,
    "throughput" : 0.04103793135995601,
    "receivedKBytesPerSec" : 14.34441215343467,
    "sentKBytesPerSec" : 0.17610041609897528
  },
  "2.5 Select patient" : {
    "transaction" : "2.5 Select patient",
    "sampleCount" : 20,
    "errorCount" : 0,
    "errorPct" : 0.0,
    "meanResTime" : 533.0999999999999,
    "medianResTime" : 445.5,
    "minResTime" : 369.0,
    "maxResTime" : 1531.0,
    "pct1ResTime" : 771.9000000000001,
    "pct2ResTime" : 1493.1499999999994,
    "pct3ResTime" : 1531.0,
    "throughput" : 0.04104365813916263,
    "receivedKBytesPerSec" : 0.9546638646246762,
    "sentKBytesPerSec" : 0.02845800515508346
  },
  "1.4 Select Organisations" : {
    "transaction" : "1.4 Select Organisations",
    "sampleCount" : 17,
    "errorCount" : 0,
    "errorPct" : 0.0,
    "meanResTime" : 558.6470588235294,
    "medianResTime" : 459.0,
    "minResTime" : 436.0,
    "maxResTime" : 1521.0,
    "pct1ResTime" : 1204.1999999999998,
    "pct2ResTime" : 1521.0,
    "pct3ResTime" : 1521.0,
    "throughput" : 0.03118968465394128,
    "receivedKBytesPerSec" : 0.4481689648418866,
    "sentKBytesPerSec" : 0.045078841101399494
  },
  "2.5 Select menacwy" : {
    "transaction" : "2.5 Select menacwy",
    "sampleCount" : 10,
    "errorCount" : 0,
    "errorPct" : 0.0,
    "meanResTime" : 498.5,
    "medianResTime" : 436.5,
    "minResTime" : 378.0,
    "maxResTime" : 751.0,
    "pct1ResTime" : 743.0,
    "pct2ResTime" : 751.0,
    "pct3ResTime" : 751.0,
    "throughput" : 0.0302752321353424,
    "receivedKBytesPerSec" : 0.6843444220155434,
    "sentKBytesPerSec" : 0.021109878656869602
  },
  "2.3 Search by first/last name" : {
    "transaction" : "2.3 Search by first/last name",
    "sampleCount" : 22,
    "errorCount" : 0,
    "errorPct" : 0.0,
    "meanResTime" : 1345.4545454545455,
    "medianResTime" : 1321.5,
    "minResTime" : 831.0,
    "maxResTime" : 2395.0,
    "pct1ResTime" : 1868.1,
    "pct2ResTime" : 2318.349999999999,
    "pct3ResTime" : 2395.0,
    "throughput" : 0.04230809911633766,
    "receivedKBytesPerSec" : 4.336127555914,
    "sentKBytesPerSec" : 0.036469326027173336
  },
  "2.5 Select td_ipv" : {
    "transaction" : "2.5 Select td_ipv",
    "sampleCount" : 9,
    "errorCount" : 0,
    "errorPct" : 0.0,
    "meanResTime" : 588.3333333333334,
    "medianResTime" : 551.0,
    "minResTime" : 374.0,
    "maxResTime" : 994.0,
    "pct1ResTime" : 994.0,
    "pct2ResTime" : 994.0,
    "pct3ResTime" : 994.0,
    "throughput" : 0.037398090204193574,
    "receivedKBytesPerSec" : 0.8576157964338843,
    "sentKBytesPerSec" : 0.026039881167568377
  },
  "5.8 Consent confirm" : {
    "transaction" : "5.8 Consent confirm",
    "sampleCount" : 1,
    "errorCount" : 0,
    "errorPct" : 0.0,
    "meanResTime" : 2218.0,
    "medianResTime" : 2218.0,
    "minResTime" : 2218.0,
    "maxResTime" : 2218.0,
    "pct1ResTime" : 2218.0,
    "pct2ResTime" : 2218.0,
    "pct3ResTime" : 2218.0,
    "throughput" : 0.45085662759242556,
    "receivedKBytesPerSec" : 34.240447475202885,
    "sentKBytesPerSec" : 0.9796445277276826
  },
  "4.0 Vaccination for hpv" : {
    "transaction" : "4.0 Vaccination for hpv",
    "sampleCount" : 17,
    "errorCount" : 0,
    "errorPct" : 0.0,
    "meanResTime" : 2308.294117647059,
    "medianResTime" : 2396.0,
    "minResTime" : 1100.0,
    "maxResTime" : 3335.0,
    "pct1ResTime" : 3140.6,
    "pct2ResTime" : 3335.0,
    "pct3ResTime" : 3335.0,
    "throughput" : 0.04278451703830472,
    "receivedKBytesPerSec" : 2.0032262396499223,
    "sentKBytesPerSec" : 0.23240732511828663
  },
  "1.2 Sign-in page" : {
    "transaction" : "1.2 Sign-in page",
    "sampleCount" : 18,
    "errorCount" : 0,
    "errorPct" : 0.0,
    "meanResTime" : 109.1111111111111,
    "medianResTime" : 107.0,
    "minResTime" : 105.0,
    "maxResTime" : 122.0,
    "pct1ResTime" : 119.30000000000001,
    "pct2ResTime" : 122.0,
    "pct3ResTime" : 122.0,
    "throughput" : 0.03092937620603089,
    "receivedKBytesPerSec" : 0.18639177789786776,
    "sentKBytesPerSec" : 0.018636157342891656
  },
  "5.9 Patient home page" : {
    "transaction" : "5.9 Patient home page",
    "sampleCount" : 1,
    "errorCount" : 0,
    "errorPct" : 0.0,
    "meanResTime" : 754.0,
    "medianResTime" : 754.0,
    "minResTime" : 754.0,
    "maxResTime" : 754.0,
    "pct1ResTime" : 754.0,
    "pct2ResTime" : 754.0,
    "pct3ResTime" : 754.0,
    "throughput" : 1.3262599469496021,
    "receivedKBytesPerSec" : 28.684256879973475,
    "sentKBytesPerSec" : 0.9882190815649867
  },
  "2.4 Patient attending session" : {
    "transaction" : "2.4 Patient attending session",
    "sampleCount" : 20,
    "errorCount" : 0,
    "errorPct" : 0.0,
    "meanResTime" : 1448.2499999999998,
    "medianResTime" : 1358.0,
    "minResTime" : 1028.0,
    "maxResTime" : 2683.0,
    "pct1ResTime" : 2434.3000000000006,
    "pct2ResTime" : 2671.8999999999996,
    "pct3ResTime" : 2683.0,
    "throughput" : 0.041197869246202584,
    "receivedKBytesPerSec" : 3.6178126132941406,
    "sentKBytesPerSec" : 0.061233551750703455
  },
  "5.4 Consent route" : {
    "transaction" : "5.4 Consent route",
    "sampleCount" : 2,
    "errorCount" : 0,
    "errorPct" : 0.0,
    "meanResTime" : 662.0,
    "medianResTime" : 662.0,
    "minResTime" : 474.0,
    "maxResTime" : 850.0,
    "pct1ResTime" : 850.0,
    "pct2ResTime" : 850.0,
    "pct3ResTime" : 850.0,
    "throughput" : 0.004552127550613968,
    "receivedKBytesPerSec" : 0.05175600098439758,
    "sentKBytesPerSec" : 0.0070815812384063
  },
  "1.1 Homepage" : {
    "transaction" : "1.1 Homepage",
    "sampleCount" : 18,
    "errorCount" : 0,
    "errorPct" : 0.0,
    "meanResTime" : 355.0555555555555,
    "medianResTime" : 350.5,
    "minResTime" : 309.0,
    "maxResTime" : 543.0,
    "pct1ResTime" : 394.5000000000002,
    "pct2ResTime" : 543.0,
    "pct3ResTime" : 543.0,
    "throughput" : 0.03088840191988578,
    "receivedKBytesPerSec" : 0.15941914467441048,
    "sentKBytesPerSec" : 0.016741272524938094
  },
  "1.3 Sign-in" : {
    "transaction" : "1.3 Sign-in",
    "sampleCount" : 17,
    "errorCount" : 0,
    "errorPct" : 0.0,
    "meanResTime" : 593.1764705882351,
    "medianResTime" : 614.0,
    "minResTime" : 468.0,
    "maxResTime" : 762.0,
    "pct1ResTime" : 711.5999999999999,
    "pct2ResTime" : 762.0,
    "pct3ResTime" : 762.0,
    "throughput" : 0.031168869266761514,
    "receivedKBytesPerSec" : 0.30246587295293864,
    "sentKBytesPerSec" : 0.04903618006714141
  },
  "4.0 Vaccination for td_ipv" : {
    "transaction" : "4.0 Vaccination for td_ipv",
    "sampleCount" : 5,
    "errorCount" : 0,
    "errorPct" : 0.0,
    "meanResTime" : 2597.8,
    "medianResTime" : 2565.0,
    "minResTime" : 2247.0,
    "maxResTime" : 3095.0,
    "pct1ResTime" : 3095.0,
    "pct2ResTime" : 3095.0,
    "pct3ResTime" : 3095.0,
    "throughput" : 0.031204168876961962,
    "receivedKBytesPerSec" : 1.7315388335881672,
    "sentKBytesPerSec" : 0.1849517408025712
  },
  "2.1 Open session" : {
    "transaction" : "2.1 Open session",
    "sampleCount" : 24,
    "errorCount" : 0,
    "errorPct" : 0.0,
    "meanResTime" : 680.5,
    "medianResTime" : 724.5,
    "minResTime" : 431.0,
    "maxResTime" : 1463.0,
    "pct1ResTime" : 841.5,
    "pct2ResTime" : 1308.0,
    "pct3ResTime" : 1463.0,
    "throughput" : 0.04451575208435735,
    "receivedKBytesPerSec" : 0.7790781906433454,
    "sentKBytesPerSec" : 0.027807854248008385
  },
  "5.6 Consent questions" : {
    "transaction" : "5.6 Consent questions",
    "sampleCount" : 1,
    "errorCount" : 0,
    "errorPct" : 0.0,
    "meanResTime" : 482.0,
    "medianResTime" : 482.0,