{
  "1.4 Select Organisations-0" : {
    "transaction" : "1.4 Select Organisations-0",
    "sampleCount" : 60,
    "errorCount" : 0,
    "errorPct" : 0.0,
    "meanResTime" : 116.16666666666666,
    "medianResTime" : 115.0,
    "minResTime" : 107.0,
    "maxResTime" : 165.0,
    "pct1ResTime" : 121.0,
    "pct2ResTime" : 136.59999999999997,
    "pct3ResTime" : 165.0,
    "throughput" : 0.11983797905232126,
    "receivedKBytesPerSec" : 0.08695275237878389,
    "sentKBytesPerSec" : 0.09572994811015507
  },
  "1.4 Select Organisations-1" : {
    "transaction" : "1.4 Select Organisations-1",
    "sampleCount" : 60,
    "errorCount" : 0,
    "errorPct" : 0.0,
    "meanResTime" : 129.9833333333333,
    "medianResTime" : 126.5,
    "minResTime" : 114.0,
    "maxResTime" : 227.0,
    "pct1ResTime" : 138.8,
    "pct2ResTime" : 180.74999999999997,
    "pct3ResTime" : 227.0,
    "throughput" : 0.11983582491985979,
    "receivedKBytesPerSec" : 1.6346355492974625,
    "sentKBytesPerSec" : 0.07747198837592498
  },
  "2.0 Register attendance" : {
    "transaction" : "2.0 Register attendance",
    "sampleCount" : 100,
    "errorCount" : 0,
    "errorPct" : 0.0,
    "meanResTime" : 4443.089999999997,
    "medianResTime" : 4015.5,
    "minResTime" : 2930.0,
    "maxResTime" : 8584.0,
    "pct1ResTime" : 6744.500000000003,
    "pct2ResTime" : 7678.199999999999,
    "pct3ResTime" : 8581.73,
    "throughput" : 0.19952075115572396,
    "receivedKBytesPerSec" : 60.693877369059514,
    "sentKBytesPerSec" : 0.8580912086667823
  },
  "1.3 Sign-in-1" : {
    "transaction" : "1.3 Sign-in-1",
    "sampleCount" : 60,
    "errorCount" : 0,
    "errorPct" : 0.0,
    "meanResTime" : 139.99999999999997,
    "medianResTime" : 122.0,
    "minResTime" : 109.0,
    "maxResTime" : 842.0,
    "pct1ResTime" : 134.9,
    "pct2ResTime" : 275.24999999999983,
    "pct3ResTime" : 842.0,
    "throughput" : 0.1199616122840691,
    "receivedKBytesPerSec" : 1.0789516104846448,
    "sentKBytesPerSec" : 0.07919340810940499
  },
  "1.3 Sign-in-0" : {
    "transaction" : "1.3 Sign-in-0",
    "sampleCount" : 60,
    "errorCount" : 0,
    "errorPct" : 0.0,
    "meanResTime" : 563.6666666666666,
    "medianResTime" : 390.5,
    "minResTime" : 339.0,
    "maxResTime" : 2590.0,
    "pct1ResTime" : 1046.8,
    "pct2ResTime" : 1951.3,
    "pct3ResTime" : 2590.0,
    "throughput" : 0.11989305539458803,
    "receivedKBytesPerSec" : 0.08511938600768114,
    "sentKBytesPerSec" : 0.10947266288470683
  },
  "1.4 Select Organisations" : {
    "transaction" : "1.4 Select Organisations",
    "sampleCount" : 60,
    "errorCount" : 0,
    "errorPct" : 0.0,
    "meanResTime" : 246.31666666666666,
    "medianResTime" : 242.0,
    "minResTime" : 224.0,
    "maxResTime" : 364.0,
    "pct1ResTime" : 268.5,
    "pct2ResTime" : 291.65,
    "pct3ResTime" : 364.0,
    "throughput" : 0.11980950289040426,
    "receivedKBytesPerSec" : 1.7212085908405634,
    "sentKBytesPerSec" : 0.1731621721462874
  },
  "2.4 Patient attending session-1" : {
    "transaction" : "2.4 Patient attending session-1",
    "sampleCount" : 100,
    "errorCount" : 0,
    "errorPct" : 0.0,
    "meanResTime" : 593.2600000000001,
    "medianResTime" : 477.5,
    "minResTime" : 277.0,
    "maxResTime" : 3558.0,
    "pct1ResTime" : 1132.1000000000004,
    "pct2ResTime" : 1315.1499999999996,
    "pct3ResTime" : 3538.16999999999,
    "throughput" : 0.20153935761345157,
    "receivedKBytesPerSec" : 23.412758288432045,
    "sentKBytesPerSec" : 0.1346219927808602
  },
  "2.4 Patient attending session-0" : {
    "transaction" : "2.4 Patient attending session-0",
    "sampleCount" : 100,
    "errorCount" : 0,
    "errorPct" : 0.0,
    "meanResTime" : 325.8900000000001,
    "medianResTime" : 230.5,
    "minResTime" : 166.0,
    "maxResTime" : 2826.0,
    "pct1ResTime" : 472.70000000000005,
    "pct2ResTime" : 1044.4499999999964,
    "pct3ResTime" : 2820.8899999999976,
    "throughput" : 0.20155398119501355,
    "receivedKBytesPerSec" : 0.1497876754779349,
    "sentKBytesPerSec" : 0.16494359007951306
  },
  "2.3 Search by first/last name" : {
    "transaction" : "2.3 Search by first/last name",
    "sampleCount" : 100,
    "errorCount" : 0,
    "errorPct" : 0.0,
    "meanResTime" : 396.4399999999999,
    "medianResTime" : 255.0,
    "minResTime" : 205.0,
    "maxResTime" : 3758.0,
    "pct1ResTime" : 561.1000000000001,
    "pct2ResTime" : 760.0499999999981,
    "pct3ResTime" : 3750.5399999999963,
    "throughput" : 0.20046347154621486,
    "receivedKBytesPerSec" : 6.3948924131341665,
    "sentKBytesPerSec" : 0.1729937114608976
  },
  "1.2 Sign-in page" : {
    "transaction" : "1.2 Sign-in page",
    "sampleCount" : 60,
    "errorCount" : 0,
    "errorPct" : 0.0,
    "meanResTime" : 115.15,
    "medianResTime" : 108.0,
    "minResTime" : 102.0,
    "maxResTime" : 473.0,
    "pct1ResTime" : 112.0,
    "pct2ResTime" : 124.64999999999998,
    "pct3ResTime" : 473.0,
    "throughput" : 0.11875238741778872,
    "receivedKBytesPerSec" : 0.7156454909718498,
    "sentKBytesPerSec" : 0.0715529521843512
  },
  "3.0 Nurse triage" : {
    "transaction" : "3.0 Nurse triage",
    "sampleCount" : 94,
    "errorCount" : 0,
    "errorPct" : 0.0,
    "meanResTime" : 1339.946808510638,
    "medianResTime" : 1231.0,
    "minResTime" : 627.0,
    "maxResTime" : 3824.0,
    "pct1ResTime" : 1750.5,
    "pct2ResTime" : 2347.0,
    "pct3ResTime" : 3824.0,
    "throughput" : 0.20514700747258888,
    "receivedKBytesPerSec" : 23.215669453064983,
    "sentKBytesPerSec" : 0.6076938755161411
  },
  "4.2 Vaccination batch-2" : {
    "transaction" : "4.2 Vaccination batch-2",
    "sampleCount" : 72,
    "errorCount" : 0,
    "errorPct" : 0.0,
    "meanResTime" : 0.5694444444444445,
    "medianResTime" : 1.0,
    "minResTime" : 0.0,
    "maxResTime" : 4.0,
    "pct1ResTime" : 1.0,
    "pct2ResTime" : 1.0,
    "pct3ResTime" : 4.0,
    "throughput" : 0.1798552165506767,
    "receivedKBytesPerSec" : 0.8458986414373929,
    "sentKBytesPerSec" : 0.0
  },
  "2.4 Patient attending session" : {
    "transaction" : "2.4 Patient attending session",
    "sampleCount" : 100,
    "errorCount" : 0,
    "errorPct" : 0.0,
    "meanResTime" : 919.3200000000005,
    "medianResTime" : 692.5,
    "minResTime" : 455.0,
    "maxResTime" : 3965.0,
    "pct1ResTime" : 1614.7,
    "pct2ResTime" : 1904.2999999999988,
    "pct3ResTime" : 3964.99,
    "throughput" : 0.2014415154848093,
    "receivedKBytesPerSec" : 23.551096096793653,
    "sentKBytesPerSec" : 0.29940819000769503
  },
  "4.2 Vaccination batch-0" : {
    "transaction" : "4.2 Vaccination batch-0",
    "sampleCount" : 72,
    "errorCount" : 0,
    "errorPct" : 0.0,
    "meanResTime" : 222.70833333333337,
    "medianResTime" : 135.0,
    "minResTime" : 112.0,
    "maxResTime" : 1481.0,
    "pct1ResTime" : 335.4,
    "pct2ResTime" : 492.74999999999966,
    "pct3ResTime" : 1481.0,
    "throughput" : 0.1797887482208405,
    "receivedKBytesPerSec" : 0.13449041126676153,
    "sentKBytesPerSec" : 0.1615289534796614
  },
  "4.2 Vaccination batch-1" : {
    "transaction" : "4.2 Vaccination batch-1",
    "sampleCount" : 72,
    "errorCount" : 0,
    "errorPct" : 0.0,
    "meanResTime" : 198.625,
    "medianResTime" : 153.5,
    "minResTime" : 130.0,
    "maxResTime" : 2459.0,
    "pct1ResTime" : 176.7,
    "pct2ResTime" : 392.8999999999989,
    "pct3ResTime" : 2459.0,
    "throughput" : 0.17979323777655698,
    "receivedKBytesPerSec" : 2.446049347937372,
    "sentKBytesPerSec" : 0.12337374519302803
  },
  "1.1 Homepage" : {
    "transaction" : "1.1 Homepage",
    "sampleCount" : 60,
    "errorCount" : 0,
    "errorPct" : 0.0,
    "meanResTime" : 361.1833333333333,
    "medianResTime" : 318.5,
    "minResTime" : 303.0,
    "maxResTime" : 2448.0,
    "pct1ResTime" : 343.8,
    "pct2ResTime" : 449.99999999999955,
    "pct3ResTime" : 2448.0,
    "throughput" : 0.11869506643956343,
    "receivedKBytesPerSec" : 0.6126010020830984,
    "sentKBytesPerSec" : 0.06433179870503683
  },