{
  "7.3 Safe to vaccinate" : {
    "transaction" : "7.3 Safe to vaccinate",
    "sampleCount" : 28,
    "errorCount" : 0,
    "errorPct" : 0.0,
    "meanResTime" : 129.5,
    "medianResTime" : 95.0,
    "minResTime" : 69.0,
    "maxResTime" : 412.0,
    "pct1ResTime" : 279.5000000000002,
    "pct2ResTime" : 411.1,
    "pct3ResTime" : 412.0,
    "throughput" : 0.00828518065244614,
    "receivedKBytesPerSec" : 3.3486254404461215,
    "sentKBytesPerSec" : 0.036280896233882365
  },
  "2.0 Register attendance" : {
    "transaction" : "2.0 Register attendance",
    "sampleCount" : 1559,
    "errorCount" : 7,
    "errorPct" : 0.44900578,
    "meanResTime" : 1638.4785118665811,
    "medianResTime" : 1534.0,
    "minResTime" : 612.0,
    "maxResTime" : 4692.0,
    "pct1ResTime" : 2452.0,
    "pct2ResTime" : 2827.0,
    "pct3ResTime" : 3804.8000000000025,
    "throughput" : 0.4551252090612831,
    "receivedKBytesPerSec" : 845.8070811814448,
    "sentKBytesPerSec" : 8.940185704459527
  },
  "2.5 Select patient" : {
    "transaction" : "2.5 Select patient",
    "sampleCount" : 1559,
    "errorCount" : 0,
    "errorPct" : 0.0,
    "meanResTime" : 178.3220012828734,
    "medianResTime" : 127.0,
    "minResTime" : 74.0,
    "maxResTime" : 1693.0,
    "pct1ResTime" : 320.0,
    "pct2ResTime" : 480.0,
    "pct3ResTime" : 808.2000000000012,
    "throughput" : 0.4564180754439463,
    "receivedKBytesPerSec" : 185.6320185326342,
    "sentKBytesPerSec" : 1.8964238278779808
  },
  "2.3 Search by first/last name" : {
    "transaction" : "2.3 Search by first/last name",
    "sampleCount" : 1559,
    "errorCount" : 0,
    "errorPct" : 0.0,
    "meanResTime" : 147.54650416933936,
    "medianResTime" : 109.0,
    "minResTime" : 68.0,
    "maxResTime" : 1293.0,
    "pct1ResTime" : 240.0,
    "pct2ResTime" : 368.0,
    "pct3ResTime" : 653.4000000000024,
    "throughput" : 0.4552437568969137,
    "receivedKBytesPerSec" : 185.2497304769525,
    "sentKBytesPerSec" : 1.9660946403114403
  },
  "4.0 Vaccination for flu" : {
    "transaction" : "4.0 Vaccination for flu",
    "sampleCount" : 387,
    "errorCount" : 0,
    "errorPct" : 0.0,
    "meanResTime" : 1361.8268733850125,
    "medianResTime" : 1249.0,
    "minResTime" : 768.0,
    "maxResTime" : 3598.0,
    "pct1ResTime" : 1928.6,
    "pct2ResTime" : 2273.7999999999993,
    "pct3ResTime" : 3078.2000000000003,
    "throughput" : 0.11676997943400051,
    "receivedKBytesPerSec" : 139.553875114639,
    "sentKBytesPerSec" : 1.9749339199214413
  },
  "4.0 Vaccination for hpv" : {
    "transaction" : "4.0 Vaccination for hpv",
    "sampleCount" : 399,
    "errorCount" : 0,
    "errorPct" : 0.0,
    "meanResTime" : 1344.5338345864661,
    "medianResTime" : 1218.0,
    "minResTime" : 747.0,
    "maxResTime" : 3509.0,
    "pct1ResTime" : 1953.0,
    "pct2ResTime" : 2329.0,
    "pct3ResTime" : 3036.0,
    "throughput" : 0.1169151284073874,
    "receivedKBytesPerSec" : 139.48895486720755,
    "sentKBytesPerSec" : 1.980132092484848
  },
  "1.2 Sign-in page" : {
    "transaction" : "1.2 Sign-in page",
    "sampleCount" : 1658,
    "errorCount" : 0,
    "errorPct" : 0.0,
    "meanResTime" : 224.565138721351,
    "medianResTime" : 145.0,
    "minResTime" : 15.0,
    "maxResTime" : 2133.0,
    "pct1ResTime" : 415.3000000000004,
    "pct2ResTime" : 634.2499999999989,
    "pct3ResTime" : 1467.7900000000016,
    "throughput" : 0.4649429379289961,
    "receivedKBytesPerSec" : 187.85194495009364,
    "sentKBytesPerSec" : 2.3099310886142543
  },
  "7.1 Name search" : {
    "transaction" : "7.1 Name search",
    "sampleCount" : 29,
    "errorCount" : 0,
    "errorPct" : 0.0,
    "meanResTime" : 6327.379310344828,
    "medianResTime" : 6090.0,
    "minResTime" : 5467.0,
    "maxResTime" : 7996.0,
    "pct1ResTime" : 7480.0,
    "pct2ResTime" : 7868.0,
    "pct3ResTime" : 7996.0,
    "throughput" : 0.008254101078583312,
    "receivedKBytesPerSec" : 3.336303709026571,
    "sentKBytesPerSec" : 0.0357656403652582
  },
  "2.4 Patient attending session" : {
    "transaction" : "2.4 Patient attending session",
    "sampleCount" : 868,
    "errorCount" : 7,
    "errorPct" : 0.8064516,
    "meanResTime" : 768.8571428571429,
    "medianResTime" : 649.0,
    "minResTime" : 105.0,
    "maxResTime" : 3495.0,
    "pct1ResTime" : 1192.0,
    "pct2ResTime" : 1485.0,
    "pct3ResTime" : 2087.229999999998,
    "throughput" : 0.25372134381112843,
    "receivedKBytesPerSec" : 103.48612096475641,
    "sentKBytesPerSec" : 1.292415360510845
  },
  "Check STS status" : {
    "transaction" : "Check STS status",
    "sampleCount" : 1,
    "errorCount" : 0,
    "errorPct" : 0.0,
    "meanResTime" : 32.0,
    "medianResTime" : 32.0,
    "minResTime" : 32.0,
    "maxResTime" : 32.0,
    "pct1ResTime" : 32.0,
    "pct2ResTime" : 32.0,
    "pct3ResTime" : 32.0,
    "throughput" : 31.25,
    "receivedKBytesPerSec" : 9.796142578125,
    "sentKBytesPerSec" : 18.4326171875
  },
  "1.1 Homepage" : {
    "transaction" : "1.1 Homepage",
    "sampleCount" : 1658,
    "errorCount" : 0,
    "errorPct" : 0.0,
    "meanResTime" : 234.97406513872147,
    "medianResTime" : 156.0,
    "minResTime" : 32.0,
    "maxResTime" : 1960.0,
    "pct1ResTime" : 414.0,
    "pct2ResTime" : 661.1499999999999,
    "pct3ResTime" : 1505.6400000000003,
    "throughput" : 0.46506735482423234,
    "receivedKBytesPerSec" : 187.75165773817872,
    "sentKBytesPerSec" : 2.3019759182836266
  },
  "1.3 Sign-in" : {
    "transaction" : "1.3 Sign-in",
    "sampleCount" : 1658,
    "errorCount" : 0,
    "errorPct" : 0.0,
    "meanResTime" : 249.1658624849216,
    "medianResTime" : 161.0,
    "minResTime" : 84.0,
    "maxResTime" : 2174.0,
    "pct1ResTime" : 477.10000000000014,
    "pct2ResTime" : 700.5499999999995,
    "pct3ResTime" : 1473.7400000000011,
    "throughput" : 0.46478496967264055,
    "receivedKBytesPerSec" : 187.96019239728966,
    "sentKBytesPerSec" : 2.422590692288522
  },
  "Run some searches" : {
    "transaction" : "Run some searches",
    "sampleCount" : 28,
    "errorCount" : 0,
    "errorPct" : 0.0,
    "meanResTime" : 11034.82142857143,
    "medianResTime" : 9939.0,
    "minResTime" : 9011.0,
    "maxResTime" : 26412.0,
    "pct1ResTime" : 12509.000000000015,
    "pct2ResTime" : 24408.149999999987,
    "pct3ResTime" : 26412.0,
    "throughput" : 0.008297618998228458,
    "receivedKBytesPerSec" : 18.592467249223727,
    "sentKBytesPerSec" : 0.1814620861229138
  },
  "4.0 Vaccination for td_ipv" : {
    "transaction" : "4.0 Vaccination for td_ipv",
    "sampleCount" : 387,
    "errorCount" : 0,
    "errorPct" : 0.0,
    "meanResTime" : 1365.762273901809,
    "medianResTime" : 1235.0,
    "minResTime" : 780.0,
    "maxResTime" : 4203.0,
    "pct1ResTime" : 1988.0,
    "pct2ResTime" : 2366.399999999999,
    "pct3ResTime" : 3198.6400000000003,
    "throughput" : 0.11676441286206775,
    "receivedKBytesPerSec" : 140.09363423502413,
    "sentKBytesPerSec" : 1.978294194311974
  },
  "2.1 Open session" : {
    "transaction" : "2.1 Open session",
    "sampleCount" : 1559,
    "errorCount" : 0,
    "errorPct" : 0.0,
    "meanResTime" : 712.3232841565106,
    "medianResTime" : 620.0,
    "minResTime" : 257.0,
    "maxResTime" : 3053.0,
    "pct1ResTime" : 1181.0,
    "pct2ResTime" : 1434.0,
    "pct3ResTime" : 1920.2000000000003,
    "throughput" : 0.45518341205368884,
    "receivedKBytesPerSec" : 183.52152443039665,
    "sentKBytesPerSec" : 1.8946317805430553
  },
  "4.3 Vaccination confirm" : {
    "transaction" : "4.3 Vaccination confirm",
    "sampleCount" : 1559,
    "errorCount" : 0,
    "errorPct" : 0.0,
    "meanResTime" : 943.9512508017967,
    "medianResTime" : 813.0,
    "minResTime" : 503.0,
    "maxResTime" : 3926.0,
    "pct1ResTime" : 1431.0,
    "pct2ResTime" : 1793.0,
    "pct3ResTime" : 2563.0000000000005,
    "throughput" : 0.4557500069429523,
    "receivedKBytesPerSec" : 184.10555663886927,
    "sentKBytesPerSec" : 2.7472291682196954
  },