{
  "2.0 Register attendance" : {
    "transaction" : "2.0 Register attendance",
    "sampleCount" : 1620,
    "errorCount" : 6,
    "errorPct" : 0.37037036,
    "meanResTime" : 969.5697530864193,
    "medianResTime" : 934.5,
    "minResTime" : 387.0,
    "maxResTime" : 2423.0,
    "pct1ResTime" : 1281.6000000000004,
    "pct2ResTime" : 1423.0,
    "pct3ResTime" : 1789.8999999999996,
    "throughput" : 0.4535455926707032,
    "receivedKBytesPerSec" : 68.54418755644824,
    "sentKBytesPerSec" : 16.88327870532401
  },
  "2.5 Select patient" : {
    "transaction" : "2.5 Select patient",
    "sampleCount" : 1615,
    "errorCount" : 0,
    "errorPct" : 0.0,
    "meanResTime" : 112.1411764705883,
    "medianResTime" : 86.0,
    "minResTime" : 71.0,
    "maxResTime" : 1207.0,
    "pct1ResTime" : 171.0,
    "pct2ResTime" : 245.19999999999982,
    "pct3ResTime" : 442.3599999999997,
    "throughput" : 0.45486692114804467,
    "receivedKBytesPerSec" : 11.428032452888884,
    "sentKBytesPerSec" : 3.2803271957750044
  },
  "7.1 Full name search" : {
    "transaction" : "7.1 Full name search",
    "sampleCount" : 156,
    "errorCount" : 0,
    "errorPct" : 0.0,
    "meanResTime" : 501.81410256410254,
    "medianResTime" : 370.5,
    "minResTime" : 192.0,
    "maxResTime" : 2930.0,
    "pct1ResTime" : 924.9000000000001,
    "pct2ResTime" : 1273.0000000000007,
    "pct3ResTime" : 2283.050000000008,
    "throughput" : 0.043839410618467294,
    "receivedKBytesPerSec" : 1.5967541500606164,
    "sentKBytesPerSec" : 0.32350336713370625
  },
  "2.3 Search by first/last name" : {
    "transaction" : "2.3 Search by first/last name",
    "sampleCount" : 1622,
    "errorCount" : 0,
    "errorPct" : 0.0,
    "meanResTime" : 107.39149198520344,
    "medianResTime" : 85.0,
    "minResTime" : 66.0,
    "maxResTime" : 1336.0,
    "pct1ResTime" : 160.70000000000005,
    "pct2ResTime" : 223.0,
    "pct3ResTime" : 401.92999999999984,
    "throughput" : 0.45395136395312713,
    "receivedKBytesPerSec" : 13.166010229823373,
    "sentKBytesPerSec" : 3.394587191476797
  },
  "4.0 Vaccination for flu" : {
    "transaction" : "4.0 Vaccination for flu",
    "sampleCount" : 412,
    "errorCount" : 0,
    "errorPct" : 0.0,
    "meanResTime" : 782.6189320388346,
    "medianResTime" : 739.0,
    "minResTime" : 180.0,
    "maxResTime" : 2270.0,
    "pct1ResTime" : 1015.7999999999998,
    "pct2ResTime" : 1172.7999999999997,
    "pct3ResTime" : 1593.9400000000003,
    "throughput" : 0.11756051655862702,
    "receivedKBytesPerSec" : 6.160264082169808,
    "sentKBytesPerSec" : 3.3332341587382275
  },
  "4.0 Vaccination for hpv" : {
    "transaction" : "4.0 Vaccination for hpv",
    "sampleCount" : 407,
    "errorCount" : 0,
    "errorPct" : 0.0,
    "meanResTime" : 773.3415233415233,
    "medianResTime" : 728.0,
    "minResTime" : 180.0,
    "maxResTime" : 2158.0,
    "pct1ResTime" : 1031.6,
    "pct2ResTime" : 1188.1999999999996,
    "pct3ResTime" : 1513.6000000000001,
    "throughput" : 0.11663415047926033,
    "receivedKBytesPerSec" : 5.685022941482469,
    "sentKBytesPerSec" : 3.3153091040512743
  },
  "1.2 Sign-in page" : {
    "transaction" : "1.2 Sign-in page",
    "sampleCount" : 3242,
    "errorCount" : 0,
    "errorPct" : 0.0,
    "meanResTime" : 919.0351634793341,
    "medianResTime" : 181.0,
    "minResTime" : 12.0,
    "maxResTime" : 11673.0,
    "pct1ResTime" : 1565.2000000000016,
    "pct2ResTime" : 6297.399999999998,
    "pct3ResTime" : 7169.270000000002,
    "throughput" : 0.9021154635446015,
    "receivedKBytesPerSec" : 60.3044804905705,
    "sentKBytesPerSec" : 7.829561837830693
  },
  "7.2 First name search" : {
    "transaction" : "7.2 First name search",
    "sampleCount" : 187,
    "errorCount" : 0,
    "errorPct" : 0.0,
    "meanResTime" : 1897.2192513368987,
    "medianResTime" : 1259.0,
    "minResTime" : 899.0,
    "maxResTime" : 12305.0,
    "pct1ResTime" : 3826.4000000000005,
    "pct2ResTime" : 5930.4,
    "pct3ResTime" : 7421.0000000000255,
    "throughput" : 0.0551157430604269,
    "receivedKBytesPerSec" : 7.370426482469804,
    "sentKBytesPerSec" : 0.4063070591624765
  },
  "7.7 Due vaccination search" : {
    "transaction" : "7.7 Due vaccination search",
    "sampleCount" : 175,
    "errorCount" : 0,
    "errorPct" : 0.0,
    "meanResTime" : 637.7485714285713,
    "medianResTime" : 608.0,
    "minResTime" : 531.0,
    "maxResTime" : 1077.0,
    "pct1ResTime" : 744.8000000000001,
    "pct2ResTime" : 870.5999999999999,
    "pct3ResTime" : 1072.44,
    "throughput" : 0.05208173678009275,
    "receivedKBytesPerSec" : 6.843695993099021,
    "sentKBytesPerSec" : 0.39452642197649895
  },
  "2.4 Patient attending session" : {
    "transaction" : "2.4 Patient attending session",
    "sampleCount" : 1499,
    "errorCount" : 6,
    "errorPct" : 0.40026686,
    "meanResTime" : 362.425617078052,
    "medianResTime" : 325.0,
    "minResTime" : 59.0,
    "maxResTime" : 1927.0,
    "pct1ResTime" : 503.0,
    "pct2ResTime" : 596.0,
    "pct3ResTime" : 874.0,
    "throughput" : 0.42092789468659264,
    "receivedKBytesPerSec" : 12.697236732715702,
    "sentKBytesPerSec" : 3.6921887767888735
  },
  "Check STS status" : {
    "transaction" : "Check STS status",
    "sampleCount" : 1,
    "errorCount" : 0,
    "errorPct" : 0.0,
    "meanResTime" : 31.0,
    "medianResTime" : 31.0,
    "minResTime" : 31.0,
    "maxResTime" : 31.0,
    "pct1ResTime" : 31.0,
    "pct2ResTime" : 31.0,
    "pct3ResTime" : 31.0,
    "throughput" : 32.25806451612903,
    "receivedKBytesPerSec" : 10.112147177419354,
    "sentKBytesPerSec" : 19.027217741935484
  },
  "1.1 Homepage" : {
    "transaction" : "1.1 Homepage",
    "sampleCount" : 3247,
    "errorCount" : 0,
    "errorPct" : 0.0,
    "meanResTime" : 919.5497382198963,
    "medianResTime" : 182.0,
    "minResTime" : 26.0,
    "maxResTime" : 11726.0,
    "pct1ResTime" : 1594.6000000000008,
    "pct2ResTime" : 6159.199999999998,
    "pct3ResTime" : 7166.5599999999995,
    "throughput" : 0.9022775352345352,
    "receivedKBytesPerSec" : 70.65224646256563,
    "sentKBytesPerSec" : 7.817757474738591
  },
  "1.3 Sign-in" : {
    "transaction" : "1.3 Sign-in",
    "sampleCount" : 3239,
    "errorCount" : 0,
    "errorPct" : 0.0,
    "meanResTime" : 932.4263661623953,
    "medianResTime" : 236.0,
    "minResTime" : 64.0,
    "maxResTime" : 11811.0,
    "pct1ResTime" : 1611.0,
    "pct2ResTime" : 6255.0,
    "pct3ResTime" : 7295.799999999997,
    "throughput" : 0.9015290366665414,
    "receivedKBytesPerSec" : 60.562318005478346,
    "sentKBytesPerSec" : 8.076847885327817
  },
  "Run some searches" : {
    "transaction" : "Run some searches",
    "sampleCount" : 1588,
    "errorCount" : 0,
    "errorPct" : 0.0,
    "meanResTime" : 1782.143576826197,
    "medianResTime" : 1120.5,
    "minResTime" : 0.0,
    "maxResTime" : 15205.0,
    "pct1ResTime" : 6284.6,
    "pct2ResTime" : 6774.299999999999,
    "pct3ResTime" : 7429.149999999993,
    "throughput" : 0.444374548419756,
    "receivedKBytesPerSec" : 51.03308452506561,
    "sentKBytesPerSec" : 3.323999844203067
  },
  "4.0 Vaccination for td_ipv" : {
    "transaction" : "4.0 Vaccination for td_ipv",
    "sampleCount" : 388,
    "errorCount" : 0,
    "errorPct" : 0.0,
    "meanResTime" : 781.2010309278353,
    "medianResTime" : 726.5,
    "minResTime" : 204.0,
    "maxResTime" : 2501.0,
    "pct1ResTime" : 1050.3000000000002,
    "pct2ResTime" : 1188.649999999999,
    "pct3ResTime" : 1722.5200000000004,
    "throughput" : 0.11231450376818056,
    "receivedKBytesPerSec" : 5.562924831691071,
    "sentKBytesPerSec" : 3.1895377583342137
  },
  "2.1 Open session" : {
    "transaction" : "2.1 Open session",
    "sampleCount" : 1629,
    "errorCount" : 0,
    "errorPct" : 0.0,
    "meanResTime" : 287.0423572744021,
    "medianResTime" : 260.0,
    "minResTime" : 126.0,
    "maxResTime" : 1573.0,
    "pct1ResTime" : 454.0,
    "pct2ResTime" : 530.0,
    "pct3ResTime" : 715.8000000000002,