{
  "Prevent multiple runs" : {
    "transaction" : "Prevent multiple runs",
    "sampleCount" : 1,
    "errorCount" : 0,
    "errorPct" : 0.0,
    "meanResTime" : 19.0,
    "medianResTime" : 19.0,
    "minResTime" : 19.0,
    "maxResTime" : 19.0,
    "pct1ResTime" : 19.0,
    "pct2ResTime" : 19.0,
    "pct3ResTime" : 19.0,
    "throughput" : 52.63157894736842,
    "receivedKBytesPerSec" : 0.0,
    "sentKBytesPerSec" : 0.0
  },
  "2.0 Register attendance" : {
    "transaction" : "2.0 Register attendance",
    "sampleCount" : 756,
    "errorCount" : 0,
    "errorPct" : 0.0,
    "meanResTime" : 6528.035714285709,
    "medianResTime" : 6277.0,
    "minResTime" : 3944.0,
    "maxResTime" : 11531.0,
    "pct1ResTime" : 8086.500000000003,
    "pct2ResTime" : 8985.199999999999,
    "pct3ResTime" : 10637.929999999993,
    "throughput" : 0.21556087170991667,
    "receivedKBytesPerSec" : 65.15630802910785,
    "sentKBytesPerSec" : 0.9357246545786726
  },
  "Completed sessions list" : {
    "transaction" : "Completed sessions list",
    "sampleCount" : 1,
    "errorCount" : 0,
    "errorPct" : 0.0,
    "meanResTime" : 319.0,
    "medianResTime" : 319.0,
    "minResTime" : 319.0,
    "maxResTime" : 319.0,
    "pct1ResTime" : 319.0,
    "pct2ResTime" : 319.0,
    "pct3ResTime" : 319.0,
    "throughput" : 3.134796238244514,
    "receivedKBytesPerSec" : 43.498359130094045,
    "sentKBytesPerSec" : 1.9041438087774294
  },
  "1.4 Select Organisations" : {
    "transaction" : "1.4 Select Organisations",
    "sampleCount" : 70,
    "errorCount" : 0,
    "errorPct" : 0.0,
    "meanResTime" : 431.9571428571428,
    "medianResTime" : 407.5,
    "minResTime" : 378.0,
    "maxResTime" : 740.0,
    "pct1ResTime" : 518.1,
    "pct2ResTime" : 570.3000000000001,
    "pct3ResTime" : 740.0,
    "throughput" : 0.07832719956763386,
    "receivedKBytesPerSec" : 1.1270243734663254,
    "sentKBytesPerSec" : 0.11320728062509582
  },
  "Scheduled sessions list" : {
    "transaction" : "Scheduled sessions list",
    "sampleCount" : 1,
    "errorCount" : 0,
    "errorPct" : 0.0,
    "meanResTime" : 308.0,
    "medianResTime" : 308.0,
    "minResTime" : 308.0,
    "maxResTime" : 308.0,
    "pct1ResTime" : 308.0,
    "pct2ResTime" : 308.0,
    "pct3ResTime" : 308.0,
    "throughput" : 3.246753246753247,
    "receivedKBytesPerSec" : 42.090477881493506,
    "sentKBytesPerSec" : 1.9721489448051948
  },
  "2.3 Search by first/last name" : {
    "transaction" : "2.3 Search by first/last name",
    "sampleCount" : 757,
    "errorCount" : 0,
    "errorPct" : 0.0,
    "meanResTime" : 1412.8097754293262,
    "medianResTime" : 1277.0,
    "minResTime" : 927.0,
    "maxResTime" : 6424.0,
    "pct1ResTime" : 1906.2,
    "pct2ResTime" : 2308.8,
    "pct3ResTime" : 3163.999999999992,
    "throughput" : 0.21595228395928115,
    "receivedKBytesPerSec" : 20.604189920940637,
    "sentKBytesPerSec" : 0.18627489156741991
  },
  "5.8 Consent confirm" : {
    "transaction" : "5.8 Consent confirm",
    "sampleCount" : 2,
    "errorCount" : 0,
    "errorPct" : 0.0,
    "meanResTime" : 916.5,
    "medianResTime" : 916.5,
    "minResTime" : 875.0,
    "maxResTime" : 958.0,
    "pct1ResTime" : 958.0,
    "pct2ResTime" : 958.0,
    "pct3ResTime" : 958.0,
    "throughput" : 0.011338961237761009,
    "receivedKBytesPerSec" : 0.9284715735785194,
    "sentKBytesPerSec" : 0.02493131955744034
  },
  "5.9 Patient return to td_ipv vaccination page" : {
    "transaction" : "5.9 Patient return to td_ipv vaccination page",
    "sampleCount" : 499,
    "errorCount" : 0,
    "errorPct" : 0.0,
    "meanResTime" : 554.9158316633268,
    "medianResTime" : 487.0,
    "minResTime" : 327.0,
    "maxResTime" : 2131.0,
    "pct1ResTime" : 775.0,
    "pct2ResTime" : 988.0,
    "pct3ResTime" : 1479.0,
    "throughput" : 0.1524834170464237,
    "receivedKBytesPerSec" : 4.4867440339526174,
    "sentKBytesPerSec" : 0.10618835155036521
  },
  "1.2 Sign-in page" : {
    "transaction" : "1.2 Sign-in page",
    "sampleCount" : 70,
    "errorCount" : 0,
    "errorPct" : 0.0,
    "meanResTime" : 97.7142857142857,
    "medianResTime" : 92.5,
    "minResTime" : 89.0,
    "maxResTime" : 334.0,
    "pct1ResTime" : 102.8,
    "pct2ResTime" : 111.60000000000002,
    "pct3ResTime" : 334.0,
    "throughput" : 0.07892793315931604,
    "receivedKBytesPerSec" : 0.47726734582273916,
    "sentKBytesPerSec" : 0.047557162850876945
  },
  "3.0 Nurse triage" : {
    "transaction" : "3.0 Nurse triage",
    "sampleCount" : 1711,
    "errorCount" : 0,
    "errorPct" : 0.0,
    "meanResTime" : 1976.1355932203385,
    "medianResTime" : 1818.0,
    "minResTime" : 1200.0,
    "maxResTime" : 7735.0,
    "pct1ResTime" : 2572.0,
    "pct2ResTime" : 3051.399999999996,
    "pct3ResTime" : 4404.039999999994,
    "throughput" : 0.4943128026438079,
    "receivedKBytesPerSec" : 61.94295126302554,
    "sentKBytesPerSec" : 1.486703173395744
  },
  "2.4 Patient attending session" : {
    "transaction" : "2.4 Patient attending session",
    "sampleCount" : 748,
    "errorCount" : 0,
    "errorPct" : 0.0,
    "meanResTime" : 1712.4852941176466,
    "medianResTime" : 1547.0,
    "minResTime" : 1104.0,
    "maxResTime" : 5393.0,
    "pct1ResTime" : 2378.4,
    "pct2ResTime" : 2774.899999999999,
    "pct3ResTime" : 4128.59,
    "throughput" : 0.21372301782615688,
    "receivedKBytesPerSec" : 17.54367409466658,
    "sentKBytesPerSec" : 0.31766253235489333
  },
  "5.4 Consent route" : {
    "transaction" : "5.4 Consent route",
    "sampleCount" : 2,
    "errorCount" : 0,
    "errorPct" : 0.0,
    "meanResTime" : 547.5,
    "medianResTime" : 547.5,
    "minResTime" : 460.0,
    "maxResTime" : 635.0,
    "pct1ResTime" : 635.0,
    "pct2ResTime" : 635.0,
    "pct3ResTime" : 635.0,
    "throughput" : 0.010973936899862827,
    "receivedKBytesPerSec" : 0.12509645061728394,
    "sentKBytesPerSec" : 0.017355752743484224
  },
  "1.1 Homepage" : {
    "transaction" : "1.1 Homepage",
    "sampleCount" : 70,
    "errorCount" : 0,
    "errorPct" : 0.0,
    "meanResTime" : 294.92857142857133,
    "medianResTime" : 274.0,
    "minResTime" : 259.0,
    "maxResTime" : 743.0,
    "pct1ResTime" : 350.0,
    "pct2ResTime" : 375.9000000000001,
    "pct3ResTime" : 743.0,
    "throughput" : 0.07890373406285472,
    "receivedKBytesPerSec" : 0.40885079388428425,
    "sentKBytesPerSec" : 0.042765207426644886
  },
  "1.3 Sign-in" : {
    "transaction" : "1.3 Sign-in",
    "sampleCount" : 70,
    "errorCount" : 0,
    "errorPct" : 0.0,
    "meanResTime" : 528.6714285714287,
    "medianResTime" : 494.0,
    "minResTime" : 449.0,
    "maxResTime" : 993.0,
    "pct1ResTime" : 650.1,
    "pct2ResTime" : 774.7000000000003,
    "pct3ResTime" : 993.0,
    "throughput" : 0.07845704140738483,
    "receivedKBytesPerSec" : 0.7629640804050177,
    "sentKBytesPerSec" : 0.12343192744853218
  },
  "Get school name" : {
    "transaction" : "Get school name",
    "sampleCount" : 1,
    "errorCount" : 0,
    "errorPct" : 0.0,
    "meanResTime" : 6763.0,
    "medianResTime" : 6763.0,
    "minResTime" : 6763.0,
    "maxResTime" : 6763.0,
    "pct1ResTime" : 6763.0,
    "pct2ResTime" : 6763.0,
    "pct3ResTime" : 6763.0,
    "throughput" : 0.1478633742422002,
    "receivedKBytesPerSec" : 1469.6804995933758,
    "sentKBytesPerSec" : 0.09255900672778353
  },
  "2.1 Open session" : {
    "transaction" : "2.1 Open session",
    "sampleCount" : 762,
    "errorCount" : 0,
    "errorPct" : 0.0,
    "meanResTime" : 1489.7112860892387,
    "medianResTime" : 1313.5,
    "minResTime" : 781.0,
    "maxResTime" : 4626.0,
    "pct1ResTime" : 2169.1000000000004,
    "pct2ResTime" : 2642.8,
    "pct3ResTime" : 3799.4800000000005,
    "throughput" : 0.21572529846246183,
    "receivedKBytesPerSec" : 3.57847576151455,
    "sentKBytesPerSec" : 0.14117603552389824
  },
  "3.3 Nurse triage complete" : {
    "transaction" : "3.3 Nurse triage complete",
    "sampleCount" : 1703,
    "errorCount" : 0,
    "errorPct" : 0.0,
    "meanResTime" : 518.6283029947164,