{
  "7.3 Safe to vaccinate" : {
    "transaction" : "7.3 Safe to vaccinate",
    "sampleCount" : 19,
    "errorCount" : 0,
    "errorPct" : 0.0,
    "meanResTime" : 187.578947368421,
    "medianResTime" : 156.0,
    "minResTime" : 103.0,
    "maxResTime" : 569.0,
    "pct1ResTime" : 372.0,
    "pct2ResTime" : 569.0,
    "pct3ResTime" : 569.0,
    "throughput" : 0.005610500731284477,
    "receivedKBytesPerSec" : 2.383076622626943,
    "sentKBytesPerSec" : 0.024574489197128485
  },
  "2.0 Register attendance" : {
    "transaction" : "2.0 Register attendance",
    "sampleCount" : 1294,
    "errorCount" : 18,
    "errorPct" : 1.3910356,
    "meanResTime" : 2919.9744976816055,
    "medianResTime" : 2319.5,
    "minResTime" : 565.0,
    "maxResTime" : 16031.0,
    "pct1ResTime" : 5092.5,
    "pct2ResTime" : 6581.5,
    "pct3ResTime" : 10812.199999999988,
    "throughput" : 0.42005281498686114,
    "receivedKBytesPerSec" : 878.016795163793,
    "sentKBytesPerSec" : 9.131866270371669
  },
  "2.5 Select patient" : {
    "transaction" : "2.5 Select patient",
    "sampleCount" : 1294,
    "errorCount" : 0,
    "errorPct" : 0.0,
    "meanResTime" : 295.43122102009335,
    "medianResTime" : 136.0,
    "minResTime" : 78.0,
    "maxResTime" : 6585.0,
    "pct1ResTime" : 579.5,
    "pct2ResTime" : 1046.5,
    "pct3ResTime" : 2594.7999999999865,
    "throughput" : 0.42033157469720855,
    "receivedKBytesPerSec" : 175.1321427285155,
    "sentKBytesPerSec" : 1.7485444694523866
  },
  "7.1 Full name search" : {
    "transaction" : "7.1 Full name search",
    "sampleCount" : 19,
    "errorCount" : 0,
    "errorPct" : 0.0,
    "meanResTime" : 9726.368421052632,
    "medianResTime" : 9541.0,
    "minResTime" : 7747.0,
    "maxResTime" : 12394.0,
    "pct1ResTime" : 11781.0,
    "pct2ResTime" : 12394.0,
    "pct3ResTime" : 12394.0,
    "throughput" : 0.005589302193271598,
    "receivedKBytesPerSec" : 2.7797306819559084,
    "sentKBytesPerSec" : 0.02426244377235537
  },
  "2.3 Search by first/last name" : {
    "transaction" : "2.3 Search by first/last name",
    "sampleCount" : 1294,
    "errorCount" : 0,
    "errorPct" : 0.0,
    "meanResTime" : 233.8786707882533,
    "medianResTime" : 131.5,
    "minResTime" : 73.0,
    "maxResTime" : 5510.0,
    "pct1ResTime" : 491.5,
    "pct2ResTime" : 748.5,
    "pct3ResTime" : 1769.4499999999996,
    "throughput" : 0.4203282978393047,
    "receivedKBytesPerSec" : 177.68992042022435,
    "sentKBytesPerSec" : 1.8173450302309924
  },
  "4.0 Vaccination for flu" : {
    "transaction" : "4.0 Vaccination for flu",
    "sampleCount" : 323,
    "errorCount" : 0,
    "errorPct" : 0.0,
    "meanResTime" : 2255.1919504643943,
    "medianResTime" : 1717.0,
    "minResTime" : 822.0,
    "maxResTime" : 18423.0,
    "pct1ResTime" : 3690.2000000000003,
    "pct2ResTime" : 5083.400000000001,
    "pct3ResTime" : 14517.399999999987,
    "throughput" : 0.1106101123668612,
    "receivedKBytesPerSec" : 135.49982122437262,
    "sentKBytesPerSec" : 1.872683926873874
  },
  "4.0 Vaccination for hpv" : {
    "transaction" : "4.0 Vaccination for hpv",
    "sampleCount" : 322,
    "errorCount" : 0,
    "errorPct" : 0.0,
    "meanResTime" : 2416.94099378882,
    "medianResTime" : 1799.5,
    "minResTime" : 814.0,
    "maxResTime" : 27174.0,
    "pct1ResTime" : 4064.0999999999985,
    "pct2ResTime" : 5670.7999999999965,
    "pct3ResTime" : 15981.769999999957,
    "throughput" : 0.10952388402985308,
    "receivedKBytesPerSec" : 133.93940772079182,
    "sentKBytesPerSec" : 1.8568531445429555
  },
  "7.6 First name search" : {
    "transaction" : "7.6 First name search",
    "sampleCount" : 19,
    "errorCount" : 0,
    "errorPct" : 0.0,
    "meanResTime" : 7305.631578947368,
    "medianResTime" : 7115.0,
    "minResTime" : 6395.0,
    "maxResTime" : 9723.0,
    "pct1ResTime" : 8901.0,
    "pct2ResTime" : 9723.0,
    "pct3ResTime" : 9723.0,
    "throughput" : 0.005601666112396546,
    "receivedKBytesPerSec" : 2.7536133372205946,
    "sentKBytesPerSec" : 0.024262849761398506
  },
  "1.2 Sign-in page" : {
    "transaction" : "1.2 Sign-in page",
    "sampleCount" : 1384,
    "errorCount" : 0,
    "errorPct" : 0.0,
    "meanResTime" : 477.9161849710989,
    "medianResTime" : 187.0,
    "minResTime" : 14.0,
    "maxResTime" : 10894.0,
    "pct1ResTime" : 911.0,
    "pct2ResTime" : 1590.25,
    "pct3ResTime" : 6874.050000000023,
    "throughput" : 0.3886511614323256,
    "receivedKBytesPerSec" : 160.66197620287394,
    "sentKBytesPerSec" : 1.9277856252565968
  },
  "2.4 Patient attending session" : {
    "transaction" : "2.4 Patient attending session",
    "sampleCount" : 1247,
    "errorCount" : 18,
    "errorPct" : 1.4434643,
    "meanResTime" : 1155.8644747393732,
    "medianResTime" : 813.0,
    "minResTime" : 76.0,
    "maxResTime" : 13826.0,
    "pct1ResTime" : 2087.2000000000007,
    "pct2ResTime" : 2993.3999999999987,
    "pct3ResTime" : 5600.759999999998,
    "throughput" : 0.40506713979721304,
    "receivedKBytesPerSec" : 171.60957597284735,
    "sentKBytesPerSec" : 2.0635540511058625
  },
  "Check STS status" : {
    "transaction" : "Check STS status",
    "sampleCount" : 1,
    "errorCount" : 0,
    "errorPct" : 0.0,
    "meanResTime" : 20.0,
    "medianResTime" : 20.0,
    "minResTime" : 20.0,
    "maxResTime" : 20.0,
    "pct1ResTime" : 20.0,
    "pct2ResTime" : 20.0,
    "pct3ResTime" : 20.0,
    "throughput" : 50.0,
    "receivedKBytesPerSec" : 15.625,
    "sentKBytesPerSec" : 29.4921875
  },
  "1.1 Homepage" : {
    "transaction" : "1.1 Homepage",
    "sampleCount" : 1384,
    "errorCount" : 1,
    "errorPct" : 0.07225434,
    "meanResTime" : 453.73988439306373,
    "medianResTime" : 199.0,
    "minResTime" : 31.0,
    "maxResTime" : 9365.0,
    "pct1ResTime" : 756.5,
    "pct2ResTime" : 1581.0,
    "pct3ResTime" : 6675.400000000012,
    "throughput" : 0.3894962102919308,
    "receivedKBytesPerSec" : 160.78895295638952,
    "sentKBytesPerSec" : 1.9237421685651792
  },
  "1.3 Sign-in" : {
    "transaction" : "1.3 Sign-in",
    "sampleCount" : 1384,
    "errorCount" : 0,
    "errorPct" : 0.0,
    "meanResTime" : 506.6322254335255,
    "medianResTime" : 212.0,
    "minResTime" : 94.0,
    "maxResTime" : 11066.0,
    "pct1ResTime" : 910.5,
    "pct2ResTime" : 1811.0,
    "pct3ResTime" : 6613.800000000008,
    "throughput" : 0.387939129435442,
    "receivedKBytesPerSec" : 160.55373667116203,
    "sentKBytesPerSec" : 2.025536749278921
  },
  "Run some searches" : {
    "transaction" : "Run some searches",
    "sampleCount" : 19,
    "errorCount" : 0,
    "errorPct" : 0.0,
    "meanResTime" : 38309.94736842105,
    "medianResTime" : 37086.0,
    "minResTime" : 31808.0,
    "maxResTime" : 55386.0,
    "pct1ResTime" : 43519.0,
    "pct2ResTime" : 55386.0,
    "pct3ResTime" : 55386.0,
    "throughput" : 0.005567271243022231,
    "receivedKBytesPerSec" : 22.087871094339462,
    "sentKBytesPerSec" : 0.19421524165766382
  },
  "4.0 Vaccination for td_ipv" : {
    "transaction" : "4.0 Vaccination for td_ipv",
    "sampleCount" : 325,
    "errorCount" : 0,
    "errorPct" : 0.0,
    "meanResTime" : 2326.9999999999986,
    "medianResTime" : 1755.0,
    "minResTime" : 805.0,
    "maxResTime" : 19284.0,
    "pct1ResTime" : 4348.600000000001,
    "pct2ResTime" : 5764.0,
    "pct3ResTime" : 11536.320000000009,
    "throughput" : 0.10684378846376386,
    "receivedKBytesPerSec" : 131.38221803246176,
    "sentKBytesPerSec" : 1.8120549211385997
  },
  "2.1 Open session" : {
    "transaction" : "2.1 Open session",
    "sampleCount" : 1294,
    "errorCount" : 0,
    "errorPct" : 0.0,
    "meanResTime" : 1030.2449768160748,
    "medianResTime" : 664.5,
    "minResTime" : 245.0,
    "maxResTime" : 9512.0,
    "pct1ResTime" : 2075.0,
    "pct2ResTime" : 3144.5,
    "pct3ResTime" : 5473.299999999994,
    "throughput" : 0.4201825293689404,
    "receivedKBytesPerSec" : 174.42436703309247,
    "sentKBytesPerSec" : 1.7517725283509558
  },