{
  "7.3 Safe to vaccinate" : {
    "transaction" : "7.3 Safe to vaccinate",
    "sampleCount" : 26,
    "errorCount" : 0,
    "errorPct" : 0.0,
    "meanResTime" : 169.53846153846158,
    "medianResTime" : 121.5,
    "minResTime" : 98.0,
    "maxResTime" : 474.0,
    "pct1ResTime" : 385.3,
    "pct2ResTime" : 445.64999999999986,
    "pct3ResTime" : 474.0,
    "throughput" : 0.007723072024181533,
    "receivedKBytesPerSec" : 3.3077751554193986,
    "sentKBytesPerSec" : 0.05698753434910543
  },
  "2.0 Register attendance" : {
    "transaction" : "2.0 Register attendance",
    "sampleCount" : 1625,
    "errorCount" : 16,
    "errorPct" : 0.9846154,
    "meanResTime" : 1597.1440000000016,
    "medianResTime" : 1492.0,
    "minResTime" : 525.0,
    "maxResTime" : 6178.0,
    "pct1ResTime" : 2412.4,
    "pct2ResTime" : 2799.8999999999987,
    "pct3ResTime" : 3673.32,
    "throughput" : 0.4562771379602362,
    "receivedKBytesPerSec" : 922.7519605460844,
    "sentKBytesPerSec" : 16.132409243142927
  },
  "2.5 Select patient" : {
    "transaction" : "2.5 Select patient",
    "sampleCount" : 1624,
    "errorCount" : 0,
    "errorPct" : 0.0,
    "meanResTime" : 168.44211822660105,
    "medianResTime" : 116.0,
    "minResTime" : 71.0,
    "maxResTime" : 2394.0,
    "pct1ResTime" : 298.5,
    "pct2ResTime" : 440.0,
    "pct3ResTime" : 843.5,
    "throughput" : 0.45537608765204557,
    "receivedKBytesPerSec" : 191.97642085436013,
    "sentKBytesPerSec" : 3.259529676539271
  },
  "7.1 Full name search" : {
    "transaction" : "7.1 Full name search",
    "sampleCount" : 26,
    "errorCount" : 0,
    "errorPct" : 0.0,
    "meanResTime" : 811.0384615384617,
    "medianResTime" : 559.5,
    "minResTime" : 291.0,
    "maxResTime" : 4805.0,
    "pct1ResTime" : 1287.2000000000003,
    "pct2ResTime" : 3711.9499999999953,
    "pct3ResTime" : 4805.0,
    "throughput" : 0.007593171869400948,
    "receivedKBytesPerSec" : 3.26088457915137,
    "sentKBytesPerSec" : 0.05562346338660138
  },
  "2.3 Search by first/last name" : {
    "transaction" : "2.3 Search by first/last name",
    "sampleCount" : 1634,
    "errorCount" : 0,
    "errorPct" : 0.0,
    "meanResTime" : 155.1603427172582,
    "medianResTime" : 109.0,
    "minResTime" : 74.0,
    "maxResTime" : 1835.0,
    "pct1ResTime" : 270.5,
    "pct2ResTime" : 395.25,
    "pct3ResTime" : 663.5500000000006,
    "throughput" : 0.45715219363109216,
    "receivedKBytesPerSec" : 194.45937588172808,
    "sentKBytesPerSec" : 3.393997723628977
  },
  "4.0 Vaccination for flu" : {
    "transaction" : "4.0 Vaccination for flu",
    "sampleCount" : 406,
    "errorCount" : 0,
    "errorPct" : 0.0,
    "meanResTime" : 1510.5221674876848,
    "medianResTime" : 1358.5,
    "minResTime" : 225.0,
    "maxResTime" : 5107.0,
    "pct1ResTime" : 2214.6000000000004,
    "pct2ResTime" : 2715.7999999999993,
    "pct3ResTime" : 4307.390000000001,
    "throughput" : 0.11569080805185228,
    "receivedKBytesPerSec" : 142.62790908018613,
    "sentKBytesPerSec" : 3.2564592683938414
  },
  "4.0 Vaccination for hpv" : {
    "transaction" : "4.0 Vaccination for hpv",
    "sampleCount" : 429,
    "errorCount" : 0,
    "errorPct" : 0.0,
    "meanResTime" : 1501.2587412587422,
    "medianResTime" : 1350.0,
    "minResTime" : 231.0,
    "maxResTime" : 4231.0,
    "pct1ResTime" : 2170.0,
    "pct2ResTime" : 2684.0,
    "pct3ResTime" : 3908.1999999999985,
    "throughput" : 0.12315154270990233,
    "receivedKBytesPerSec" : 152.10411392267662,
    "sentKBytesPerSec" : 3.4823163673962174
  },
  "7.6 First name search" : {
    "transaction" : "7.6 First name search",
    "sampleCount" : 26,
    "errorCount" : 0,
    "errorPct" : 0.0,
    "meanResTime" : 1983.2307692307695,
    "medianResTime" : 1288.0,
    "minResTime" : 692.0,
    "maxResTime" : 9223.0,
    "pct1ResTime" : 6392.300000000003,
    "pct2ResTime" : 9119.4,
    "pct3ResTime" : 9223.0,
    "throughput" : 0.007714078281873013,
    "receivedKBytesPerSec" : 3.9846172586813795,
    "sentKBytesPerSec" : 0.056451499698409215
  },
  "1.2 Sign-in page" : {
    "transaction" : "1.2 Sign-in page",
    "sampleCount" : 1675,
    "errorCount" : 0,
    "errorPct" : 0.0,
    "meanResTime" : 225.23104477611966,
    "medianResTime" : 141.0,
    "minResTime" : 16.0,
    "maxResTime" : 4834.0,
    "pct1ResTime" : 429.0,
    "pct2ResTime" : 608.0,
    "pct3ResTime" : 1291.9600000000003,
    "throughput" : 0.46566660939662397,
    "receivedKBytesPerSec" : 195.11403485669214,
    "sentKBytesPerSec" : 3.9203182791311297
  },
  "2.4 Patient attending session" : {
    "transaction" : "2.4 Patient attending session",
    "sampleCount" : 1207,
    "errorCount" : 16,
    "errorPct" : 1.3256006,
    "meanResTime" : 829.5393537696768,
    "medianResTime" : 706.0,
    "minResTime" : 109.0,
    "maxResTime" : 5301.0,
    "pct1ResTime" : 1258.4,
    "pct2ResTime" : 1620.7999999999993,
    "pct3ResTime" : 2507.2000000000044,
    "throughput" : 0.37521119229806754,
    "receivedKBytesPerSec" : 160.09211636831625,
    "sentKBytesPerSec" : 3.2620242393191488
  },
  "Check STS status" : {
    "transaction" : "Check STS status",
    "sampleCount" : 1,
    "errorCount" : 0,
    "errorPct" : 0.0,
    "meanResTime" : 32.0,
    "medianResTime" : 32.0,
    "minResTime" : 32.0,
    "maxResTime" : 32.0,
    "pct1ResTime" : 32.0,
    "pct2ResTime" : 32.0,
    "pct3ResTime" : 32.0,
    "throughput" : 31.25,
    "receivedKBytesPerSec" : 9.796142578125,
    "sentKBytesPerSec" : 18.4326171875
  },
  "1.1 Homepage" : {
    "transaction" : "1.1 Homepage",
    "sampleCount" : 1679,
    "errorCount" : 0,
    "errorPct" : 0.0,
    "meanResTime" : 229.59976176295405,
    "medianResTime" : 149.0,
    "minResTime" : 29.0,
    "maxResTime" : 5205.0,
    "pct1ResTime" : 394.0,
    "pct2ResTime" : 598.0,
    "pct3ResTime" : 1411.000000000002,
    "throughput" : 0.4664145416886818,
    "receivedKBytesPerSec" : 195.22447134114944,
    "sentKBytesPerSec" : 3.9183152794757876
  },
  "1.3 Sign-in" : {
    "transaction" : "1.3 Sign-in",
    "sampleCount" : 1674,
    "errorCount" : 0,
    "errorPct" : 0.0,
    "meanResTime" : 237.47132616487474,
    "medianResTime" : 149.0,
    "minResTime" : 83.0,
    "maxResTime" : 5403.0,
    "pct1ResTime" : 432.0,
    "pct2ResTime" : 626.5,
    "pct3ResTime" : 1252.5,
    "throughput" : 0.4660609359361101,
    "receivedKBytesPerSec" : 195.48577176682406,
    "sentKBytesPerSec" : 4.0828382356677215
  },
  "Run some searches" : {
    "transaction" : "Run some searches",
    "sampleCount" : 26,
    "errorCount" : 1,
    "errorPct" : 3.8461537,
    "meanResTime" : 13618.423076923078,
    "medianResTime" : 9638.0,
    "minResTime" : 7652.0,
    "maxResTime" : 82053.0,
    "pct1ResTime" : 21927.2,
    "pct2ResTime" : 61338.24999999991,
    "pct3ResTime" : 82053.0,
    "throughput" : 0.007570514244650485,
    "receivedKBytesPerSec" : 29.792691647113145,
    "sentKBytesPerSec" : 0.4436505036976139
  },
  "4.0 Vaccination for td_ipv" : {
    "transaction" : "4.0 Vaccination for td_ipv",
    "sampleCount" : 382,
    "errorCount" : 0,
    "errorPct" : 0.0,
    "meanResTime" : 1497.6649214659672,
    "medianResTime" : 1317.0,
    "minResTime" : 236.0,
    "maxResTime" : 7925.0,
    "pct1ResTime" : 2093.7,
    "pct2ResTime" : 2602.999999999998,
    "pct3ResTime" : 4543.0,
    "throughput" : 0.11039907241658946,
    "receivedKBytesPerSec" : 137.07602576940494,
    "sentKBytesPerSec" : 3.1213474447925162
  },
  "2.1 Open session" : {
    "transaction" : "2.1 Open session",
    "sampleCount" : 1640,
    "errorCount" : 0,
    "errorPct" : 0.0,
    "meanResTime" : 476.8853658536583,
    "medianResTime" : 400.5,
    "minResTime" : 126.0,
    "maxResTime" : 4377.0,
    "pct1ResTime" : 817.8000000000002,
    "pct2ResTime" : 994.7999999999993,
    "pct3ResTime" : 1690.3399999999979,
    "throughput" : 0.4578026033335846,
    "receivedKBytesPerSec" : 192.11052577643252,
    "sentKBytesPerSec" : 3.279880484995101
  },