{
  "1.2 Sign-in page" : {
    "transaction" : "1.2 Sign-in page",
    "sampleCount" : 35,
    "errorCount" : 0,
    "errorPct" : 0.0,
    "meanResTime" : 159.94285714285718,
    "medianResTime" : 159.0,
    "minResTime" : 154.0,
    "maxResTime" : 172.0,
    "pct1ResTime" : 166.8,
    "pct2ResTime" : 171.2,
    "pct3ResTime" : 172.0,
    "throughput" : 0.6131637497591143,
    "receivedKBytesPerSec" : 3.695748694837161,
    "sentKBytesPerSec" : 0.3706526963875895
  },
  "2.0 Register attendance" : {
    "transaction" : "2.0 Register attendance",
    "sampleCount" : 100,
    "errorCount" : 100,
    "errorPct" : 100.0,
    "meanResTime" : 0.33,
    "medianResTime" : 0.0,
    "minResTime" : -1.0,
    "maxResTime" : 3.0,
    "pct1ResTime" : 2.0,
    "pct2ResTime" : 2.0,
    "pct3ResTime" : 2.989999999999995,
    "throughput" : 1.667194611627015,
    "receivedKBytesPerSec" : 1.9309500091695704,
    "sentKBytesPerSec" : 0.0
  },
  "1.0 Login" : {
    "transaction" : "1.0 Login",
    "sampleCount" : 35,
    "errorCount" : 0,
    "errorPct" : 0.0,
    "meanResTime" : 1826.3714285714286,
    "medianResTime" : 1787.0,
    "minResTime" : 1713.0,
    "maxResTime" : 2559.0,
    "pct1ResTime" : 1985.1999999999998,
    "pct2ResTime" : 2177.399999999998,
    "pct3ResTime" : 2559.0,
    "throughput" : 0.5870414786736218,
    "receivedKBytesPerSec" : 27.08990042308918,
    "sentKBytesPerSec" : 2.8027790910501333
  },
  "1.5 Open Sessions list" : {
    "transaction" : "1.5 Open Sessions list",
    "sampleCount" : 35,
    "errorCount" : 0,
    "errorPct" : 0.0,
    "meanResTime" : 207.45714285714283,
    "medianResTime" : 194.0,
    "minResTime" : 185.0,
    "maxResTime" : 375.0,
    "pct1ResTime" : 234.6,
    "pct2ResTime" : 279.7999999999995,
    "pct3ResTime" : 375.0,
    "throughput" : 0.5804985653392599,
    "receivedKBytesPerSec" : 6.315189470585309,
    "sentKBytesPerSec" : 0.34807238195147033
  },
  "Total" : {
    "transaction" : "Total",
    "sampleCount" : 275,
    "errorCount" : 100,
    "errorPct" : 36.363636,
    "meanResTime" : 232.44727272727266,
    "medianResTime" : 185.0,
    "minResTime" : 0.0,
    "maxResTime" : 1055.0,
    "pct1ResTime" : 570.4,
    "pct2ResTime" : 617.1999999999999,
    "pct3ResTime" : 784.9600000000012,
    "throughput" : 2.2811732696263856,
    "receivedKBytesPerSec" : 14.35851139446048,
    "sentKBytesPerSec" : 1.3861610938640585
  },
  "1.4 Select Organisations" : {
    "transaction" : "1.4 Select Organisations",
    "sampleCount" : 35,
    "errorCount" : 0,
    "errorPct" : 0.0,
    "meanResTime" : 353.8571428571429,
    "medianResTime" : 351.0,
    "minResTime" : 338.0,
    "maxResTime" : 391.0,
    "pct1ResTime" : 368.2,
    "pct2ResTime" : 376.5999999999999,
    "pct3ResTime" : 391.0,
    "throughput" : 0.5656657077286098,
    "receivedKBytesPerSec" : 8.12923491692795,
    "sentKBytesPerSec" : 0.8197733498723211
  },
  "1.1 Homepage" : {
    "transaction" : "1.1 Homepage",
    "sampleCount" : 35,
    "errorCount" : 0,
    "errorPct" : 0.0,
    "meanResTime" : 479.4857142857144,
    "medianResTime" : 469.0,
    "minResTime" : 459.0,
    "maxResTime" : 754.0,
    "pct1ResTime" : 486.8,
    "pct2ResTime" : 564.399999999999,
    "pct3ResTime" : 754.0,
    "throughput" : 0.6004151441854082,
    "receivedKBytesPerSec" : 3.0994086446914726,
    "sentKBytesPerSec" : 0.3265930032336644
  },
  "1.3 Sign-in" : {
    "transaction" : "1.3 Sign-in",
    "sampleCount" : 35,
    "errorCount" : 0,
    "errorPct" : 0.0,
    "meanResTime" : 625.6285714285715,
    "medianResTime" : 606.0,
    "minResTime" : 555.0,
    "maxResTime" : 1055.0,
    "pct1ResTime" : 701.8,
    "pct2ResTime" : 917.3999999999993,
    "pct3ResTime" : 1055.0,
    "throughput" : 0.5620864649579238,
    "receivedKBytesPerSec" : 5.456190880548596,
    "sentKBytesPerSec" : 0.886493789948288
  },
  "2.1 Open session" : {
    "transaction" : "2.1 Open session",
    "sampleCount" : 100,
    "errorCount" : 100,
    "errorPct" : 100.0,
    "meanResTime" : 0.0,
    "medianResTime" : 0.0,
    "minResTime" : 0.0,
    "maxResTime" : 0.0,
    "pct1ResTime" : 0.0,
    "pct2ResTime" : 0.0,
    "pct3ResTime" : 0.0,
    "throughput" : 1.6489405556929673,
    "receivedKBytesPerSec" : 1.9098081045428312,
    "sentKBytesPerSec" : 0.0
  }
}