{
  "5.0 Consent for menacwy" : {
    "transaction" : "5.0 Consent for menacwy",
    "sampleCount" : 5,
    "errorCount" : 0,
    "errorPct" : 0.0,
    "meanResTime" : 7105.4,
    "medianResTime" : 7211.0,
    "minResTime" : 6238.0,
    "maxResTime" : 7718.0,
    "pct1ResTime" : 7718.0,
    "pct2ResTime" : 7718.0,
    "pct3ResTime" : 7718.0,
    "throughput" : 0.0024917734100865993,
    "receivedKBytesPerSec" : 0.5623942320055337,
    "sentKBytesPerSec" : 0.039959869366287204
  },
  "2.0 Register attendance" : {
    "transaction" : "2.0 Register attendance",
    "sampleCount" : 549,
    "errorCount" : 0,
    "errorPct" : 0.0,
    "meanResTime" : 5211.994535519126,
    "medianResTime" : 5106.0,
    "minResTime" : 3404.0,
    "maxResTime" : 8445.0,
    "pct1ResTime" : 6035.0,
    "pct2ResTime" : 6399.0,
    "pct3ResTime" : 7003.5,
    "throughput" : 0.1566420509437612,
    "receivedKBytesPerSec" : 36.07464627678394,
    "sentKBytesPerSec" : 0.6802531362470562
  },
  "2.5 Select patient" : {
    "transaction" : "2.5 Select patient",
    "sampleCount" : 543,
    "errorCount" : 0,
    "errorPct" : 0.0,
    "meanResTime" : 524.2486187845303,
    "medianResTime" : 447.0,
    "minResTime" : 403.0,
    "maxResTime" : 1491.0,
    "pct1ResTime" : 834.6000000000008,
    "pct2ResTime" : 902.3999999999999,
    "pct3ResTime" : 1199.3999999999965,
    "throughput" : 0.15585238626363565,
    "receivedKBytesPerSec" : 4.0474962703418935,
    "sentKBytesPerSec" : 0.108061713132013
  },
  "1.4 Select Organisations" : {
    "transaction" : "1.4 Select Organisations",
    "sampleCount" : 70,
    "errorCount" : 0,
    "errorPct" : 0.0,
    "meanResTime" : 593.3714285714286,
    "medianResTime" : 555.0,
    "minResTime" : 526.0,
    "maxResTime" : 889.0,
    "pct1ResTime" : 760.5999999999999,
    "pct2ResTime" : 803.8000000000001,
    "pct3ResTime" : 889.0,
    "throughput" : 0.07981664975313851,
    "receivedKBytesPerSec" : 1.1468966645192187,
    "sentKBytesPerSec" : 0.115360001596333
  },
  "2.5 Select menacwy" : {
    "transaction" : "2.5 Select menacwy",
    "sampleCount" : 376,
    "errorCount" : 0,
    "errorPct" : 0.0,
    "meanResTime" : 567.6276595744686,
    "medianResTime" : 457.0,
    "minResTime" : 403.0,
    "maxResTime" : 1369.0,
    "pct1ResTime" : 891.6,
    "pct2ResTime" : 981.7499999999999,
    "pct3ResTime" : 1138.2100000000005,
    "throughput" : 0.11479818875325808,
    "receivedKBytesPerSec" : 2.6416770964904726,
    "sentKBytesPerSec" : 0.08004483082990847
  },
  "2.3 Search by first/last name" : {
    "transaction" : "2.3 Search by first/last name",
    "sampleCount" : 550,
    "errorCount" : 0,
    "errorPct" : 0.0,
    "meanResTime" : 1103.3272727272724,
    "medianResTime" : 997.5,
    "minResTime" : 719.0,
    "maxResTime" : 2520.0,
    "pct1ResTime" : 1588.8000000000002,
    "pct2ResTime" : 1834.6999999999996,
    "pct3ResTime" : 2207.0300000000007,
    "throughput" : 0.15660565500172835,
    "receivedKBytesPerSec" : 10.136049372050476,
    "sentKBytesPerSec" : 0.13511353091367156
  },
  "2.5 Select td_ipv" : {
    "transaction" : "2.5 Select td_ipv",
    "sampleCount" : 365,
    "errorCount" : 0,
    "errorPct" : 0.0,
    "meanResTime" : 589.8904109589041,
    "medianResTime" : 473.0,
    "minResTime" : 403.0,
    "maxResTime" : 1593.0,
    "pct1ResTime" : 906.0,
    "pct2ResTime" : 1001.2999999999995,
    "pct3ResTime" : 1272.7799999999984,
    "throughput" : 0.11506097758958915,
    "receivedKBytesPerSec" : 2.688027430950804,
    "sentKBytesPerSec" : 0.08011570021618854
  },
  "4.0 Vaccination for flu" : {
    "transaction" : "4.0 Vaccination for flu",
    "sampleCount" : 530,
    "errorCount" : 0,
    "errorPct" : 0.0,
    "meanResTime" : 2807.450943396231,
    "medianResTime" : 2745.5,
    "minResTime" : 1465.0,
    "maxResTime" : 4220.0,
    "pct1ResTime" : 3137.5,
    "pct2ResTime" : 3317.2,
    "pct3ResTime" : 3881.2099999999996,
    "throughput" : 0.1549167205708652,
    "receivedKBytesPerSec" : 8.116124155649066,
    "sentKBytesPerSec" : 0.9133509860449264
  },
  "5.8 Consent confirm" : {
    "transaction" : "5.8 Consent confirm",
    "sampleCount" : 32,
    "errorCount" : 0,
    "errorPct" : 0.0,
    "meanResTime" : 1378.78125,
    "medianResTime" : 1297.5,
    "minResTime" : 1047.0,
    "maxResTime" : 2069.0,
    "pct1ResTime" : 1882.8999999999999,
    "pct2ResTime" : 2059.25,
    "pct3ResTime" : 2069.0,
    "throughput" : 0.009845287460857291,
    "receivedKBytesPerSec" : 0.9777339714297449,
    "sentKBytesPerSec" : 0.021694905752139965
  },
  "4.0 Vaccination for hpv" : {
    "transaction" : "4.0 Vaccination for hpv",
    "sampleCount" : 512,
    "errorCount" : 0,
    "errorPct" : 0.0,
    "meanResTime" : 2817.470703125001,
    "medianResTime" : 2770.5,
    "minResTime" : 1174.0,
    "maxResTime" : 4068.0,
    "pct1ResTime" : 3199.1,
    "pct2ResTime" : 3437.45,
    "pct3ResTime" : 3818.8500000000004,
    "throughput" : 0.15452811128921415,
    "receivedKBytesPerSec" : 7.896667137337311,
    "sentKBytesPerSec" : 0.9100313643775882
  },
  "1.2 Sign-in page" : {
    "transaction" : "1.2 Sign-in page",
    "sampleCount" : 70,
    "errorCount" : 0,
    "errorPct" : 0.0,
    "meanResTime" : 156.2714285714286,
    "medianResTime" : 155.5,
    "minResTime" : 153.0,
    "maxResTime" : 171.0,
    "pct1ResTime" : 159.9,
    "pct2ResTime" : 163.60000000000002,
    "pct3ResTime" : 171.0,
    "throughput" : 0.07896907007151213,
    "receivedKBytesPerSec" : 0.475896612706349,
    "sentKBytesPerSec" : 0.04758194944738573
  },
  "5.9 Patient home page" : {
    "transaction" : "5.9 Patient home page",
    "sampleCount" : 32,
    "errorCount" : 0,
    "errorPct" : 0.0,
    "meanResTime" : 513.84375,
    "medianResTime" : 465.5,
    "minResTime" : 413.0,
    "maxResTime" : 899.0,
    "pct1ResTime" : 733.0999999999999,
    "pct2ResTime" : 875.5999999999999,
    "pct3ResTime" : 899.0,
    "throughput" : 0.009862552995812113,
    "receivedKBytesPerSec" : 0.2406724182687151,
    "sentKBytesPerSec" : 0.007359292092913879
  },
  "2.4 Patient attending session" : {
    "transaction" : "2.4 Patient attending session",
    "sampleCount" : 545,
    "errorCount" : 0,
    "errorPct" : 0.0,
    "meanResTime" : 1222.7137614678884,
    "medianResTime" : 1156.0,
    "minResTime" : 934.0,
    "maxResTime" : 3296.0,
    "pct1ResTime" : 1512.2,
    "pct2ResTime" : 1706.0,
    "pct3ResTime" : 2194.7799999999997,
    "throughput" : 0.15571570940077167,
    "receivedKBytesPerSec" : 9.0033501734873,
    "sentKBytesPerSec" : 0.23144463838669382
  },
  "5.4 Consent route" : {
    "transaction" : "5.4 Consent route",
    "sampleCount" : 32,
    "errorCount" : 0,
    "errorPct" : 0.0,
    "meanResTime" : 622.9062500000002,
    "medianResTime" : 579.5,
    "minResTime" : 545.0,
    "maxResTime" : 1104.0,
    "pct1ResTime" : 758.0,
    "pct2ResTime" : 883.6499999999993,
    "pct3ResTime" : 1104.0,
    "throughput" : 0.009840597693302398,
    "receivedKBytesPerSec" : 0.11189235270239727,
    "sentKBytesPerSec" : 0.015611077572355301
  },
  "1.1 Homepage" : {
    "transaction" : "1.1 Homepage",
    "sampleCount" : 70,
    "errorCount" : 0,
    "errorPct" : 0.0,
    "meanResTime" : 475.48571428571427,
    "medianResTime" : 463.0,
    "minResTime" : 454.0,
    "maxResTime" : 661.0,
    "pct1ResTime" : 504.9,
    "pct2ResTime" : 519.85,
    "pct3ResTime" : 661.0,
    "throughput" : 0.07890497924235439,
    "receivedKBytesPerSec" : 0.4072390774373466,
    "sentKBytesPerSec" : 0.04276588230420575
  },
  "1.3 Sign-in" : {
    "transaction" : "1.3 Sign-in",
    "sampleCount" : 70,
    "errorCount" : 0,
    "errorPct" : 0.0,
    "meanResTime" : 579.5,
    "medianResTime" : 548.5,
    "minResTime" : 531.0,
    "maxResTime" : 1130.0,
    "pct1ResTime" : 649.8,
    "pct2ResTime" : 709.0000000000001,
    "pct3ResTime" : 1130.0,
    "throughput" : 0.07985015547965989,
    "receivedKBytesPerSec" : 0.7748740185560353,
    "sentKBytesPerSec" : 0.12562363327903522
  },