{
  "4.3 Vaccination confirm" : {
    "transaction" : "4.3 Vaccination confirm",
    "sampleCount" : 1557,
    "errorCount" : 0,
    "errorPct" : 0.0,
    "meanResTime" : 1278.3230571612112,
    "medianResTime" : 915.0,
    "minResTime" : 543.0,
    "maxResTime" : 8525.0,
    "pct1ResTime" : 2355.0,
    "pct2ResTime" : 3157.0,
    "pct3ResTime" : 5634.3600000000115,
    "throughput" : 0.450175125930492,
    "receivedKBytesPerSec" : 188.56523923622095,
    "sentKBytesPerSec" : 4.606320535477819
  },
  "4.1 Vaccination questions" : {
    "transaction" : "4.1 Vaccination questions",
    "sampleCount" : 1583,
    "errorCount" : 0,
    "errorPct" : 0.0,
    "meanResTime" : 323.44851547694253,
    "medianResTime" : 150.0,
    "minResTime" : 84.0,
    "maxResTime" : 4072.0,
    "pct1ResTime" : 781.0,
    "pct2ResTime" : 1245.1999999999996,
    "pct3ResTime" : 2297.32,
    "throughput" : 0.45169167520543696,
    "receivedKBytesPerSec" : 185.1250600482601,
    "sentKBytesPerSec" : 4.206119300905837
  },
  "2.0 Register attendance" : {
    "transaction" : "2.0 Register attendance",
    "sampleCount" : 1610,
    "errorCount" : 16,
    "errorPct" : 0.99378884,
    "meanResTime" : 2260.0962732919234,
    "medianResTime" : 1876.0,
    "minResTime" : 428.0,
    "maxResTime" : 9239.0,
    "pct1ResTime" : 4004.6000000000004,
    "pct2ResTime" : 5006.9,
    "pct3ResTime" : 7244.459999999998,
    "throughput" : 0.45057071357527584,
    "receivedKBytesPerSec" : 905.6450449198537,
    "sentKBytesPerSec" : 15.83209078751505
  },
  "Reset counters" : {
    "transaction" : "Reset counters",
    "sampleCount" : 1,
    "errorCount" : 0,
    "errorPct" : 0.0,
    "meanResTime" : 39.0,
    "medianResTime" : 39.0,
    "minResTime" : 39.0,
    "maxResTime" : 39.0,
    "pct1ResTime" : 39.0,
    "pct2ResTime" : 39.0,
    "pct3ResTime" : 39.0,
    "throughput" : 25.64102564102564,
    "receivedKBytesPerSec" : 0.0,
    "sentKBytesPerSec" : 0.0
  },
  "1.0 Login" : {
    "transaction" : "1.0 Login",
    "sampleCount" : 1624,
    "errorCount" : 0,
    "errorPct" : 0.0,
    "meanResTime" : 1708.6083743842357,
    "medianResTime" : 1415.5,
    "minResTime" : 385.0,
    "maxResTime" : 7544.0,
    "pct1ResTime" : 3002.0,
    "pct2ResTime" : 3728.25,
    "pct3ResTime" : 5093.25,
    "throughput" : 0.4522716905213991,
    "receivedKBytesPerSec" : 781.900110095016,
    "sentKBytesPerSec" : 14.795162482660364
  },
  "4.0 Vaccination for menacwy" : {
    "transaction" : "4.0 Vaccination for menacwy",
    "sampleCount" : 385,
    "errorCount" : 0,
    "errorPct" : 0.0,
    "meanResTime" : 1978.4051948051942,
    "medianResTime" : 1527.0,
    "minResTime" : 634.0,
    "maxResTime" : 8473.0,
    "pct1ResTime" : 3655.800000000002,
    "pct2ResTime" : 4283.5999999999985,
    "pct3ResTime" : 7250.819999999999,
    "throughput" : 0.1108396579113893,
    "receivedKBytesPerSec" : 136.9277071025513,
    "sentKBytesPerSec" : 3.1253162349006156
  },
  "2.5 Select patient" : {
    "transaction" : "2.5 Select patient",
    "sampleCount" : 1604,
    "errorCount" : 0,
    "errorPct" : 0.0,
    "meanResTime" : 214.85411471321683,
    "medianResTime" : 105.0,
    "minResTime" : 66.0,
    "maxResTime" : 2955.0,
    "pct1ResTime" : 451.5,
    "pct2ResTime" : 805.75,
    "pct3ResTime" : 1939.900000000002,
    "throughput" : 0.45183569518893574,
    "receivedKBytesPerSec" : 190.303807281759,
    "sentKBytesPerSec" : 3.23429454801712
  },
  "Initialise vaccination list" : {
    "transaction" : "Initialise vaccination list",
    "sampleCount" : 1,
    "errorCount" : 0,
    "errorPct" : 0.0,
    "meanResTime" : 42.0,
    "medianResTime" : 42.0,
    "minResTime" : 42.0,
    "maxResTime" : 42.0,
    "pct1ResTime" : 42.0,
    "pct2ResTime" : 42.0,
    "pct3ResTime" : 42.0,
    "throughput" : 23.809523809523807,
    "receivedKBytesPerSec" : 6.8359375,
    "sentKBytesPerSec" : 14.694940476190474
  },
  "2.3 Search by first/last name" : {
    "transaction" : "2.3 Search by first/last name",
    "sampleCount" : 1618,
    "errorCount" : 0,
    "errorPct" : 0.0,
    "meanResTime" : 208.5896168108775,
    "medianResTime" : 108.0,
    "minResTime" : 75.0,
    "maxResTime" : 3044.0,
    "pct1ResTime" : 406.8000000000011,
    "pct2ResTime" : 730.3499999999997,
    "pct3ResTime" : 1559.2999999999984,
    "throughput" : 0.4529013397258295,
    "receivedKBytesPerSec" : 192.70563323551613,
    "sentKBytesPerSec" : 3.3625517320992007
  },
  "4.0 Vaccination for flu" : {
    "transaction" : "4.0 Vaccination for flu",
    "sampleCount" : 396,
    "errorCount" : 0,
    "errorPct" : 0.0,
    "meanResTime" : 1885.9343434343432,
    "medianResTime" : 1393.0,
    "minResTime" : 254.0,
    "maxResTime" : 8441.0,
    "pct1ResTime" : 3469.9,
    "pct2ResTime" : 4613.15,
    "pct3ResTime" : 6466.639999999959,
    "throughput" : 0.11327768995896258,
    "receivedKBytesPerSec" : 139.90843502938068,
    "sentKBytesPerSec" : 3.193951268138018
  },
  "4.0 Vaccination for hpv" : {
    "transaction" : "4.0 Vaccination for hpv",
    "sampleCount" : 410,
    "errorCount" : 0,
    "errorPct" : 0.0,
    "meanResTime" : 1818.7658536585375,
    "medianResTime" : 1489.5,
    "minResTime" : 227.0,
    "maxResTime" : 9139.0,
    "pct1ResTime" : 3163.400000000002,
    "pct2ResTime" : 3884.049999999998,
    "pct3ResTime" : 6751.759999999991,
    "throughput" : 0.11804091240443004,
    "receivedKBytesPerSec" : 145.69675555915117,
    "sentKBytesPerSec" : 3.334520538956812
  },
  "1.2 Sign-in page" : {
    "transaction" : "1.2 Sign-in page",
    "sampleCount" : 1626,
    "errorCount" : 0,
    "errorPct" : 0.0,
    "meanResTime" : 266.9809348093483,
    "medianResTime" : 126.5,
    "minResTime" : 14.0,
    "maxResTime" : 3978.0,
    "pct1ResTime" : 634.7999999999997,
    "pct2ResTime" : 1017.6499999999999,
    "pct3ResTime" : 2070.450000000003,
    "throughput" : 0.4523989245926671,
    "receivedKBytesPerSec" : 188.75885264278807,
    "sentKBytesPerSec" : 3.8060533696659844
  },
  "Debug Sampler" : {
    "transaction" : "Debug Sampler",
    "sampleCount" : 1617,
    "errorCount" : 0,
    "errorPct" : 0.0,
    "meanResTime" : 0.29870129870129886,
    "medianResTime" : 0.0,
    "minResTime" : 0.0,
    "maxResTime" : 3.0,
    "pct1ResTime" : 1.0,
    "pct2ResTime" : 1.0,
    "pct3ResTime" : 1.0,
    "throughput" : 0.4526737565958934,
    "receivedKBytesPerSec" : 2.6216141238271287,
    "sentKBytesPerSec" : 0.0
  },
  "2.4 Patient attending session" : {
    "transaction" : "2.4 Patient attending session",
    "sampleCount" : 1156,
    "errorCount" : 16,
    "errorPct" : 1.384083,
    "meanResTime" : 1031.67820069204,
    "medianResTime" : 716.5,
    "minResTime" : 179.0,
    "maxResTime" : 6585.0,
    "pct1ResTime" : 2029.6999999999996,
    "pct2ResTime" : 2630.1499999999996,
    "pct3ResTime" : 4404.200000000009,
    "throughput" : 0.3248675729048079,
    "receivedKBytesPerSec" : 138.5369777735323,
    "sentKBytesPerSec" : 2.8241537854870753
  },
  "Check STS status" : {
    "transaction" : "Check STS status",
    "sampleCount" : 1,
    "errorCount" : 0,
    "errorPct" : 0.0,
    "meanResTime" : 26.0,
    "medianResTime" : 26.0,
    "minResTime" : 26.0,
    "maxResTime" : 26.0,
    "pct1ResTime" : 26.0,
    "pct2ResTime" : 26.0,
    "pct3ResTime" : 26.0,
    "throughput" : 38.46153846153847,
    "receivedKBytesPerSec" : 12.056790865384617,
    "sentKBytesPerSec" : 22.686298076923077
  },
  "Total" : {
    "transaction" : "Total",
    "sampleCount" : 20455,
    "errorCount" : 16,
    "errorPct" : 0.07822049,
    "meanResTime" : 461.32016621853035,
    "medianResTime" : 178.0,
    "minResTime" : 0.0,
    "maxResTime" : 8525.0,
    "pct1ResTime" : 1186.9000000000015,
    "pct2ResTime" : 1693.0,
    "pct3ResTime" : 3055.9100000000144,
    "throughput" : 5.468292192599373,
    "receivedKBytesPerSec" : 2141.1657977842824,
    "sentKBytesPerSec" : 41.30245298008892
  },
  "1.4 Open Sessions list" : {
    "transaction" : "1.4 Open Sessions list",
    "sampleCount" : 1622,