{
  "4.3 Vaccination confirm" : {
    "transaction" : "4.3 Vaccination confirm",
    "sampleCount" : 65,
    "errorCount" : 0,
    "errorPct" : 0.0,
    "meanResTime" : 1170.9538461538457,
    "medianResTime" : 1074.0,
    "minResTime" : 932.0,
    "maxResTime" : 1538.0,
    "pct1ResTime" : 1458.6,
    "pct2ResTime" : 1508.4,
    "pct3ResTime" : 1538.0,
    "throughput" : 0.7092353351955307,
    "receivedKBytesPerSec" : 13.873126919709104,
    "sentKBytesPerSec" : 1.6500164010671265
  },
  "Prevent multiple runs" : {
    "transaction" : "Prevent multiple runs",
    "sampleCount" : 1,
    "errorCount" : 0,
    "errorPct" : 0.0,
    "meanResTime" : 17.0,
    "medianResTime" : 17.0,
    "minResTime" : 17.0,
    "maxResTime" : 17.0,
    "pct1ResTime" : 17.0,
    "pct2ResTime" : 17.0,
    "pct3ResTime" : 17.0,
    "throughput" : 58.8235294117647,
    "receivedKBytesPerSec" : 0.0,
    "sentKBytesPerSec" : 0.0
  },
  "4.1 Vaccination questions" : {
    "transaction" : "4.1 Vaccination questions",
    "sampleCount" : 119,
    "errorCount" : 54,
    "errorPct" : 45.37815,
    "meanResTime" : 492.3781512605044,
    "medianResTime" : 505.0,
    "minResTime" : 136.0,
    "maxResTime" : 1816.0,
    "pct1ResTime" : 804.0,
    "pct2ResTime" : 837.0,
    "pct3ResTime" : 1762.5999999999992,
    "throughput" : 0.7430580272121586,
    "receivedKBytesPerSec" : 6.218470523933961,
    "sentKBytesPerSec" : 1.3256209842084559
  },
  "2.0 Register attendance" : {
    "transaction" : "2.0 Register attendance",
    "sampleCount" : 99,
    "errorCount" : 33,
    "errorPct" : 33.333332,
    "meanResTime" : 24670.575757575753,
    "medianResTime" : 26786.0,
    "minResTime" : 0.0,
    "maxResTime" : 69933.0,
    "pct1ResTime" : 52869.0,
    "pct2ResTime" : 58213.0,
    "pct3ResTime" : 69933.0,
    "throughput" : 0.790450716595473,
    "receivedKBytesPerSec" : 185.44016228192743,
    "sentKBytesPerSec" : 2.3837185366681304
  },
  "1.0 Login" : {
    "transaction" : "1.0 Login",
    "sampleCount" : 70,
    "errorCount" : 1,
    "errorPct" : 1.4285715,
    "meanResTime" : 14765.257142857143,
    "medianResTime" : 8230.0,
    "minResTime" : 1885.0,
    "maxResTime" : 49845.0,
    "pct1ResTime" : 45221.399999999994,
    "pct2ResTime" : 48196.05000000001,
    "pct3ResTime" : 49845.0,
    "throughput" : 0.6598731158265854,
    "receivedKBytesPerSec" : 124.0660144135142,
    "sentKBytesPerSec" : 3.133357042613663
  },
  "Completed sessions list" : {
    "transaction" : "Completed sessions list",
    "sampleCount" : 1,
    "errorCount" : 0,
    "errorPct" : 0.0,
    "meanResTime" : 451.0,
    "medianResTime" : 451.0,
    "minResTime" : 451.0,
    "maxResTime" : 451.0,
    "pct1ResTime" : 451.0,
    "pct2ResTime" : 451.0,
    "pct3ResTime" : 451.0,
    "throughput" : 2.2172949002217295,
    "receivedKBytesPerSec" : 33.978312084257205,
    "sentKBytesPerSec" : 1.3468334257206207
  },
  "1.4 Select Organisations" : {
    "transaction" : "1.4 Select Organisations",
    "sampleCount" : 69,
    "errorCount" : 0,
    "errorPct" : 0.0,
    "meanResTime" : 4253.478260869566,
    "medianResTime" : 498.0,
    "minResTime" : 461.0,
    "maxResTime" : 27993.0,
    "pct1ResTime" : 18756.0,
    "pct2ResTime" : 23550.0,
    "pct3ResTime" : 27993.0,
    "throughput" : 0.738742211087557,
    "receivedKBytesPerSec" : 10.614369288800026,
    "sentKBytesPerSec" : 1.0677133519624846
  },
  "Scheduled sessions list" : {
    "transaction" : "Scheduled sessions list",
    "sampleCount" : 1,
    "errorCount" : 0,
    "errorPct" : 0.0,
    "meanResTime" : 338.0,
    "medianResTime" : 338.0,
    "minResTime" : 338.0,
    "maxResTime" : 338.0,
    "pct1ResTime" : 338.0,
    "pct2ResTime" : 338.0,
    "pct3ResTime" : 338.0,
    "throughput" : 2.9585798816568047,
    "receivedKBytesPerSec" : 34.06700721153846,
    "sentKBytesPerSec" : 1.7971061390532543
  },
  "2.3 Search by first/last name" : {
    "transaction" : "2.3 Search by first/last name",
    "sampleCount" : 66,
    "errorCount" : 0,
    "errorPct" : 0.0,
    "meanResTime" : 7086.424242424241,
    "medianResTime" : 5317.0,
    "minResTime" : 1137.0,
    "maxResTime" : 18948.0,
    "pct1ResTime" : 15055.4,
    "pct2ResTime" : 15804.8,
    "pct3ResTime" : 18948.0,
    "throughput" : 0.7057087561348545,
    "receivedKBytesPerSec" : 71.09689929215274,
    "sentKBytesPerSec" : 0.6084942006244454
  },
  "5.9 Patient return to menacwy vaccination page" : {
    "transaction" : "5.9 Patient return to menacwy vaccination page",
    "sampleCount" : 53,
    "errorCount" : 0,
    "errorPct" : 0.0,
    "meanResTime" : 475.377358490566,
    "medianResTime" : 403.0,
    "minResTime" : 357.0,
    "maxResTime" : 961.0,
    "pct1ResTime" : 795.4000000000001,
    "pct2ResTime" : 854.5999999999997,
    "pct3ResTime" : 961.0,
    "throughput" : 0.577103159912019,
    "receivedKBytesPerSec" : 15.79925172246238,
    "sentKBytesPerSec" : 0.4023941954855289
  },
  "4.0 Vaccination" : {
    "transaction" : "4.0 Vaccination",
    "sampleCount" : 119,
    "errorCount" : 54,
    "errorPct" : 45.37815,
    "meanResTime" : 1456.6050420168062,
    "medianResTime" : 2296.0,
    "minResTime" : 136.0,
    "maxResTime" : 3792.0,
    "pct1ResTime" : 2549.0,
    "pct2ResTime" : 2622.0,
    "pct3ResTime" : 3740.1999999999994,
    "throughput" : 0.6479752135867879,
    "receivedKBytesPerSec" : 19.040520018826676,
    "sentKBytesPerSec" : 2.5341682281825655
  },
  "1.2 Sign-in page" : {
    "transaction" : "1.2 Sign-in page",
    "sampleCount" : 70,
    "errorCount" : 0,
    "errorPct" : 0.0,
    "meanResTime" : 147.18571428571425,
    "medianResTime" : 143.0,
    "minResTime" : 138.0,
    "maxResTime" : 331.0,
    "pct1ResTime" : 150.0,
    "pct2ResTime" : 170.2000000000001,
    "pct3ResTime" : 331.0,
    "throughput" : 1.1627713825351738,
    "receivedKBytesPerSec" : 7.007287306273982,
    "sentKBytesPerSec" : 0.7006151787345725
  },
  "2.5 Patient return to consent page" : {
    "transaction" : "2.5 Patient return to consent page",
    "sampleCount" : 66,
    "errorCount" : 0,
    "errorPct" : 0.0,
    "meanResTime" : 1459.7727272727263,
    "medianResTime" : 850.5,
    "minResTime" : 353.0,
    "maxResTime" : 9663.0,
    "pct1ResTime" : 3569.6000000000004,
    "pct2ResTime" : 6442.349999999999,
    "pct3ResTime" : 9663.0,
    "throughput" : 0.764455151964418,
    "receivedKBytesPerSec" : 15.608508291732303,
    "sentKBytesPerSec" : 0.530042146381579
  },
  "Debug Sampler" : {
    "transaction" : "Debug Sampler",
    "sampleCount" : 131,
    "errorCount" : 0,
    "errorPct" : 0.0,
    "meanResTime" : 0.29770992366412213,
    "medianResTime" : 0.0,
    "minResTime" : 0.0,
    "maxResTime" : 3.0,
    "pct1ResTime" : 1.0,
    "pct2ResTime" : 1.0,
    "pct3ResTime" : 2.3600000000000136,
    "throughput" : 0.6256776184130715,
    "receivedKBytesPerSec" : 1.7549841147736338,
    "sentKBytesPerSec" : 0.0
  },
  "2.4 Patient attending session" : {
    "transaction" : "2.4 Patient attending session",
    "sampleCount" : 66,
    "errorCount" : 0,
    "errorPct" : 0.0,
    "meanResTime" : 7978.606060606062,
    "medianResTime" : 4941.5,
    "minResTime" : 1354.0,
    "maxResTime" : 27893.0,
    "pct1ResTime" : 20820.5,
    "pct2ResTime" : 23042.949999999997,
    "pct3ResTime" : 27893.0,
    "throughput" : 0.7007410867857219,
    "receivedKBytesPerSec" : 60.35582600519185,
    "sentKBytesPerSec" : 1.041531185632684
  },
  "1.5 Open Sessions list" : {
    "transaction" : "1.5 Open Sessions list",
    "sampleCount" : 81,
    "errorCount" : 0,
    "errorPct" : 0.0,
    "meanResTime" : 3819.8518518518526,
    "medianResTime" : 546.0,
    "minResTime" : 317.0,
    "maxResTime" : 23216.0,
    "pct1ResTime" : 12349.599999999999,
    "pct2ResTime" : 20893.69999999999,
    "pct3ResTime" : 23216.0,
    "throughput" : 0.30312783012866096,
    "receivedKBytesPerSec" : 3.2950350362911376,
    "sentKBytesPerSec" : 0.1834905730987149
  },
  "Total" : {
    "transaction" : "Total",
    "sampleCount" : 1162,