{
  "7.3 Safe to vaccinate" : {
    "transaction" : "7.3 Safe to vaccinate",
    "sampleCount" : 6,
    "errorCount" : 0,
    "errorPct" : 0.0,
    "meanResTime" : 24522.166666666668,
    "medianResTime" : 24516.5,
    "minResTime" : 23968.0,
    "maxResTime" : 25003.0,
    "pct1ResTime" : 25003.0,
    "pct2ResTime" : 25003.0,
    "pct3ResTime" : 25003.0,
    "throughput" : 0.003878875643246877,
    "receivedKBytesPerSec" : 1.5688183247782577,
    "sentKBytesPerSec" : 0.017006697929326887
  },
  "2.0 Register attendance" : {
    "transaction" : "2.0 Register attendance",
    "sampleCount" : 856,
    "errorCount" : 21,
    "errorPct" : 2.453271,
    "meanResTime" : 1647.4310747663571,
    "medianResTime" : 1557.0,
    "minResTime" : 472.0,
    "maxResTime" : 7567.0,
    "pct1ResTime" : 2361.500000000001,
    "pct2ResTime" : 2781.1499999999996,
    "pct3ResTime" : 4344.659999999982,
    "throughput" : 0.481693670961581,
    "receivedKBytesPerSec" : 949.7169589170798,
    "sentKBytesPerSec" : 10.09788957257002
  },
  "2.5 Select patient" : {
    "transaction" : "2.5 Select patient",
    "sampleCount" : 850,
    "errorCount" : 0,
    "errorPct" : 0.0,
    "meanResTime" : 133.335294117647,
    "medianResTime" : 93.0,
    "minResTime" : 65.0,
    "maxResTime" : 1850.0,
    "pct1ResTime" : 195.89999999999998,
    "pct2ResTime" : 334.6999999999996,
    "pct3ResTime" : 891.4900000000018,
    "throughput" : 0.4840064344384814,
    "receivedKBytesPerSec" : 196.83997348196365,
    "sentKBytesPerSec" : 2.0162771630816976
  },
  "2.3 Search by first/last name" : {
    "transaction" : "2.3 Search by first/last name",
    "sampleCount" : 861,
    "errorCount" : 0,
    "errorPct" : 0.0,
    "meanResTime" : 121.55052264808363,
    "medianResTime" : 85.0,
    "minResTime" : 62.0,
    "maxResTime" : 1559.0,
    "pct1ResTime" : 197.60000000000014,
    "pct2ResTime" : 303.9,
    "pct3ResTime" : 822.7199999999998,
    "throughput" : 0.4847462570101008,
    "receivedKBytesPerSec" : 197.49773870410323,
    "sentKBytesPerSec" : 2.098869305427863
  },
  "4.0 Vaccination for flu" : {
    "transaction" : "4.0 Vaccination for flu",
    "sampleCount" : 209,
    "errorCount" : 0,
    "errorPct" : 0.0,
    "meanResTime" : 1507.2488038277504,
    "medianResTime" : 1371.0,
    "minResTime" : 208.0,
    "maxResTime" : 4311.0,
    "pct1ResTime" : 2175.0,
    "pct2ResTime" : 2656.0,
    "pct3ResTime" : 3408.7000000000007,
    "throughput" : 0.12275754562439832,
    "receivedKBytesPerSec" : 145.7522934075674,
    "sentKBytesPerSec" : 2.0664389515418997
  },
  "4.0 Vaccination for hpv" : {
    "transaction" : "4.0 Vaccination for hpv",
    "sampleCount" : 207,
    "errorCount" : 0,
    "errorPct" : 0.0,
    "meanResTime" : 1582.1352657004827,
    "medianResTime" : 1390.0,
    "minResTime" : 211.0,
    "maxResTime" : 6573.0,
    "pct1ResTime" : 2101.2,
    "pct2ResTime" : 3104.6,
    "pct3ResTime" : 4401.639999999997,
    "throughput" : 0.12206556159003662,
    "receivedKBytesPerSec" : 144.67994081276058,
    "sentKBytesPerSec" : 2.0575068109045236
  },
  "1.2 Sign-in page" : {
    "transaction" : "1.2 Sign-in page",
    "sampleCount" : 875,
    "errorCount" : 0,
    "errorPct" : 0.0,
    "meanResTime" : 325.5337142857147,
    "medianResTime" : 106.0,
    "minResTime" : 12.0,
    "maxResTime" : 25779.0,
    "pct1ResTime" : 288.0,
    "pct2ResTime" : 547.3999999999982,
    "pct3ResTime" : 1638.9600000000064,
    "throughput" : 0.4873725938415042,
    "receivedKBytesPerSec" : 196.20964089308106,
    "sentKBytesPerSec" : 2.3984475651143713
  },
  "7.1 Name search" : {
    "transaction" : "7.1 Name search",
    "sampleCount" : 6,
    "errorCount" : 0,
    "errorPct" : 0.0,
    "meanResTime" : 5362.333333333333,
    "medianResTime" : 5133.5,
    "minResTime" : 4384.0,
    "maxResTime" : 6397.0,
    "pct1ResTime" : 6397.0,
    "pct2ResTime" : 6397.0,
    "pct3ResTime" : 6397.0,
    "throughput" : 0.003929360575153605,
    "receivedKBytesPerSec" : 1.5893176301076777,
    "sentKBytesPerSec" : 0.017043217768110096
  },
  "2.4 Patient attending session" : {
    "transaction" : "2.4 Patient attending session",
    "sampleCount" : 698,
    "errorCount" : 21,
    "errorPct" : 3.008596,
    "meanResTime" : 1074.302292263611,
    "medianResTime" : 926.0,
    "minResTime" : 71.0,
    "maxResTime" : 6965.0,
    "pct1ResTime" : 1516.0000000000002,
    "pct2ResTime" : 1937.6499999999994,
    "pct3ResTime" : 3353.21,
    "throughput" : 0.39567972164101645,
    "receivedKBytesPerSec" : 161.4574737922415,
    "sentKBytesPerSec" : 2.0133655812778866
  },
  "Check STS status" : {
    "transaction" : "Check STS status",
    "sampleCount" : 1,
    "errorCount" : 0,
    "errorPct" : 0.0,
    "meanResTime" : 23.0,
    "medianResTime" : 23.0,
    "minResTime" : 23.0,
    "maxResTime" : 23.0,
    "pct1ResTime" : 23.0,
    "pct2ResTime" : 23.0,
    "pct3ResTime" : 23.0,
    "throughput" : 43.47826086956522,
    "receivedKBytesPerSec" : 13.629415760869566,
    "sentKBytesPerSec" : 25.64538043478261
  },
  "1.1 Homepage" : {
    "transaction" : "1.1 Homepage",
    "sampleCount" : 878,
    "errorCount" : 0,
    "errorPct" : 0.0,
    "meanResTime" : 324.7289293849653,
    "medianResTime" : 112.0,
    "minResTime" : 30.0,
    "maxResTime" : 24862.0,
    "pct1ResTime" : 290.20000000000005,
    "pct2ResTime" : 450.04999999999995,
    "pct3ResTime" : 1728.100000000004,
    "throughput" : 0.4879664581415925,
    "receivedKBytesPerSec" : 196.23762062563495,
    "sentKBytesPerSec" : 2.3879779304595
  },
  "1.3 Sign-in" : {
    "transaction" : "1.3 Sign-in",
    "sampleCount" : 873,
    "errorCount" : 0,
    "errorPct" : 0.0,
    "meanResTime" : 351.9988545246272,
    "medianResTime" : 116.0,
    "minResTime" : 75.0,
    "maxResTime" : 24705.0,
    "pct1ResTime" : 364.6,
    "pct2ResTime" : 530.3,
    "pct3ResTime" : 1860.279999999997,
    "throughput" : 0.4858799826352171,
    "receivedKBytesPerSec" : 195.95812731060838,
    "sentKBytesPerSec" : 2.5471897410379354
  },
  "Run some searches" : {
    "transaction" : "Run some searches",
    "sampleCount" : 6,
    "errorCount" : 0,
    "errorPct" : 0.0,
    "meanResTime" : 105809.66666666667,
    "medianResTime" : 105616.5,
    "minResTime" : 102751.0,
    "maxResTime" : 108394.0,
    "pct1ResTime" : 108394.0,
    "pct2ResTime" : 108394.0,
    "pct3ResTime" : 108394.0,
    "throughput" : 0.0036925712850886584,
    "receivedKBytesPerSec" : 8.278128791616817,
    "sentKBytesPerSec" : 0.08085072342087189
  },
  "4.0 Vaccination for td_ipv" : {
    "transaction" : "4.0 Vaccination for td_ipv",
    "sampleCount" : 204,
    "errorCount" : 0,
    "errorPct" : 0.0,
    "meanResTime" : 1563.9362745098042,
    "medianResTime" : 1400.0,
    "minResTime" : 214.0,
    "maxResTime" : 5266.0,
    "pct1ResTime" : 2278.0,
    "pct2ResTime" : 2688.5,
    "pct3ResTime" : 4233.199999999992,
    "throughput" : 0.12067549885121658,
    "receivedKBytesPerSec" : 143.0880190737904,
    "sentKBytesPerSec" : 2.0238425430231817
  },
  "2.1 Open session" : {
    "transaction" : "2.1 Open session",
    "sampleCount" : 865,
    "errorCount" : 0,
    "errorPct" : 0.0,
    "meanResTime" : 361.4878612716761,
    "medianResTime" : 279.0,
    "minResTime" : 166.0,
    "maxResTime" : 3581.0,
    "pct1ResTime" : 562.4,
    "pct2ResTime" : 827.5999999999995,
    "pct3ResTime" : 1544.200000000001,
    "throughput" : 0.48443778614731947,
    "receivedKBytesPerSec" : 195.00335424600618,
    "sentKBytesPerSec" : 2.019882863363342
  },
  "4.3 Vaccination confirm" : {
    "transaction" : "4.3 Vaccination confirm",
    "sampleCount" : 802,
    "errorCount" : 0,
    "errorPct" : 0.0,
    "meanResTime" : 1270.4127182044892,
    "medianResTime" : 1072.0,
    "minResTime" : 818.0,
    "maxResTime" : 6456.0,
    "pct1ResTime" : 1829.2000000000003,
    "pct2ResTime" : 2407.7,
    "pct3ResTime" : 3569.840000000002,
    "throughput" : 0.48112975505576183,
    "receivedKBytesPerSec" : 194.33822290851785,