{
  "1.2 Sign-in page" : {
    "transaction" : "1.2 Sign-in page",
    "sampleCount" : 35,
    "errorCount" : 0,
    "errorPct" : 0.0,
    "meanResTime" : 159.34285714285713,
    "medianResTime" : 158.0,
    "minResTime" : 155.0,
    "maxResTime" : 189.0,
    "pct1ResTime" : 164.0,
    "pct2ResTime" : 168.9999999999999,
    "pct3ResTime" : 189.0,
    "throughput" : 0.5958968247212054,
    "receivedKBytesPerSec" : 3.591675002128203,
    "sentKBytesPerSec" : 0.36021497510002554
  },
  "2.0 Register attendance" : {
    "transaction" : "2.0 Register attendance",
    "sampleCount" : 100,
    "errorCount" : 100,
    "errorPct" : 100.0,
    "meanResTime" : 0.47,
    "medianResTime" : 0.0,
    "minResTime" : -1.0,
    "maxResTime" : 3.0,
    "pct1ResTime" : 1.0,
    "pct2ResTime" : 2.0,
    "pct3ResTime" : 2.989999999999995,
    "throughput" : 1.5276271367684575,
    "receivedKBytesPerSec" : 1.76930252364003,
    "sentKBytesPerSec" : 0.0
  },
  "1.0 Login" : {
    "transaction" : "1.0 Login",
    "sampleCount" : 35,
    "errorCount" : 0,
    "errorPct" : 0.0,
    "meanResTime" : 1837.657142857143,
    "medianResTime" : 1798.0,
    "minResTime" : 1700.0,
    "maxResTime" : 2292.0,
    "pct1ResTime" : 2077.0,
    "pct2ResTime" : 2164.7999999999993,
    "pct3ResTime" : 2292.0,
    "throughput" : 0.5863432285733431,
    "receivedKBytesPerSec" : 27.057678635746832,
    "sentKBytesPerSec" : 2.7994453559522214
  },
  "1.5 Open Sessions list" : {
    "transaction" : "1.5 Open Sessions list",
    "sampleCount" : 35,
    "errorCount" : 0,
    "errorPct" : 0.0,
    "meanResTime" : 204.02857142857147,
    "medianResTime" : 201.0,
    "minResTime" : 184.0,
    "maxResTime" : 298.0,
    "pct1ResTime" : 238.59999999999997,
    "pct2ResTime" : 265.99999999999983,
    "pct3ResTime" : 298.0,
    "throughput" : 0.532408463773407,
    "receivedKBytesPerSec" : 5.792021764097415,
    "sentKBytesPerSec" : 0.31923710620788265
  },
  "Total" : {
    "transaction" : "Total",
    "sampleCount" : 275,
    "errorCount" : 100,
    "errorPct" : 36.363636,
    "meanResTime" : 233.88363636363619,
    "medianResTime" : 185.0,
    "minResTime" : 0.0,
    "maxResTime" : 1116.0,
    "pct1ResTime" : 568.0,
    "pct2ResTime" : 619.3999999999999,
    "pct3ResTime" : 900.6400000000001,
    "throughput" : 2.323596758793758,
    "receivedKBytesPerSec" : 14.62553984017879,
    "sentKBytesPerSec" : 1.4119398415518247
  },
  "1.4 Select Organisations" : {
    "transaction" : "1.4 Select Organisations",
    "sampleCount" : 35,
    "errorCount" : 0,
    "errorPct" : 0.0,
    "meanResTime" : 354.25714285714287,
    "medianResTime" : 351.0,
    "minResTime" : 335.0,
    "maxResTime" : 410.0,
    "pct1ResTime" : 378.79999999999995,
    "pct2ResTime" : 397.99999999999994,
    "pct3ResTime" : 410.0,
    "throughput" : 0.5348737697903295,
    "receivedKBytesPerSec" : 7.686721090072742,
    "sentKBytesPerSec" : 0.7751490960633289
  },
  "1.1 Homepage" : {
    "transaction" : "1.1 Homepage",
    "sampleCount" : 35,
    "errorCount" : 0,
    "errorPct" : 0.0,
    "meanResTime" : 476.57142857142856,
    "medianResTime" : 468.0,
    "minResTime" : 460.0,
    "maxResTime" : 673.0,
    "pct1ResTime" : 484.4,
    "pct2ResTime" : 575.3999999999995,
    "pct3ResTime" : 673.0,
    "throughput" : 0.6003945449867056,
    "receivedKBytesPerSec" : 3.099302309374732,
    "sentKBytesPerSec" : 0.32658179839608886
  },
  "1.3 Sign-in" : {
    "transaction" : "1.3 Sign-in",
    "sampleCount" : 35,
    "errorCount" : 0,
    "errorPct" : 0.0,
    "meanResTime" : 643.457142857143,
    "medianResTime" : 598.0,
    "minResTime" : 555.0,
    "maxResTime" : 1116.0,
    "pct1ResTime" : 881.8,
    "pct2ResTime" : 950.3999999999991,
    "pct3ResTime" : 1116.0,
    "throughput" : 0.5267593763168984,
    "receivedKBytesPerSec" : 5.1132697271386425,
    "sentKBytesPerSec" : 0.8307777272966709
  },
  "2.1 Open session" : {
    "transaction" : "2.1 Open session",
    "sampleCount" : 100,
    "errorCount" : 100,
    "errorPct" : 100.0,
    "meanResTime" : 0.0,
    "medianResTime" : 0.0,
    "minResTime" : 0.0,
    "maxResTime" : 0.0,
    "pct1ResTime" : 0.0,
    "pct2ResTime" : 0.0,
    "pct3ResTime" : 0.0,
    "throughput" : 1.484560570071259,
    "receivedKBytesPerSec" : 1.7194226915083135,
    "sentKBytesPerSec" : 0.0
  }
}