{
  "2.0 Register attendance" : {
    "transaction" : "2.0 Register attendance",
    "sampleCount" : 713,
    "errorCount" : 0,
    "errorPct" : 0.0,
    "meanResTime" : 5999.197755960731,
    "medianResTime" : 5862.0,
    "minResTime" : 4115.0,
    "maxResTime" : 9514.0,
    "pct1ResTime" : 7044.6,
    "pct2ResTime" : 7421.2,
    "pct3ResTime" : 8470.140000000003,
    "throughput" : 0.20312452815568058,
    "receivedKBytesPerSec" : 71.41173256391016,
    "sentKBytesPerSec" : 0.8840270406323127
  },
  "2.5 Select patient" : {
    "transaction" : "2.5 Select patient",
    "sampleCount" : 709,
    "errorCount" : 0,
    "errorPct" : 0.0,
    "meanResTime" : 575.9971791255289,
    "medianResTime" : 495.0,
    "minResTime" : 406.0,
    "maxResTime" : 2374.0,
    "pct1ResTime" : 902.0,
    "pct2ResTime" : 997.0,
    "pct3ResTime" : 1236.6999999999998,
    "throughput" : 0.20261947833343336,
    "receivedKBytesPerSec" : 5.116426493639921,
    "sentKBytesPerSec" : 0.14048811486009538
  },
  "1.4 Select Organisations" : {
    "transaction" : "1.4 Select Organisations",
    "sampleCount" : 70,
    "errorCount" : 0,
    "errorPct" : 0.0,
    "meanResTime" : 608.7285714285714,
    "medianResTime" : 578.0,
    "minResTime" : 544.0,
    "maxResTime" : 1190.0,
    "pct1ResTime" : 665.5,
    "pct2ResTime" : 849.6000000000004,
    "pct3ResTime" : 1190.0,
    "throughput" : 0.07833815672555458,
    "receivedKBytesPerSec" : 1.1256519902927833,
    "sentKBytesPerSec" : 0.1132231171424031
  },
  "2.5 Select menacwy" : {
    "transaction" : "2.5 Select menacwy",
    "sampleCount" : 507,
    "errorCount" : 0,
    "errorPct" : 0.0,
    "meanResTime" : 712.0335305719921,
    "medianResTime" : 595.0,
    "minResTime" : 411.0,
    "maxResTime" : 4139.0,
    "pct1ResTime" : 1007.2,
    "pct2ResTime" : 1120.0,
    "pct3ResTime" : 1433.960000000001,
    "throughput" : 0.15058903480151206,
    "receivedKBytesPerSec" : 3.4044449225431785,
    "sentKBytesPerSec" : 0.10500055746902306
  },
  "2.3 Search by first/last name" : {
    "transaction" : "2.3 Search by first/last name",
    "sampleCount" : 716,
    "errorCount" : 0,
    "errorPct" : 0.0,
    "meanResTime" : 1356.6270949720679,
    "medianResTime" : 1252.5,
    "minResTime" : 784.0,
    "maxResTime" : 3067.0,
    "pct1ResTime" : 1916.1000000000004,
    "pct2ResTime" : 2168.15,
    "pct3ResTime" : 2689.4500000000007,
    "throughput" : 0.2028603881376538,
    "receivedKBytesPerSec" : 23.31224232073559,
    "sentKBytesPerSec" : 0.1749894408476391
  },
  "2.5 Select td_ipv" : {
    "transaction" : "2.5 Select td_ipv",
    "sampleCount" : 488,
    "errorCount" : 0,
    "errorPct" : 0.0,
    "meanResTime" : 629.3381147540981,
    "medianResTime" : 522.0,
    "minResTime" : 412.0,
    "maxResTime" : 2242.0,
    "pct1ResTime" : 947.0,
    "pct2ResTime" : 1045.099999999999,
    "pct3ResTime" : 1335.1600000000008,
    "throughput" : 0.14965726033984467,
    "receivedKBytesPerSec" : 3.4334845738018833,
    "sentKBytesPerSec" : 0.10420471349834887
  },
  "4.0 Vaccination for hpv" : {
    "transaction" : "4.0 Vaccination for hpv",
    "sampleCount" : 691,
    "errorCount" : 0,
    "errorPct" : 0.0,
    "meanResTime" : 3012.1765557163503,
    "medianResTime" : 2948.0,
    "minResTime" : 1285.0,
    "maxResTime" : 4356.0,
    "pct1ResTime" : 3474.8,
    "pct2ResTime" : 3665.8,
    "pct3ResTime" : 4112.560000000001,
    "throughput" : 0.20089375918158614,
    "receivedKBytesPerSec" : 10.073913040476167,
    "sentKBytesPerSec" : 1.1839374723444012
  },
  "5.8 Consent confirm" : {
    "transaction" : "5.8 Consent confirm",
    "sampleCount" : 35,
    "errorCount" : 0,
    "errorPct" : 0.0,
    "meanResTime" : 1507.3142857142857,
    "medianResTime" : 1428.0,
    "minResTime" : 1125.0,
    "maxResTime" : 2214.0,
    "pct1ResTime" : 1900.6,
    "pct2ResTime" : 2040.3999999999992,
    "pct3ResTime" : 2214.0,
    "throughput" : 0.01160840408655624,
    "receivedKBytesPerSec" : 0.8854825210394033,
    "sentKBytesPerSec" : 0.025326337632257036
  },
  "1.2 Sign-in page" : {
    "transaction" : "1.2 Sign-in page",
    "sampleCount" : 70,
    "errorCount" : 0,
    "errorPct" : 0.0,
    "meanResTime" : 162.0142857142857,
    "medianResTime" : 160.0,
    "minResTime" : 154.0,
    "maxResTime" : 192.0,
    "pct1ResTime" : 170.0,
    "pct2ResTime" : 177.9,
    "pct3ResTime" : 192.0,
    "throughput" : 0.07909148738321295,
    "receivedKBytesPerSec" : 0.4766343443767647,
    "sentKBytesPerSec" : 0.0476557106596117
  },
  "5.9 Patient home page" : {
    "transaction" : "5.9 Patient home page",
    "sampleCount" : 35,
    "errorCount" : 0,
    "errorPct" : 0.0,
    "meanResTime" : 566.5428571428572,
    "medianResTime" : 519.0,
    "minResTime" : 419.0,
    "maxResTime" : 1161.0,
    "pct1ResTime" : 820.8,
    "pct2ResTime" : 971.399999999999,
    "pct3ResTime" : 1161.0,
    "throughput" : 0.011632138601916645,
    "receivedKBytesPerSec" : 0.2516219173794121,
    "sentKBytesPerSec" : 0.008667306399670312
  },
  "2.4 Patient attending session" : {
    "transaction" : "2.4 Patient attending session",
    "sampleCount" : 711,
    "errorCount" : 0,
    "errorPct" : 0.0,
    "meanResTime" : 1521.7271448663869,
    "medianResTime" : 1406.0,
    "minResTime" : 974.0,
    "maxResTime" : 4585.0,
    "pct1ResTime" : 2006.4,
    "pct2ResTime" : 2289.6,
    "pct3ResTime" : 2968.12,
    "throughput" : 0.20293563087293146,
    "receivedKBytesPerSec" : 19.64513454466425,
    "sentKBytesPerSec" : 0.3016289357310563
  },
  "5.4 Consent route" : {
    "transaction" : "5.4 Consent route",
    "sampleCount" : 35,
    "errorCount" : 0,
    "errorPct" : 0.0,
    "meanResTime" : 641.3428571428573,
    "medianResTime" : 606.0,
    "minResTime" : 565.0,
    "maxResTime" : 936.0,
    "pct1ResTime" : 784.4,
    "pct2ResTime" : 850.3999999999995,
    "pct3ResTime" : 936.0,
    "throughput" : 0.011607129828731825,
    "receivedKBytesPerSec" : 0.1319647105737305,
    "sentKBytesPerSec" : 0.018159782111787936
  },
  "1.1 Homepage" : {
    "transaction" : "1.1 Homepage",
    "sampleCount" : 70,
    "errorCount" : 0,
    "errorPct" : 0.0,
    "meanResTime" : 483.7428571428572,
    "medianResTime" : 471.0,
    "minResTime" : 455.0,
    "maxResTime" : 706.0,
    "pct1ResTime" : 512.0,
    "pct2ResTime" : 526.95,
    "pct3ResTime" : 706.0,
    "throughput" : 0.07891076094774079,
    "receivedKBytesPerSec" : 0.40726891758672856,
    "sentKBytesPerSec" : 0.0427690159433556
  },
  "1.3 Sign-in" : {
    "transaction" : "1.3 Sign-in",
    "sampleCount" : 70,
    "errorCount" : 0,
    "errorPct" : 0.0,
    "meanResTime" : 662.785714285714,
    "medianResTime" : 627.0,
    "minResTime" : 555.0,
    "maxResTime" : 1028.0,
    "pct1ResTime" : 791.9,
    "pct2ResTime" : 903.0000000000002,
    "pct3ResTime" : 1028.0,
    "throughput" : 0.0784229371406549,
    "receivedKBytesPerSec" : 0.7610241468424684,
    "sentKBytesPerSec" : 0.1233782731773389
  },
  "4.0 Vaccination for td_ipv" : {
    "transaction" : "4.0 Vaccination for td_ipv",
    "sampleCount" : 483,
    "errorCount" : 0,
    "errorPct" : 0.0,
    "meanResTime" : 3036.1449275362315,
    "medianResTime" : 2968.0,
    "minResTime" : 1230.0,
    "maxResTime" : 7118.0,
    "pct1ResTime" : 3449.6000000000004,
    "pct2ResTime" : 3699.7999999999993,
    "pct3ResTime" : 4216.599999999984,
    "throughput" : 0.15031589679304302,
    "receivedKBytesPerSec" : 8.294751345451761,
    "sentKBytesPerSec" : 0.8857925374537109
  },
  "2.1 Open session" : {
    "transaction" : "2.1 Open session",
    "sampleCount" : 722,
    "errorCount" : 0,
    "errorPct" : 0.0,
    "meanResTime" : 1103.8919667590028,
    "medianResTime" : 1083.5,
    "minResTime" : 513.0,
    "maxResTime" : 2897.0,
    "pct1ResTime" : 1527.7,
    "pct2ResTime" : 1721.85,
    "pct3ResTime" : 2039.9399999999996,
    "throughput" : 0.20350806182247952,
    "receivedKBytesPerSec" : 3.5635546322606504,
    "sentKBytesPerSec" : 0.1331271628016577
  },