{
  "7.3 Safe to vaccinate" : {
    "transaction" : "7.3 Safe to vaccinate",
    "sampleCount" : 27,
    "errorCount" : 0,
    "errorPct" : 0.0,
    "meanResTime" : 122.03703703703704,
    "medianResTime" : 99.0,
    "minResTime" : 79.0,
    "maxResTime" : 435.0,
    "pct1ResTime" : 209.39999999999986,
    "pct2ResTime" : 410.9999999999999,
    "pct3ResTime" : 435.0,
    "throughput" : 0.007837197603907452,
    "receivedKBytesPerSec" : 3.554897614451386,
    "sentKBytesPerSec" : 0.058258259662466415
  },
  "2.0 Register attendance" : {
    "transaction" : "2.0 Register attendance",
    "sampleCount" : 1700,
    "errorCount" : 1,
    "errorPct" : 0.05882353,
    "meanResTime" : 861.3776470588239,
    "medianResTime" : 805.0,
    "minResTime" : 351.0,
    "maxResTime" : 3866.0,
    "pct1ResTime" : 1245.8000000000002,
    "pct2ResTime" : 1459.8999999999996,
    "pct3ResTime" : 2210.8900000000003,
    "throughput" : 0.47612379218596834,
    "receivedKBytesPerSec" : 956.3399526064277,
    "sentKBytesPerSec" : 15.639614112169165
  },
  "2.5 Select patient" : {
    "transaction" : "2.5 Select patient",
    "sampleCount" : 1695,
    "errorCount" : 0,
    "errorPct" : 0.0,
    "meanResTime" : 117.12271386430668,
    "medianResTime" : 100.0,
    "minResTime" : 57.0,
    "maxResTime" : 1178.0,
    "pct1ResTime" : 168.4000000000001,
    "pct2ResTime" : 271.1999999999998,
    "pct3ResTime" : 526.04,
    "throughput" : 0.4768862115737329,
    "receivedKBytesPerSec" : 214.15127395306948,
    "sentKBytesPerSec" : 3.439334635943097
  },
  "7.1 Full name search" : {
    "transaction" : "7.1 Full name search",
    "sampleCount" : 27,
    "errorCount" : 0,
    "errorPct" : 0.0,
    "meanResTime" : 746.3333333333331,
    "medianResTime" : 501.0,
    "minResTime" : 377.0,
    "maxResTime" : 3070.0,
    "pct1ResTime" : 1696.3999999999992,
    "pct2ResTime" : 2868.3999999999987,
    "pct3ResTime" : 3070.0,
    "throughput" : 0.007832470987947277,
    "receivedKBytesPerSec" : 3.6063415469906195,
    "sentKBytesPerSec" : 0.05781008362830806
  },
  "2.3 Search by first/last name" : {
    "transaction" : "2.3 Search by first/last name",
    "sampleCount" : 1703,
    "errorCount" : 0,
    "errorPct" : 0.0,
    "meanResTime" : 129.5924838520261,
    "medianResTime" : 101.0,
    "minResTime" : 65.0,
    "maxResTime" : 3303.0,
    "pct1ResTime" : 177.8000000000004,
    "pct2ResTime" : 320.5999999999999,
    "pct3ResTime" : 653.7600000000011,
    "throughput" : 0.4767730610622269,
    "receivedKBytesPerSec" : 215.7179398418712,
    "sentKBytesPerSec" : 3.565504754694941
  },
  "4.0 Vaccination for flu" : {
    "transaction" : "4.0 Vaccination for flu",
    "sampleCount" : 412,
    "errorCount" : 0,
    "errorPct" : 0.0,
    "meanResTime" : 750.8179611650484,
    "medianResTime" : 708.0,
    "minResTime" : 190.0,
    "maxResTime" : 2517.0,
    "pct1ResTime" : 1026.8,
    "pct2ResTime" : 1213.9999999999993,
    "pct3ResTime" : 1648.8700000000003,
    "throughput" : 0.11787179611154677,
    "receivedKBytesPerSec" : 155.11377772034587,
    "sentKBytesPerSec" : 3.345191951412645
  },
  "4.0 Vaccination for hpv" : {
    "transaction" : "4.0 Vaccination for hpv",
    "sampleCount" : 423,
    "errorCount" : 0,
    "errorPct" : 0.0,
    "meanResTime" : 775.7399527186757,
    "medianResTime" : 726.0,
    "minResTime" : 189.0,
    "maxResTime" : 2266.0,
    "pct1ResTime" : 1006.6,
    "pct2ResTime" : 1223.3999999999996,
    "pct3ResTime" : 1844.0399999999993,
    "throughput" : 0.1223715077471579,
    "receivedKBytesPerSec" : 161.14350170002015,
    "sentKBytesPerSec" : 3.4821379930588163
  },
  "7.6 First name search" : {
    "transaction" : "7.6 First name search",
    "sampleCount" : 27,
    "errorCount" : 0,
    "errorPct" : 0.0,
    "meanResTime" : 2478.8888888888896,
    "medianResTime" : 992.0,
    "minResTime" : 347.0,
    "maxResTime" : 19189.0,
    "pct1ResTime" : 6524.199999999994,
    "pct2ResTime" : 16660.999999999985,
    "pct3ResTime" : 19189.0,
    "throughput" : 0.007843504082543876,
    "receivedKBytesPerSec" : 4.3545345707344625,
    "sentKBytesPerSec" : 0.05784612630031499
  },
  "1.2 Sign-in page" : {
    "transaction" : "1.2 Sign-in page",
    "sampleCount" : 1747,
    "errorCount" : 0,
    "errorPct" : 0.0,
    "meanResTime" : 134.02060675443573,
    "medianResTime" : 96.0,
    "minResTime" : 14.0,
    "maxResTime" : 7329.0,
    "pct1ResTime" : 189.20000000000005,
    "pct2ResTime" : 291.0,
    "pct3ResTime" : 745.2399999999998,
    "throughput" : 0.48579163737642483,
    "receivedKBytesPerSec" : 216.9376364159992,
    "sentKBytesPerSec" : 4.124279020349859
  },
  "2.4 Patient attending session" : {
    "transaction" : "2.4 Patient attending session",
    "sampleCount" : 724,
    "errorCount" : 1,
    "errorPct" : 0.13812155,
    "meanResTime" : 412.7872928176798,
    "medianResTime" : 378.0,
    "minResTime" : 254.0,
    "maxResTime" : 1537.0,
    "pct1ResTime" : 557.0,
    "pct2ResTime" : 675.5,
    "pct3ResTime" : 1018.75,
    "throughput" : 0.20320069155594472,
    "receivedKBytesPerSec" : 92.34428890765244,
    "sentKBytesPerSec" : 1.7832690481352689
  },
  "Check STS status" : {
    "transaction" : "Check STS status",
    "sampleCount" : 1,
    "errorCount" : 0,
    "errorPct" : 0.0,
    "meanResTime" : 22.0,
    "medianResTime" : 22.0,
    "minResTime" : 22.0,
    "maxResTime" : 22.0,
    "pct1ResTime" : 22.0,
    "pct2ResTime" : 22.0,
    "pct3ResTime" : 22.0,
    "throughput" : 45.45454545454545,
    "receivedKBytesPerSec" : 14.204545454545455,
    "sentKBytesPerSec" : 26.811079545454547
  },
  "1.1 Homepage" : {
    "transaction" : "1.1 Homepage",
    "sampleCount" : 1749,
    "errorCount" : 0,
    "errorPct" : 0.0,
    "meanResTime" : 136.4505431675244,
    "medianResTime" : 102.0,
    "minResTime" : 26.0,
    "maxResTime" : 5742.0,
    "pct1ResTime" : 181.0,
    "pct2ResTime" : 291.5,
    "pct3ResTime" : 662.0,
    "throughput" : 0.4860808294890148,
    "receivedKBytesPerSec" : 216.902787216901,
    "sentKBytesPerSec" : 4.1181591123341414
  },
  "1.3 Sign-in" : {
    "transaction" : "1.3 Sign-in",
    "sampleCount" : 1744,
    "errorCount" : 0,
    "errorPct" : 0.0,
    "meanResTime" : 153.72534403669746,
    "medianResTime" : 104.0,
    "minResTime" : 60.0,
    "maxResTime" : 5941.0,
    "pct1ResTime" : 288.0,
    "pct2ResTime" : 385.5,
    "pct3ResTime" : 707.4499999999991,
    "throughput" : 0.4856264051561049,
    "receivedKBytesPerSec" : 217.072124462198,
    "sentKBytesPerSec" : 4.286012189598685
  },
  "Run some searches" : {
    "transaction" : "Run some searches",
    "sampleCount" : 27,
    "errorCount" : 0,
    "errorPct" : 0.0,
    "meanResTime" : 7838.481481481481,
    "medianResTime" : 4838.0,
    "minResTime" : 4075.0,
    "maxResTime" : 32762.0,
    "pct1ResTime" : 16553.799999999996,
    "pct2ResTime" : 28193.599999999977,
    "pct3ResTime" : 32762.0,
    "throughput" : 0.007819502708588855,
    "receivedKBytesPerSec" : 31.612200960586083,
    "sentKBytesPerSec" : 0.4634452502675283
  },
  "4.0 Vaccination for td_ipv" : {
    "transaction" : "4.0 Vaccination for td_ipv",
    "sampleCount" : 420,
    "errorCount" : 0,
    "errorPct" : 0.0,
    "meanResTime" : 771.9857142857144,
    "medianResTime" : 723.5,
    "minResTime" : 191.0,
    "maxResTime" : 2470.0,
    "pct1ResTime" : 1010.7,
    "pct2ResTime" : 1131.4499999999998,
    "pct3ResTime" : 1678.7400000000002,
    "throughput" : 0.12152429661303105,
    "receivedKBytesPerSec" : 160.62468649172808,
    "sentKBytesPerSec" : 3.455732182169116
  },
  "2.1 Open session" : {
    "transaction" : "2.1 Open session",
    "sampleCount" : 1710,
    "errorCount" : 0,
    "errorPct" : 0.0,
    "meanResTime" : 294.8614035087721,
    "medianResTime" : 254.0,
    "minResTime" : 107.0,
    "maxResTime" : 2237.0,
    "pct1ResTime" : 467.0,
    "pct2ResTime" : 587.3499999999995,
    "pct3ResTime" : 914.6699999999996,
    "throughput" : 0.4773893336147418,
    "receivedKBytesPerSec" : 213.31444843900317,