{
  "4.3 Vaccination confirm" : {
    "transaction" : "4.3 Vaccination confirm",
    "sampleCount" : 846,
    "errorCount" : 0,
    "errorPct" : 0.0,
    "meanResTime" : 1364.2695035461,
    "medianResTime" : 1040.5,
    "minResTime" : 563.0,
    "maxResTime" : 6336.0,
    "pct1ResTime" : 2526.8,
    "pct2ResTime" : 3176.7499999999995,
    "pct3ResTime" : 4757.0599999999995,
    "throughput" : 0.5096170643406603,
    "receivedKBytesPerSec" : 213.43851287615132,
    "sentKBytesPerSec" : 5.214386196817002
  },
  "4.1 Vaccination questions" : {
    "transaction" : "4.1 Vaccination questions",
    "sampleCount" : 869,
    "errorCount" : 0,
    "errorPct" : 0.0,
    "meanResTime" : 177.95972382048294,
    "medianResTime" : 130.0,
    "minResTime" : 95.0,
    "maxResTime" : 1443.0,
    "pct1ResTime" : 273.0,
    "pct2ResTime" : 430.5,
    "pct3ResTime" : 957.3,
    "throughput" : 0.51017622508341,
    "receivedKBytesPerSec" : 209.05664713681938,
    "sentKBytesPerSec" : 4.749455506865069
  },
  "2.0 Register attendance" : {
    "transaction" : "2.0 Register attendance",
    "sampleCount" : 910,
    "errorCount" : 13,
    "errorPct" : 1.4285715,
    "meanResTime" : 2030.5824175824168,
    "medianResTime" : 1818.5,
    "minResTime" : 512.0,
    "maxResTime" : 6432.0,
    "pct1ResTime" : 3185.7999999999997,
    "pct2ResTime" : 3680.9499999999994,
    "pct3ResTime" : 5114.779999999999,
    "throughput" : 0.5162438100381623,
    "receivedKBytesPerSec" : 1079.0104896549492,
    "sentKBytesPerSec" : 18.979958739851696
  },
  "Reset counters" : {
    "transaction" : "Reset counters",
    "sampleCount" : 1,
    "errorCount" : 0,
    "errorPct" : 0.0,
    "meanResTime" : 28.0,
    "medianResTime" : 28.0,
    "minResTime" : 28.0,
    "maxResTime" : 28.0,
    "pct1ResTime" : 28.0,
    "pct2ResTime" : 28.0,
    "pct3ResTime" : 28.0,
    "throughput" : 35.714285714285715,
    "receivedKBytesPerSec" : 0.0,
    "sentKBytesPerSec" : 0.0
  },
  "1.0 Login" : {
    "transaction" : "1.0 Login",
    "sampleCount" : 915,
    "errorCount" : 0,
    "errorPct" : 0.0,
    "meanResTime" : 1451.6415300546414,
    "medianResTime" : 1237.0,
    "minResTime" : 330.0,
    "maxResTime" : 4654.0,
    "pct1ResTime" : 2529.6,
    "pct2ResTime" : 2962.9999999999986,
    "pct3ResTime" : 3813.000000000001,
    "throughput" : 0.510940264103068,
    "receivedKBytesPerSec" : 883.218051200193,
    "sentKBytesPerSec" : 16.52280072237321
  },
  "4.0 Vaccination for menacwy" : {
    "transaction" : "4.0 Vaccination for menacwy",
    "sampleCount" : 209,
    "errorCount" : 0,
    "errorPct" : 0.0,
    "meanResTime" : 1606.9377990430626,
    "medianResTime" : 1318.0,
    "minResTime" : 233.0,
    "maxResTime" : 5369.0,
    "pct1ResTime" : 2809.0,
    "pct2ResTime" : 3493.0,
    "pct3ResTime" : 4989.000000000002,
    "throughput" : 0.12286644476242096,
    "receivedKBytesPerSec" : 151.56783005311033,
    "sentKBytesPerSec" : 3.459403795904432
  },
  "2.5 Select patient" : {
    "transaction" : "2.5 Select patient",
    "sampleCount" : 903,
    "errorCount" : 0,
    "errorPct" : 0.0,
    "meanResTime" : 186.34551495016612,
    "medianResTime" : 115.0,
    "minResTime" : 74.0,
    "maxResTime" : 1703.0,
    "pct1ResTime" : 366.20000000000005,
    "pct2ResTime" : 578.3999999999996,
    "pct3ResTime" : 1161.0400000000009,
    "throughput" : 0.5162271399415742,
    "receivedKBytesPerSec" : 217.58067187955558,
    "sentKBytesPerSec" : 3.695106315528833
  },
  "Initialise vaccination list" : {
    "transaction" : "Initialise vaccination list",
    "sampleCount" : 1,
    "errorCount" : 0,
    "errorPct" : 0.0,
    "meanResTime" : 44.0,
    "medianResTime" : 44.0,
    "minResTime" : 44.0,
    "maxResTime" : 44.0,
    "pct1ResTime" : 44.0,
    "pct2ResTime" : 44.0,
    "pct3ResTime" : 44.0,
    "throughput" : 22.727272727272727,
    "receivedKBytesPerSec" : 6.525213068181818,
    "sentKBytesPerSec" : 14.026988636363637
  },
  "2.3 Search by first/last name" : {
    "transaction" : "2.3 Search by first/last name",
    "sampleCount" : 913,
    "errorCount" : 0,
    "errorPct" : 0.0,
    "meanResTime" : 205.96166484118294,
    "medianResTime" : 128.0,
    "minResTime" : 74.0,
    "maxResTime" : 1628.0,
    "pct1ResTime" : 446.6,
    "pct2ResTime" : 600.0,
    "pct3ResTime" : 1060.0400000000002,
    "throughput" : 0.5163962891864468,
    "receivedKBytesPerSec" : 219.89906890387252,
    "sentKBytesPerSec" : 3.8338946892346364
  },
  "4.0 Vaccination for flu" : {
    "transaction" : "4.0 Vaccination for flu",
    "sampleCount" : 226,
    "errorCount" : 0,
    "errorPct" : 0.0,
    "meanResTime" : 1623.7566371681414,
    "medianResTime" : 1347.0,
    "minResTime" : 238.0,
    "maxResTime" : 5142.0,
    "pct1ResTime" : 2823.7000000000003,
    "pct2ResTime" : 3503.25,
    "pct3ResTime" : 4940.609999999997,
    "throughput" : 0.13261883469120936,
    "receivedKBytesPerSec" : 162.73503775034004,
    "sentKBytesPerSec" : 3.713823637561527
  },
  "4.0 Vaccination for hpv" : {
    "transaction" : "4.0 Vaccination for hpv",
    "sampleCount" : 221,
    "errorCount" : 0,
    "errorPct" : 0.0,
    "meanResTime" : 1713.8506787330314,
    "medianResTime" : 1448.0,
    "minResTime" : 216.0,
    "maxResTime" : 5931.0,
    "pct1ResTime" : 2932.2000000000007,
    "pct2ResTime" : 3567.3999999999996,
    "pct3ResTime" : 5541.820000000001,
    "throughput" : 0.12966173541378814,
    "receivedKBytesPerSec" : 159.30262734150173,
    "sentKBytesPerSec" : 3.6450512514044244
  },
  "1.2 Sign-in page" : {
    "transaction" : "1.2 Sign-in page",
    "sampleCount" : 915,
    "errorCount" : 0,
    "errorPct" : 0.0,
    "meanResTime" : 286.95191256830554,
    "medianResTime" : 155.0,
    "minResTime" : 15.0,
    "maxResTime" : 2473.0,
    "pct1ResTime" : 648.4,
    "pct2ResTime" : 1000.5999999999995,
    "pct3ResTime" : 1673.760000000002,
    "throughput" : 0.5109548154001223,
    "receivedKBytesPerSec" : 212.99773486296357,
    "sentKBytesPerSec" : 4.211799845317504
  },
  "Debug Sampler" : {
    "transaction" : "Debug Sampler",
    "sampleCount" : 913,
    "errorCount" : 0,
    "errorPct" : 0.0,
    "meanResTime" : 0.34282584884994544,
    "medianResTime" : 0.0,
    "minResTime" : 0.0,
    "maxResTime" : 15.0,
    "pct1ResTime" : 1.0,
    "pct2ResTime" : 1.0,
    "pct3ResTime" : 1.0,
    "throughput" : 0.516436014539399,
    "receivedKBytesPerSec" : 2.9411501443319876,
    "sentKBytesPerSec" : 0.0
  },
  "2.4 Patient attending session" : {
    "transaction" : "2.4 Patient attending session",
    "sampleCount" : 827,
    "errorCount" : 13,
    "errorPct" : 1.5719467,
    "meanResTime" : 982.6674727932285,
    "medianResTime" : 747.0,
    "minResTime" : 248.0,
    "maxResTime" : 4323.0,
    "pct1ResTime" : 1721.2000000000005,
    "pct2ResTime" : 2241.399999999999,
    "pct3ResTime" : 3684.4800000000023,
    "throughput" : 0.4698252329668469,
    "receivedKBytesPerSec" : 200.49393087224018,
    "sentKBytesPerSec" : 4.08291935133156
  },
  "Check STS status" : {
    "transaction" : "Check STS status",
    "sampleCount" : 1,
    "errorCount" : 0,
    "errorPct" : 0.0,
    "meanResTime" : 28.0,
    "medianResTime" : 28.0,
    "minResTime" : 28.0,
    "maxResTime" : 28.0,
    "pct1ResTime" : 28.0,
    "pct2ResTime" : 28.0,
    "pct3ResTime" : 28.0,
    "throughput" : 35.714285714285715,
    "receivedKBytesPerSec" : 11.195591517857142,
    "sentKBytesPerSec" : 21.065848214285715
  },
  "Total" : {
    "transaction" : "Total",
    "sampleCount" : 11626,
    "errorCount" : 13,
    "errorPct" : 0.111818336,
    "meanResTime" : 398.4783244452091,
    "medianResTime" : 186.0,
    "minResTime" : 0.0,
    "maxResTime" : 6336.0,
    "pct1ResTime" : 959.0,
    "pct2ResTime" : 1377.949999999999,
    "pct3ResTime" : 2529.3799999999974,
    "throughput" : 5.745107195714643,
    "receivedKBytesPerSec" : 2250.952188913762,
    "sentKBytesPerSec" : 43.22893599420103
  },
  "1.4 Open Sessions list" : {
    "transaction" : "1.4 Open Sessions list",