{
  "7.3 Safe to vaccinate" : {
    "transaction" : "7.3 Safe to vaccinate",
    "sampleCount" : 13,
    "errorCount" : 0,
    "errorPct" : 0.0,
    "meanResTime" : 111.07692307692308,
    "medianResTime" : 91.0,
    "minResTime" : 79.0,
    "maxResTime" : 215.0,
    "pct1ResTime" : 202.6,
    "pct2ResTime" : 215.0,
    "pct3ResTime" : 215.0,
    "throughput" : 0.008164557280021705,
    "receivedKBytesPerSec" : 0.2473605713431576,
    "sentKBytesPerSec" : 0.06066746904376705
  },
  "2.0 Register attendance" : {
    "transaction" : "2.0 Register attendance",
    "sampleCount" : 972,
    "errorCount" : 0,
    "errorPct" : 0.0,
    "meanResTime" : 757.9269547325107,
    "medianResTime" : 661.5,
    "minResTime" : 384.0,
    "maxResTime" : 12738.0,
    "pct1ResTime" : 934.7,
    "pct2ResTime" : 1087.7499999999995,
    "pct3ResTime" : 3658.519999999993,
    "throughput" : 0.5474372390239397,
    "receivedKBytesPerSec" : 70.45890522901124,
    "sentKBytesPerSec" : 17.424318878530887
  },
  "2.5 Select patient" : {
    "transaction" : "2.5 Select patient",
    "sampleCount" : 964,
    "errorCount" : 0,
    "errorPct" : 0.0,
    "meanResTime" : 111.06535269709534,
    "medianResTime" : 86.0,
    "minResTime" : 56.0,
    "maxResTime" : 2867.0,
    "pct1ResTime" : 139.5,
    "pct2ResTime" : 219.0,
    "pct3ResTime" : 649.2500000000072,
    "throughput" : 0.5477618190692709,
    "receivedKBytesPerSec" : 13.731788113660862,
    "sentKBytesPerSec" : 3.9502741055330763
  },
  "7.1 Full name search" : {
    "transaction" : "7.1 Full name search",
    "sampleCount" : 13,
    "errorCount" : 0,
    "errorPct" : 0.0,
    "meanResTime" : 710.0000000000001,
    "medianResTime" : 562.0,
    "minResTime" : 383.0,
    "maxResTime" : 1788.0,
    "pct1ResTime" : 1737.2,
    "pct2ResTime" : 1788.0,
    "pct3ResTime" : 1788.0,
    "throughput" : 0.00816046743157448,
    "receivedKBytesPerSec" : 0.32536001883341725,
    "sentKBytesPerSec" : 0.06021348508611804
  },
  "2.3 Search by first/last name" : {
    "transaction" : "2.3 Search by first/last name",
    "sampleCount" : 973,
    "errorCount" : 0,
    "errorPct" : 0.0,
    "meanResTime" : 112.89208633093551,
    "medianResTime" : 82.0,
    "minResTime" : 58.0,
    "maxResTime" : 3690.0,
    "pct1ResTime" : 136.20000000000005,
    "pct2ResTime" : 211.29999999999995,
    "pct3ResTime" : 823.6599999999992,
    "throughput" : 0.5486249136606476,
    "receivedKBytesPerSec" : 15.582064893714495,
    "sentKBytesPerSec" : 4.102519501240467
  },
  "4.0 Vaccination for flu" : {
    "transaction" : "4.0 Vaccination for flu",
    "sampleCount" : 229,
    "errorCount" : 0,
    "errorPct" : 0.0,
    "meanResTime" : 635.9781659388648,
    "medianResTime" : 609.0,
    "minResTime" : 178.0,
    "maxResTime" : 1154.0,
    "pct1ResTime" : 808.0,
    "pct2ResTime" : 954.0,
    "pct3ResTime" : 1097.8999999999994,
    "throughput" : 0.13365316711314998,
    "receivedKBytesPerSec" : 6.960896508529873,
    "sentKBytesPerSec" : 3.758314223739195
  },
  "4.0 Vaccination for hpv" : {
    "transaction" : "4.0 Vaccination for hpv",
    "sampleCount" : 243,
    "errorCount" : 0,
    "errorPct" : 0.0,
    "meanResTime" : 649.7448559670778,
    "medianResTime" : 623.0,
    "minResTime" : 166.0,
    "maxResTime" : 2100.0,
    "pct1ResTime" : 792.0,
    "pct2ResTime" : 892.5999999999999,
    "pct3ResTime" : 1509.0400000000004,
    "throughput" : 0.1419109033125392,
    "receivedKBytesPerSec" : 6.868989705510056,
    "sentKBytesPerSec" : 4.009233383831909
  },
  "7.6 First name search" : {
    "transaction" : "7.6 First name search",
    "sampleCount" : 13,
    "errorCount" : 0,
    "errorPct" : 0.0,
    "meanResTime" : 2381.153846153846,
    "medianResTime" : 2141.0,
    "minResTime" : 1349.0,
    "maxResTime" : 3715.0,
    "pct1ResTime" : 3604.6,
    "pct2ResTime" : 3715.0,
    "pct3ResTime" : 3715.0,
    "throughput" : 0.008172168736425556,
    "receivedKBytesPerSec" : 1.0912018451028278,
    "sentKBytesPerSec" : 0.06023720800212476
  },
  "1.2 Sign-in page" : {
    "transaction" : "1.2 Sign-in page",
    "sampleCount" : 1003,
    "errorCount" : 0,
    "errorPct" : 0.0,
    "meanResTime" : 114.10568295114656,
    "medianResTime" : 79.0,
    "minResTime" : 14.0,
    "maxResTime" : 3485.0,
    "pct1ResTime" : 129.0,
    "pct2ResTime" : 184.79999999999995,
    "pct3ResTime" : 1200.5600000000013,
    "throughput" : 0.5587307953697205,
    "receivedKBytesPerSec" : 11.6381172525193,
    "sentKBytesPerSec" : 4.656486358654478
  },
  "2.4 Patient attending session" : {
    "transaction" : "2.4 Patient attending session",
    "sampleCount" : 305,
    "errorCount" : 0,
    "errorPct" : 0.0,
    "meanResTime" : 317.7508196721311,
    "medianResTime" : 291.0,
    "minResTime" : 230.0,
    "maxResTime" : 1046.0,
    "pct1ResTime" : 397.4000000000002,
    "pct2ResTime" : 479.09999999999985,
    "pct3ResTime" : 820.1799999999998,
    "throughput" : 0.1753700019549443,
    "receivedKBytesPerSec" : 5.369510299034602,
    "sentKBytesPerSec" : 1.539282790596718
  },
  "Check STS status" : {
    "transaction" : "Check STS status",
    "sampleCount" : 1,
    "errorCount" : 0,
    "errorPct" : 0.0,
    "meanResTime" : 29.0,
    "medianResTime" : 29.0,
    "minResTime" : 29.0,
    "maxResTime" : 29.0,
    "pct1ResTime" : 29.0,
    "pct2ResTime" : 29.0,
    "pct3ResTime" : 29.0,
    "throughput" : 34.48275862068965,
    "receivedKBytesPerSec" : 10.809536637931034,
    "sentKBytesPerSec" : 20.339439655172413
  },
  "1.1 Homepage" : {
    "transaction" : "1.1 Homepage",
    "sampleCount" : 1005,
    "errorCount" : 0,
    "errorPct" : 0.0,
    "meanResTime" : 123.74129353233839,
    "medianResTime" : 85.0,
    "minResTime" : 30.0,
    "maxResTime" : 3788.0,
    "pct1ResTime" : 140.19999999999993,
    "pct2ResTime" : 206.49999999999966,
    "pct3ResTime" : 1207.6599999999976,
    "throughput" : 0.5585899743937909,
    "receivedKBytesPerSec" : 28.100817122818373,
    "sentKBytesPerSec" : 4.641562336035778
  },
  "1.3 Sign-in" : {
    "transaction" : "1.3 Sign-in",
    "sampleCount" : 1001,
    "errorCount" : 0,
    "errorPct" : 0.0,
    "meanResTime" : 151.36863136863113,
    "medianResTime" : 84.0,
    "minResTime" : 56.0,
    "maxResTime" : 4667.0,
    "pct1ResTime" : 268.60000000000014,
    "pct2ResTime" : 389.9,
    "pct3ResTime" : 1632.1600000000035,
    "throughput" : 0.5587106676899464,
    "receivedKBytesPerSec" : 12.05177246127817,
    "sentKBytesPerSec" : 4.917103450080234
  },
  "Run some searches" : {
    "transaction" : "Run some searches",
    "sampleCount" : 13,
    "errorCount" : 0,
    "errorPct" : 0.0,
    "meanResTime" : 8967.923076923074,
    "medianResTime" : 8892.0,
    "minResTime" : 6369.0,
    "maxResTime" : 13949.0,
    "pct1ResTime" : 12791.4,
    "pct2ResTime" : 13949.0,
    "pct3ResTime" : 13949.0,
    "throughput" : 0.008100450571985277,
    "receivedKBytesPerSec" : 5.398907710709855,
    "sentKBytesPerSec" : 0.47989753923110523
  },
  "4.0 Vaccination for td_ipv" : {
    "transaction" : "4.0 Vaccination for td_ipv",
    "sampleCount" : 237,
    "errorCount" : 0,
    "errorPct" : 0.0,
    "meanResTime" : 646.4852320675105,
    "medianResTime" : 628.0,
    "minResTime" : 165.0,
    "maxResTime" : 1180.0,
    "pct1ResTime" : 785.4000000000001,
    "pct2ResTime" : 863.5999999999999,
    "pct3ResTime" : 1136.4800000000005,
    "throughput" : 0.13838333234071026,
    "receivedKBytesPerSec" : 6.876423611232756,
    "sentKBytesPerSec" : 3.927429912053597
  },
  "2.1 Open session" : {
    "transaction" : "2.1 Open session",
    "sampleCount" : 986,
    "errorCount" : 0,
    "errorPct" : 0.0,
    "meanResTime" : 295.1632860040567,
    "medianResTime" : 265.0,
    "minResTime" : 109.0,
    "maxResTime" : 3694.0,
    "pct1ResTime" : 421.0,
    "pct2ResTime" : 483.65,
    "pct3ResTime" : 846.9499999999999,
    "throughput" : 0.5526747834002503,
    "receivedKBytesPerSec" : 12.783255898373982,
    "sentKBytesPerSec" : 3.989186469094774
  },