{
  "2.0 Register attendance" : {
    "transaction" : "2.0 Register attendance",
    "sampleCount" : 236,
    "errorCount" : 0,
    "errorPct" : 0.0,
    "meanResTime" : 1247.1610169491526,
    "medianResTime" : 1095.0,
    "minResTime" : 505.0,
    "maxResTime" : 3201.0,
    "pct1ResTime" : 2127.1000000000004,
    "pct2ResTime" : 2330.75,
    "pct3ResTime" : 2989.689999999999,
    "throughput" : 0.27145095134356717,
    "receivedKBytesPerSec" : 39.1994183753603,
    "sentKBytesPerSec" : 0.03561850199907522
  },
  "1.0 Login" : {
    "transaction" : "1.0 Login",
    "sampleCount" : 604,
    "errorCount" : 6,
    "errorPct" : 0.9933775,
    "meanResTime" : 6295.109271523181,
    "medianResTime" : 1734.0,
    "minResTime" : 269.0,
    "maxResTime" : 90057.0,
    "pct1ResTime" : 9912.5,
    "pct2ResTime" : 21061.5,
    "pct3ResTime" : 86740.85000000003,
    "throughput" : 0.6753825304033957,
    "receivedKBytesPerSec" : 173.76225266490962,
    "sentKBytesPerSec" : 0.20447679588575748
  },
  "4.0 Vaccination for menacwy" : {
    "transaction" : "4.0 Vaccination for menacwy",
    "sampleCount" : 54,
    "errorCount" : 0,
    "errorPct" : 0.0,
    "meanResTime" : 1228.888888888889,
    "medianResTime" : 1181.5,
    "minResTime" : 605.0,
    "maxResTime" : 2694.0,
    "pct1ResTime" : 2088.5,
    "pct2ResTime" : 2342.0,
    "pct3ResTime" : 2694.0,
    "throughput" : 0.06935534209522488,
    "receivedKBytesPerSec" : 3.8658152937198738,
    "sentKBytesPerSec" : 0.16513785899416772
  },
  "Check STS status" : {
    "transaction" : "Check STS status",
    "sampleCount" : 1,
    "errorCount" : 0,
    "errorPct" : 0.0,
    "meanResTime" : 31.0,
    "medianResTime" : 31.0,
    "minResTime" : 31.0,
    "maxResTime" : 31.0,
    "pct1ResTime" : 31.0,
    "pct2ResTime" : 31.0,
    "pct3ResTime" : 31.0,
    "throughput" : 32.25806451612903,
    "receivedKBytesPerSec" : 10.112147177419354,
    "sentKBytesPerSec" : 19.027217741935484
  },
  "Total" : {
    "transaction" : "Total",
    "sampleCount" : 1,
    "errorCount" : 0,
    "errorPct" : 0.0,
    "meanResTime" : 31.0,
    "medianResTime" : 31.0,
    "minResTime" : 31.0,
    "maxResTime" : 31.0,
    "pct1ResTime" : 31.0,
    "pct2ResTime" : 31.0,
    "pct3ResTime" : 31.0,
    "throughput" : 32.25806451612903,
    "receivedKBytesPerSec" : 10.112147177419354,
    "sentKBytesPerSec" : 19.027217741935484
  },
  "Run some searches" : {
    "transaction" : "Run some searches",
    "sampleCount" : 348,
    "errorCount" : 15,
    "errorPct" : 4.3103447,
    "meanResTime" : 4816.551724137934,
    "medianResTime" : 1647.0,
    "minResTime" : 0.0,
    "maxResTime" : 30002.0,
    "pct1ResTime" : 26583.4,
    "pct2ResTime" : 28875.2,
    "pct3ResTime" : 30001.0,
    "throughput" : 0.3882377353691271,
    "receivedKBytesPerSec" : 43.37231451468052,
    "sentKBytesPerSec" : 0.0
  },
  "4.0 Vaccination for flu" : {
    "transaction" : "4.0 Vaccination for flu",
    "sampleCount" : 54,
    "errorCount" : 0,
    "errorPct" : 0.0,
    "meanResTime" : 1167.6481481481483,
    "medianResTime" : 998.0,
    "minResTime" : 606.0,
    "maxResTime" : 2277.0,
    "pct1ResTime" : 2016.5,
    "pct2ResTime" : 2082.0,
    "pct3ResTime" : 2277.0,
    "throughput" : 0.07259059709798923,
    "receivedKBytesPerSec" : 4.0024230892541715,
    "sentKBytesPerSec" : 0.16954346815692473
  },
  "4.0 Vaccination for td_ipv" : {
    "transaction" : "4.0 Vaccination for td_ipv",
    "sampleCount" : 56,
    "errorCount" : 0,
    "errorPct" : 0.0,
    "meanResTime" : 1016.7678571428571,
    "medianResTime" : 846.5,
    "minResTime" : 200.0,
    "maxResTime" : 2371.0,
    "pct1ResTime" : 1828.1000000000004,
    "pct2ResTime" : 2085.85,
    "pct3ResTime" : 2371.0,
    "throughput" : 0.0688258313177197,
    "receivedKBytesPerSec" : 3.3667718565030578,
    "sentKBytesPerSec" : 0.1575706340456807
  },
  "4.0 Vaccination for hpv" : {
    "transaction" : "4.0 Vaccination for hpv",
    "sampleCount" : 54,
    "errorCount" : 0,
    "errorPct" : 0.0,
    "meanResTime" : 1192.6666666666672,
    "medianResTime" : 1044.5,
    "minResTime" : 621.0,
    "maxResTime" : 2243.0,
    "pct1ResTime" : 1818.0,
    "pct2ResTime" : 1975.75,
    "pct3ResTime" : 2243.0,
    "throughput" : 0.07084689592197396,
    "receivedKBytesPerSec" : 3.6337413405249492,
    "sentKBytesPerSec" : 0.16874824522734638
  }
}