{
  "4.3 Vaccination confirm" : {
    "transaction" : "4.3 Vaccination confirm",
    "sampleCount" : 1624,
    "errorCount" : 0,
    "errorPct" : 0.0,
    "meanResTime" : 730.1397783251233,
    "medianResTime" : 663.0,
    "minResTime" : 434.0,
    "maxResTime" : 3696.0,
    "pct1ResTime" : 1035.0,
    "pct2ResTime" : 1296.5,
    "pct3ResTime" : 2048.25,
    "throughput" : 0.4672553009308278,
    "receivedKBytesPerSec" : 195.71563503509162,
    "sentKBytesPerSec" : 4.780964827979414
  },
  "4.1 Vaccination questions" : {
    "transaction" : "4.1 Vaccination questions",
    "sampleCount" : 1656,
    "errorCount" : 0,
    "errorPct" : 0.0,
    "meanResTime" : 153.29347826086962,
    "medianResTime" : 123.0,
    "minResTime" : 77.0,
    "maxResTime" : 2025.0,
    "pct1ResTime" : 224.0,
    "pct2ResTime" : 300.0,
    "pct3ResTime" : 573.6000000000013,
    "throughput" : 0.47052405468989733,
    "receivedKBytesPerSec" : 192.82457170741486,
    "sentKBytesPerSec" : 4.381289658735097
  },
  "2.0 Register attendance" : {
    "transaction" : "2.0 Register attendance",
    "sampleCount" : 1681,
    "errorCount" : 6,
    "errorPct" : 0.3569304,
    "meanResTime" : 1002.5383700178471,
    "medianResTime" : 974.0,
    "minResTime" : 391.0,
    "maxResTime" : 4121.0,
    "pct1ResTime" : 1527.8,
    "pct2ResTime" : 1746.4999999999993,
    "pct3ResTime" : 2324.6200000000035,
    "throughput" : 0.47036899202247473,
    "receivedKBytesPerSec" : 902.2095631384154,
    "sentKBytesPerSec" : 15.650371076206913
  },
  "Reset counters" : {
    "transaction" : "Reset counters",
    "sampleCount" : 1,
    "errorCount" : 0,
    "errorPct" : 0.0,
    "meanResTime" : 15.0,
    "medianResTime" : 15.0,
    "minResTime" : 15.0,
    "maxResTime" : 15.0,
    "pct1ResTime" : 15.0,
    "pct2ResTime" : 15.0,
    "pct3ResTime" : 15.0,
    "throughput" : 66.66666666666667,
    "receivedKBytesPerSec" : 0.0,
    "sentKBytesPerSec" : 0.0
  },
  "1.0 Login" : {
    "transaction" : "1.0 Login",
    "sampleCount" : 1687,
    "errorCount" : 0,
    "errorPct" : 0.0,
    "meanResTime" : 745.649673977474,
    "medianResTime" : 679.0,
    "minResTime" : 427.0,
    "maxResTime" : 2551.0,
    "pct1ResTime" : 1022.2,
    "pct2ResTime" : 1216.7999999999997,
    "pct3ResTime" : 1677.9199999999983,
    "throughput" : 0.47028506467186254,
    "receivedKBytesPerSec" : 813.8271523103346,
    "sentKBytesPerSec" : 15.39671864093122
  },
  "4.0 Vaccination for menacwy" : {
    "transaction" : "4.0 Vaccination for menacwy",
    "sampleCount" : 404,
    "errorCount" : 0,
    "errorPct" : 0.0,
    "meanResTime" : 1007.9183168316825,
    "medianResTime" : 944.0,
    "minResTime" : 204.0,
    "maxResTime" : 2794.0,
    "pct1ResTime" : 1368.5,
    "pct2ResTime" : 1674.5,
    "pct3ResTime" : 2493.6999999999975,
    "throughput" : 0.1155450738759166,
    "receivedKBytesPerSec" : 142.50955111462744,
    "sentKBytesPerSec" : 3.2529875301411053
  },
  "2.5 Select patient" : {
    "transaction" : "2.5 Select patient",
    "sampleCount" : 1678,
    "errorCount" : 0,
    "errorPct" : 0.0,
    "meanResTime" : 119.04767580452919,
    "medianResTime" : 102.0,
    "minResTime" : 56.0,
    "maxResTime" : 1994.0,
    "pct1ResTime" : 174.10000000000014,
    "pct2ResTime" : 262.0,
    "pct3ResTime" : 537.2500000000009,
    "throughput" : 0.47068525658377314,
    "receivedKBytesPerSec" : 198.39253749852736,
    "sentKBytesPerSec" : 3.369126449152388
  },
  "Initialise vaccination list" : {
    "transaction" : "Initialise vaccination list",
    "sampleCount" : 1,
    "errorCount" : 0,
    "errorPct" : 0.0,
    "meanResTime" : 43.0,
    "medianResTime" : 43.0,
    "minResTime" : 43.0,
    "maxResTime" : 43.0,
    "pct1ResTime" : 43.0,
    "pct2ResTime" : 43.0,
    "pct3ResTime" : 43.0,
    "throughput" : 23.25581395348837,
    "receivedKBytesPerSec" : 6.676962209302326,
    "sentKBytesPerSec" : 14.353197674418606
  },
  "2.3 Search by first/last name" : {
    "transaction" : "2.3 Search by first/last name",
    "sampleCount" : 1682,
    "errorCount" : 0,
    "errorPct" : 0.0,
    "meanResTime" : 111.2705112960762,
    "medianResTime" : 99.0,
    "minResTime" : 62.0,
    "maxResTime" : 931.0,
    "pct1ResTime" : 159.70000000000005,
    "pct2ResTime" : 221.69999999999982,
    "pct3ResTime" : 429.2300000000014,
    "throughput" : 0.4704542428707442,
    "receivedKBytesPerSec" : 200.11746267604974,
    "sentKBytesPerSec" : 3.4927577238615397
  },
  "4.0 Vaccination for flu" : {
    "transaction" : "4.0 Vaccination for flu",
    "sampleCount" : 442,
    "errorCount" : 0,
    "errorPct" : 0.0,
    "meanResTime" : 992.0158371040725,
    "medianResTime" : 925.5,
    "minResTime" : 207.0,
    "maxResTime" : 2975.0,
    "pct1ResTime" : 1361.2999999999997,
    "pct2ResTime" : 1580.7999999999997,
    "pct3ResTime" : 2346.9199999999996,
    "throughput" : 0.12581093974509905,
    "receivedKBytesPerSec" : 154.94703142843377,
    "sentKBytesPerSec" : 3.5373335913714756
  },
  "4.0 Vaccination for hpv" : {
    "transaction" : "4.0 Vaccination for hpv",
    "sampleCount" : 404,
    "errorCount" : 0,
    "errorPct" : 0.0,
    "meanResTime" : 1017.50495049505,
    "medianResTime" : 931.5,
    "minResTime" : 214.0,
    "maxResTime" : 3313.0,
    "pct1ResTime" : 1373.5,
    "pct2ResTime" : 1672.75,
    "pct3ResTime" : 2832.7499999999973,
    "throughput" : 0.1158395702237252,
    "receivedKBytesPerSec" : 142.70232066855345,
    "sentKBytesPerSec" : 3.2661704038428345
  },
  "1.2 Sign-in page" : {
    "transaction" : "1.2 Sign-in page",
    "sampleCount" : 1694,
    "errorCount" : 0,
    "errorPct" : 0.0,
    "meanResTime" : 135.87426210153455,
    "medianResTime" : 113.0,
    "minResTime" : 18.0,
    "maxResTime" : 1185.0,
    "pct1ResTime" : 221.5,
    "pct2ResTime" : 328.25,
    "pct3ResTime" : 582.7999999999993,
    "throughput" : 0.47102370077816225,
    "receivedKBytesPerSec" : 196.61549669409277,
    "sentKBytesPerSec" : 3.966812308090513
  },
  "Debug Sampler" : {
    "transaction" : "Debug Sampler",
    "sampleCount" : 1682,
    "errorCount" : 0,
    "errorPct" : 0.0,
    "meanResTime" : 0.31153388822830014,
    "medianResTime" : 0.0,
    "minResTime" : 0.0,
    "maxResTime" : 22.0,
    "pct1ResTime" : 1.0,
    "pct2ResTime" : 1.0,
    "pct3ResTime" : 1.0,
    "throughput" : 0.4704693757162281,
    "receivedKBytesPerSec" : 2.6925978325263284,
    "sentKBytesPerSec" : 0.0
  },
  "2.4 Patient attending session" : {
    "transaction" : "2.4 Patient attending session",
    "sampleCount" : 843,
    "errorCount" : 6,
    "errorPct" : 0.7117438,
    "meanResTime" : 594.9074733096082,
    "medianResTime" : 543.0,
    "minResTime" : 135.0,
    "maxResTime" : 2093.0,
    "pct1ResTime" : 832.6000000000001,
    "pct2ResTime" : 1009.8,
    "pct3ResTime" : 1410.4799999999996,
    "throughput" : 0.2639929576825239,
    "receivedKBytesPerSec" : 112.53978451476968,
    "sentKBytesPerSec" : 2.2974407704946063
  },
  "Check STS status" : {
    "transaction" : "Check STS status",
    "sampleCount" : 1,
    "errorCount" : 0,
    "errorPct" : 0.0,
    "meanResTime" : 29.0,
    "medianResTime" : 29.0,
    "minResTime" : 29.0,
    "maxResTime" : 29.0,
    "pct1ResTime" : 29.0,
    "pct2ResTime" : 29.0,
    "pct3ResTime" : 29.0,
    "throughput" : 34.48275862068965,
    "receivedKBytesPerSec" : 10.809536637931034,
    "sentKBytesPerSec" : 20.339439655172413
  },
  "Total" : {
    "transaction" : "Total",
    "sampleCount" : 20955,
    "errorCount" : 6,
    "errorPct" : 0.028632784,
    "meanResTime" : 220.6393700787403,
    "medianResTime" : 123.0,
    "minResTime" : 0.0,
    "maxResTime" : 3696.0,
    "pct1ResTime" : 538.0,
    "pct2ResTime" : 712.0,
    "pct3ResTime" : 1114.9900000000016,
    "throughput" : 5.633300751321829,
    "receivedKBytesPerSec" : 2202.8898590908652,
    "sentKBytesPerSec" : 42.45980256077271
  },
  "1.4 Open Sessions list" : {
    "transaction" : "1.4 Open Sessions list",
    "sampleCount" : 1687,
    "errorCount" : 0,
    "errorPct" : 0.0,