{
  "7.3 Safe to vaccinate" : {
    "transaction" : "7.3 Safe to vaccinate",
    "sampleCount" : 26,
    "errorCount" : 0,
    "errorPct" : 0.0,
    "meanResTime" : 177.6153846153846,
    "medianResTime" : 101.0,
    "minResTime" : 82.0,
    "maxResTime" : 1684.0,
    "pct1ResTime" : 236.00000000000003,
    "pct2ResTime" : 1186.999999999998,
    "pct3ResTime" : 1684.0,
    "throughput" : 0.0076627471714884494,
    "receivedKBytesPerSec" : 3.4776216998058374,
    "sentKBytesPerSec" : 0.057070542992579805
  },
  "2.0 Register attendance" : {
    "transaction" : "2.0 Register attendance",
    "sampleCount" : 1688,
    "errorCount" : 2,
    "errorPct" : 0.11848341,
    "meanResTime" : 1492.5924170616106,
    "medianResTime" : 1053.0,
    "minResTime" : 404.0,
    "maxResTime" : 14235.0,
    "pct1ResTime" : 2994.500000000002,
    "pct2ResTime" : 3985.2,
    "pct3ResTime" : 6728.269999999994,
    "throughput" : 0.4724638654709524,
    "receivedKBytesPerSec" : 934.7553311812856,
    "sentKBytesPerSec" : 15.273809400418024
  },
  "2.5 Select patient" : {
    "transaction" : "2.5 Select patient",
    "sampleCount" : 1680,
    "errorCount" : 0,
    "errorPct" : 0.0,
    "meanResTime" : 255.7773809523809,
    "medianResTime" : 109.5,
    "minResTime" : 58.0,
    "maxResTime" : 7958.0,
    "pct1ResTime" : 427.0,
    "pct2ResTime" : 961.9999999999964,
    "pct3ResTime" : 3019.610000000001,
    "throughput" : 0.47316559612950543,
    "receivedKBytesPerSec" : 212.66498487146302,
    "sentKBytesPerSec" : 3.4192928171385364
  },
  "7.1 Full name search" : {
    "transaction" : "7.1 Full name search",
    "sampleCount" : 26,
    "errorCount" : 0,
    "errorPct" : 0.0,
    "meanResTime" : 1211.307692307692,
    "medianResTime" : 673.5,
    "minResTime" : 273.0,
    "maxResTime" : 6600.0,
    "pct1ResTime" : 3368.900000000002,
    "pct2ResTime" : 6163.199999999998,
    "pct3ResTime" : 6600.0,
    "throughput" : 0.007664285432138943,
    "receivedKBytesPerSec" : 3.532454301513873,
    "sentKBytesPerSec" : 0.05667466175076451
  },
  "2.3 Search by first/last name" : {
    "transaction" : "2.3 Search by first/last name",
    "sampleCount" : 1688,
    "errorCount" : 0,
    "errorPct" : 0.0,
    "meanResTime" : 216.45556872037872,
    "medianResTime" : 112.0,
    "minResTime" : 66.0,
    "maxResTime" : 4194.0,
    "pct1ResTime" : 382.0,
    "pct2ResTime" : 673.55,
    "pct3ResTime" : 2642.0399999999936,
    "throughput" : 0.4726752804829353,
    "receivedKBytesPerSec" : 214.1026623805326,
    "sentKBytesPerSec" : 3.5415936023589802
  },
  "4.0 Vaccination for flu" : {
    "transaction" : "4.0 Vaccination for flu",
    "sampleCount" : 402,
    "errorCount" : 0,
    "errorPct" : 0.0,
    "meanResTime" : 1698.8930348258693,
    "medianResTime" : 1150.5,
    "minResTime" : 420.0,
    "maxResTime" : 13838.0,
    "pct1ResTime" : 3242.199999999998,
    "pct2ResTime" : 4403.9,
    "pct3ResTime" : 8372.529999999972,
    "throughput" : 0.11494588107733457,
    "receivedKBytesPerSec" : 151.36644278445462,
    "sentKBytesPerSec" : 3.2620079464739637
  },
  "4.0 Vaccination for hpv" : {
    "transaction" : "4.0 Vaccination for hpv",
    "sampleCount" : 420,
    "errorCount" : 0,
    "errorPct" : 0.0,
    "meanResTime" : 1714.8952380952392,
    "medianResTime" : 1107.5,
    "minResTime" : 239.0,
    "maxResTime" : 13722.0,
    "pct1ResTime" : 3575.200000000001,
    "pct2ResTime" : 4325.65,
    "pct3ResTime" : 9000.630000000054,
    "throughput" : 0.12079979820681327,
    "receivedKBytesPerSec" : 159.31756015659175,
    "sentKBytesPerSec" : 3.446932978959695
  },
  "7.6 First name search" : {
    "transaction" : "7.6 First name search",
    "sampleCount" : 26,
    "errorCount" : 0,
    "errorPct" : 0.0,
    "meanResTime" : 2292.4615384615386,
    "medianResTime" : 1159.0,
    "minResTime" : 505.0,
    "maxResTime" : 12662.0,
    "pct1ResTime" : 7676.600000000001,
    "pct2ResTime" : 11245.899999999994,
    "pct3ResTime" : 12662.0,
    "throughput" : 0.007663018185815811,
    "receivedKBytesPerSec" : 4.2501210333196875,
    "sentKBytesPerSec" : 0.05660427229105676
  },
  "1.2 Sign-in page" : {
    "transaction" : "1.2 Sign-in page",
    "sampleCount" : 1726,
    "errorCount" : 0,
    "errorPct" : 0.0,
    "meanResTime" : 328.00753186558524,
    "medianResTime" : 118.0,
    "minResTime" : 15.0,
    "maxResTime" : 10293.0,
    "pct1ResTime" : 675.5999999999999,
    "pct2ResTime" : 1457.8499999999933,
    "pct3ResTime" : 3516.3300000000004,
    "throughput" : 0.4798755326312582,
    "receivedKBytesPerSec" : 213.87722988729666,
    "sentKBytesPerSec" : 4.080757894730989
  },
  "2.4 Patient attending session" : {
    "transaction" : "2.4 Patient attending session",
    "sampleCount" : 608,
    "errorCount" : 2,
    "errorPct" : 0.32894737,
    "meanResTime" : 791.3240131578943,
    "medianResTime" : 486.0,
    "minResTime" : 247.0,
    "maxResTime" : 12863.0,
    "pct1ResTime" : 1370.5,
    "pct2ResTime" : 2179.3499999999995,
    "pct3ResTime" : 7151.3899999999485,
    "throughput" : 0.1710014214493158,
    "receivedKBytesPerSec" : 77.85841178545031,
    "sentKBytesPerSec" : 1.5031594371514934
  },
  "Check STS status" : {
    "transaction" : "Check STS status",
    "sampleCount" : 1,
    "errorCount" : 0,
    "errorPct" : 0.0,
    "meanResTime" : 29.0,
    "medianResTime" : 29.0,
    "minResTime" : 29.0,
    "maxResTime" : 29.0,
    "pct1ResTime" : 29.0,
    "pct2ResTime" : 29.0,
    "pct3ResTime" : 29.0,
    "throughput" : 34.48275862068965,
    "receivedKBytesPerSec" : 10.775862068965516,
    "sentKBytesPerSec" : 20.339439655172413
  },
  "1.1 Homepage" : {
    "transaction" : "1.1 Homepage",
    "sampleCount" : 1726,
    "errorCount" : 0,
    "errorPct" : 0.0,
    "meanResTime" : 243.45596755504076,
    "medianResTime" : 117.0,
    "minResTime" : 27.0,
    "maxResTime" : 6645.0,
    "pct1ResTime" : 451.29999999999995,
    "pct2ResTime" : 799.4999999999986,
    "pct3ResTime" : 2605.46,
    "throughput" : 0.4799427850362404,
    "receivedKBytesPerSec" : 213.6454674803657,
    "sentKBytesPerSec" : 4.072683121217253
  },
  "1.3 Sign-in" : {
    "transaction" : "1.3 Sign-in",
    "sampleCount" : 1725,
    "errorCount" : 0,
    "errorPct" : 0.0,
    "meanResTime" : 328.36695652173864,
    "medianResTime" : 124.0,
    "minResTime" : 62.0,
    "maxResTime" : 9617.0,
    "pct1ResTime" : 654.8000000000002,
    "pct2ResTime" : 1361.4999999999973,
    "pct3ResTime" : 3145.2000000000003,
    "throughput" : 0.48100101749142776,
    "receivedKBytesPerSec" : 214.53395201450195,
    "sentKBytesPerSec" : 4.253157551656721
  },
  "Run some searches" : {
    "transaction" : "Run some searches",
    "sampleCount" : 26,
    "errorCount" : 0,
    "errorPct" : 0.0,
    "meanResTime" : 9639.5,
    "medianResTime" : 7202.5,
    "minResTime" : 4016.0,
    "maxResTime" : 23937.0,
    "pct1ResTime" : 22327.2,
    "pct2ResTime" : 23862.1,
    "pct3ResTime" : 23937.0,
    "throughput" : 0.007630012478005021,
    "receivedKBytesPerSec" : 30.8484843493771,
    "sentKBytesPerSec" : 0.4530385823136017
  },
  "4.0 Vaccination for td_ipv" : {
    "transaction" : "4.0 Vaccination for td_ipv",
    "sampleCount" : 417,
    "errorCount" : 0,
    "errorPct" : 0.0,
    "meanResTime" : 1619.5923261390883,
    "medianResTime" : 1138.0,
    "minResTime" : 222.0,
    "maxResTime" : 9091.0,
    "pct1ResTime" : 3186.7999999999997,
    "pct2ResTime" : 4114.0,
    "pct3ResTime" : 7058.299999999996,
    "throughput" : 0.1201630067377732,
    "receivedKBytesPerSec" : 158.0810239437938,
    "sentKBytesPerSec" : 3.417477413515053
  },
  "2.1 Open session" : {
    "transaction" : "2.1 Open session",
    "sampleCount" : 1695,
    "errorCount" : 0,
    "errorPct" : 0.0,
    "meanResTime" : 488.9758112094395,
    "medianResTime" : 311.0,
    "minResTime" : 114.0,
    "maxResTime" : 9814.0,
    "pct1ResTime" : 878.0000000000005,
    "pct2ResTime" : 1335.9999999999982,
    "pct3ResTime" : 3287.6799999999985,
    "throughput" : 0.47316036228172165,