{
  "7.3 Safe to vaccinate" : {
    "transaction" : "7.3 Safe to vaccinate",
    "sampleCount" : 25,
    "errorCount" : 0,
    "errorPct" : 0.0,
    "meanResTime" : 144.96,
    "medianResTime" : 111.0,
    "minResTime" : 85.0,
    "maxResTime" : 367.0,
    "pct1ResTime" : 280.20000000000005,
    "pct2ResTime" : 342.3999999999999,
    "pct3ResTime" : 367.0,
    "throughput" : 0.0072603904173301455,
    "receivedKBytesPerSec" : 1.3020560123329348,
    "sentKBytesPerSec" : 0.05336018265036777
  },
  "2.0 Register attendance" : {
    "transaction" : "2.0 Register attendance",
    "sampleCount" : 1633,
    "errorCount" : 5,
    "errorPct" : 0.30618495,
    "meanResTime" : 3394.592774035517,
    "medianResTime" : 2804.0,
    "minResTime" : 863.0,
    "maxResTime" : 19249.0,
    "pct1ResTime" : 6046.400000000001,
    "pct2ResTime" : 7823.0,
    "pct3ResTime" : 12088.42000000002,
    "throughput" : 0.457359425693237,
    "receivedKBytesPerSec" : 340.87731422022665,
    "sentKBytesPerSec" : 14.774008179640868
  },
  "2.5 Select patient" : {
    "transaction" : "2.5 Select patient",
    "sampleCount" : 1625,
    "errorCount" : 0,
    "errorPct" : 0.0,
    "meanResTime" : 388.7310769230771,
    "medianResTime" : 140.0,
    "minResTime" : 68.0,
    "maxResTime" : 11171.0,
    "pct1ResTime" : 889.4000000000037,
    "pct2ResTime" : 1523.199999999999,
    "pct3ResTime" : 3763.66,
    "throughput" : 0.45660624946436573,
    "receivedKBytesPerSec" : 71.34489743174791,
    "sentKBytesPerSec" : 3.2549692370320313
  },
  "7.1 Full name search" : {
    "transaction" : "7.1 Full name search",
    "sampleCount" : 25,
    "errorCount" : 0,
    "errorPct" : 0.0,
    "meanResTime" : 1908.5600000000004,
    "medianResTime" : 1216.0,
    "minResTime" : 357.0,
    "maxResTime" : 8566.0,
    "pct1ResTime" : 5092.4,
    "pct2ResTime" : 7529.499999999998,
    "pct3ResTime" : 8566.0,
    "throughput" : 0.007257306946926443,
    "receivedKBytesPerSec" : 1.3366839616455681,
    "sentKBytesPerSec" : 0.052948574414538534
  },
  "2.3 Search by first/last name" : {
    "transaction" : "2.3 Search by first/last name",
    "sampleCount" : 1633,
    "errorCount" : 0,
    "errorPct" : 0.0,
    "meanResTime" : 338.1316595223516,
    "medianResTime" : 147.0,
    "minResTime" : 78.0,
    "maxResTime" : 10480.0,
    "pct1ResTime" : 756.2000000000003,
    "pct2ResTime" : 1284.7999999999988,
    "pct3ResTime" : 3114.0600000000113,
    "throughput" : 0.4576818094042541,
    "receivedKBytesPerSec" : 74.07059471711732,
    "sentKBytesPerSec" : 3.3845129583614653
  },
  "4.0 Vaccination for flu" : {
    "transaction" : "4.0 Vaccination for flu",
    "sampleCount" : 394,
    "errorCount" : 0,
    "errorPct" : 0.0,
    "meanResTime" : 2575.2081218274125,
    "medianResTime" : 1889.5,
    "minResTime" : 227.0,
    "maxResTime" : 16204.0,
    "pct1ResTime" : 4936.5,
    "pct2ResTime" : 6178.5,
    "pct3ResTime" : 11795.900000000036,
    "throughput" : 0.1120893482971665,
    "receivedKBytesPerSec" : 49.42714690663982,
    "sentKBytesPerSec" : 3.1391879750817413
  },
  "4.0 Vaccination for hpv" : {
    "transaction" : "4.0 Vaccination for hpv",
    "sampleCount" : 431,
    "errorCount" : 0,
    "errorPct" : 0.0,
    "meanResTime" : 2588.348027842227,
    "medianResTime" : 1908.0,
    "minResTime" : 219.0,
    "maxResTime" : 14735.0,
    "pct1ResTime" : 4983.400000000001,
    "pct2ResTime" : 6524.199999999999,
    "pct3ResTime" : 11635.080000000002,
    "throughput" : 0.12314598856942363,
    "receivedKBytesPerSec" : 53.57230618462512,
    "sentKBytesPerSec" : 3.450997631171907
  },
  "7.6 First name search" : {
    "transaction" : "7.6 First name search",
    "sampleCount" : 25,
    "errorCount" : 0,
    "errorPct" : 0.0,
    "meanResTime" : 3020.1200000000003,
    "medianResTime" : 2707.0,
    "minResTime" : 729.0,
    "maxResTime" : 10122.0,
    "pct1ResTime" : 6108.200000000003,
    "pct2ResTime" : 9126.299999999997,
    "pct3ResTime" : 10122.0,
    "throughput" : 0.007261562949763055,
    "receivedKBytesPerSec" : 2.0830559189362683,
    "sentKBytesPerSec" : 0.05292544771166367
  },
  "1.2 Sign-in page" : {
    "transaction" : "1.2 Sign-in page",
    "sampleCount" : 1670,
    "errorCount" : 0,
    "errorPct" : 0.0,
    "meanResTime" : 503.49760479041936,
    "medianResTime" : 171.0,
    "minResTime" : 16.0,
    "maxResTime" : 11806.0,
    "pct1ResTime" : 1269.2000000000007,
    "pct2ResTime" : 1990.1499999999987,
    "pct3ResTime" : 5217.719999999987,
    "throughput" : 0.4643604727467673,
    "receivedKBytesPerSec" : 73.70782476853577,
    "sentKBytesPerSec" : 3.8933622915904316
  },
  "2.4 Patient attending session" : {
    "transaction" : "2.4 Patient attending session",
    "sampleCount" : 666,
    "errorCount" : 5,
    "errorPct" : 0.7507508,
    "meanResTime" : 1494.5165165165165,
    "medianResTime" : 940.0,
    "minResTime" : 432.0,
    "maxResTime" : 10017.0,
    "pct1ResTime" : 3291.1000000000004,
    "pct2ResTime" : 4241.999999999996,
    "pct3ResTime" : 8438.540000000006,
    "throughput" : 0.20224264623266894,
    "receivedKBytesPerSec" : 47.20405709832212,
    "sentKBytesPerSec" : 1.752834248676161
  },
  "Check STS status" : {
    "transaction" : "Check STS status",
    "sampleCount" : 1,
    "errorCount" : 0,
    "errorPct" : 0.0,
    "meanResTime" : 26.0,
    "medianResTime" : 26.0,
    "minResTime" : 26.0,
    "maxResTime" : 26.0,
    "pct1ResTime" : 26.0,
    "pct2ResTime" : 26.0,
    "pct3ResTime" : 26.0,
    "throughput" : 38.46153846153847,
    "receivedKBytesPerSec" : 12.056790865384617,
    "sentKBytesPerSec" : 22.686298076923077
  },
  "1.1 Homepage" : {
    "transaction" : "1.1 Homepage",
    "sampleCount" : 1673,
    "errorCount" : 0,
    "errorPct" : 0.0,
    "meanResTime" : 367.16138673042417,
    "medianResTime" : 158.0,
    "minResTime" : 30.0,
    "maxResTime" : 9638.0,
    "pct1ResTime" : 787.6000000000001,
    "pct2ResTime" : 1446.1999999999994,
    "pct3ResTime" : 3590.0599999999977,
    "throughput" : 0.464777220860024,
    "receivedKBytesPerSec" : 74.43946513705511,
    "sentKBytesPerSec" : 3.888511084488748
  },
  "1.3 Sign-in" : {
    "transaction" : "1.3 Sign-in",
    "sampleCount" : 1667,
    "errorCount" : 0,
    "errorPct" : 0.0,
    "meanResTime" : 507.3461307738448,
    "medianResTime" : 193.0,
    "minResTime" : 74.0,
    "maxResTime" : 8217.0,
    "pct1ResTime" : 1297.0000000000005,
    "pct2ResTime" : 2025.1999999999998,
    "pct3ResTime" : 4039.2799999999966,
    "throughput" : 0.4644131901146574,
    "receivedKBytesPerSec" : 74.16212232736059,
    "sentKBytesPerSec" : 4.0522146264350285
  },
  "Run some searches" : {
    "transaction" : "Run some searches",
    "sampleCount" : 25,
    "errorCount" : 0,
    "errorPct" : 0.0,
    "meanResTime" : 12846.640000000001,
    "medianResTime" : 11645.0,
    "minResTime" : 6683.0,
    "maxResTime" : 24737.0,
    "pct1ResTime" : 19883.0,
    "pct2ResTime" : 23389.699999999997,
    "pct3ResTime" : 24737.0,
    "throughput" : 0.007274566283083636,
    "receivedKBytesPerSec" : 13.469787264493192,
    "sentKBytesPerSec" : 0.42620064124938056
  },
  "4.0 Vaccination for td_ipv" : {
    "transaction" : "4.0 Vaccination for td_ipv",
    "sampleCount" : 389,
    "errorCount" : 0,
    "errorPct" : 0.0,
    "meanResTime" : 2697.791773778921,
    "medianResTime" : 1995.0,
    "minResTime" : 258.0,
    "maxResTime" : 13591.0,
    "pct1ResTime" : 5348.0,
    "pct2ResTime" : 6937.5,
    "pct3ResTime" : 12811.2,
    "throughput" : 0.11204336567901448,
    "receivedKBytesPerSec" : 48.31854618332484,
    "sentKBytesPerSec" : 3.1408711412185655
  },
  "2.1 Open session" : {
    "transaction" : "2.1 Open session",
    "sampleCount" : 1638,
    "errorCount" : 0,
    "errorPct" : 0.0,
    "meanResTime" : 1674.7661782661762,
    "medianResTime" : 1443.0,
    "minResTime" : 140.0,
    "maxResTime" : 11409.0,
    "pct1ResTime" : 2977.2000000000003,
    "pct2ResTime" : 3763.8499999999995,
    "pct3ResTime" : 6077.149999999999,