{
  "4.3 Vaccination confirm" : {
    "transaction" : "4.3 Vaccination confirm",
    "sampleCount" : 1607,
    "errorCount" : 0,
    "errorPct" : 0.0,
    "meanResTime" : 1654.395146235219,
    "medianResTime" : 1066.0,
    "minResTime" : 526.0,
    "maxResTime" : 13967.0,
    "pct1ResTime" : 3272.200000000001,
    "pct2ResTime" : 4985.599999999999,
    "pct3ResTime" : 8415.760000000002,
    "throughput" : 0.46200398180158553,
    "receivedKBytesPerSec" : 165.93292198382125,
    "sentKBytesPerSec" : 4.708324835768654
  },
  "4.1 Vaccination questions" : {
    "transaction" : "4.1 Vaccination questions",
    "sampleCount" : 1632,
    "errorCount" : 0,
    "errorPct" : 0.0,
    "meanResTime" : 444.1225490196077,
    "medianResTime" : 180.0,
    "minResTime" : 82.0,
    "maxResTime" : 10119.0,
    "pct1ResTime" : 1100.5000000000002,
    "pct2ResTime" : 1902.499999999999,
    "pct3ResTime" : 3098.090000000002,
    "throughput" : 0.4634297950714582,
    "receivedKBytesPerSec" : 162.84901806863292,
    "sentKBytesPerSec" : 4.299167346465453
  },
  "2.0 Register attendance" : {
    "transaction" : "2.0 Register attendance",
    "sampleCount" : 1657,
    "errorCount" : 5,
    "errorPct" : 0.30175015,
    "meanResTime" : 2939.6789378394756,
    "medianResTime" : 2441.0,
    "minResTime" : 433.0,
    "maxResTime" : 16678.0,
    "pct1ResTime" : 5109.8,
    "pct2ResTime" : 6616.599999999999,
    "pct3ResTime" : 10375.300000000005,
    "throughput" : 0.46428715530111137,
    "receivedKBytesPerSec" : 736.8593199652829,
    "sentKBytesPerSec" : 14.55334740978133
  },
  "Reset counters" : {
    "transaction" : "Reset counters",
    "sampleCount" : 1,
    "errorCount" : 0,
    "errorPct" : 0.0,
    "meanResTime" : 27.0,
    "medianResTime" : 27.0,
    "minResTime" : 27.0,
    "maxResTime" : 27.0,
    "pct1ResTime" : 27.0,
    "pct2ResTime" : 27.0,
    "pct3ResTime" : 27.0,
    "throughput" : 37.03703703703704,
    "receivedKBytesPerSec" : 0.0,
    "sentKBytesPerSec" : 0.0
  },
  "1.0 Login" : {
    "transaction" : "1.0 Login",
    "sampleCount" : 1669,
    "errorCount" : 1,
    "errorPct" : 0.059916116,
    "meanResTime" : 2075.6980227681247,
    "medianResTime" : 1628.0,
    "minResTime" : 422.0,
    "maxResTime" : 12028.0,
    "pct1ResTime" : 3749.0,
    "pct2ResTime" : 4833.0,
    "pct3ResTime" : 7224.799999999996,
    "throughput" : 0.46472994846203347,
    "receivedKBytesPerSec" : 693.802629363613,
    "sentKBytesPerSec" : 15.14515064375122
  },
  "4.0 Vaccination for menacwy" : {
    "transaction" : "4.0 Vaccination for menacwy",
    "sampleCount" : 401,
    "errorCount" : 0,
    "errorPct" : 0.0,
    "meanResTime" : 2456.0698254364083,
    "medianResTime" : 1787.0,
    "minResTime" : 310.0,
    "maxResTime" : 14018.0,
    "pct1ResTime" : 4641.200000000001,
    "pct2ResTime" : 6367.399999999998,
    "pct3ResTime" : 9907.14000000003,
    "throughput" : 0.11523379241020242,
    "receivedKBytesPerSec" : 121.2778071232911,
    "sentKBytesPerSec" : 3.240037519142172
  },
  "2.5 Select patient" : {
    "transaction" : "2.5 Select patient",
    "sampleCount" : 1655,
    "errorCount" : 0,
    "errorPct" : 0.0,
    "meanResTime" : 326.851963746224,
    "medianResTime" : 135.0,
    "minResTime" : 63.0,
    "maxResTime" : 6342.0,
    "pct1ResTime" : 776.2000000000003,
    "pct2ResTime" : 1377.3999999999996,
    "pct3ResTime" : 2833.640000000006,
    "throughput" : 0.4652673037970591,
    "receivedKBytesPerSec" : 169.2123827189919,
    "sentKBytesPerSec" : 3.3167234472582265
  },
  "Initialise vaccination list" : {
    "transaction" : "Initialise vaccination list",
    "sampleCount" : 1,
    "errorCount" : 0,
    "errorPct" : 0.0,
    "meanResTime" : 43.0,
    "medianResTime" : 43.0,
    "minResTime" : 43.0,
    "maxResTime" : 43.0,
    "pct1ResTime" : 43.0,
    "pct2ResTime" : 43.0,
    "pct3ResTime" : 43.0,
    "throughput" : 23.25581395348837,
    "receivedKBytesPerSec" : 6.676962209302326,
    "sentKBytesPerSec" : 14.353197674418606
  },
  "2.3 Search by first/last name" : {
    "transaction" : "2.3 Search by first/last name",
    "sampleCount" : 1659,
    "errorCount" : 0,
    "errorPct" : 0.0,
    "meanResTime" : 267.84267631103006,
    "medianResTime" : 132.0,
    "minResTime" : 70.0,
    "maxResTime" : 4692.0,
    "pct1ResTime" : 539.0,
    "pct2ResTime" : 1047.0,
    "pct3ResTime" : 2264.6000000000013,
    "throughput" : 0.46487724886821025,
    "receivedKBytesPerSec" : 170.4694155004863,
    "sentKBytesPerSec" : 3.437749928002171
  },
  "4.0 Vaccination for flu" : {
    "transaction" : "4.0 Vaccination for flu",
    "sampleCount" : 393,
    "errorCount" : 0,
    "errorPct" : 0.0,
    "meanResTime" : 2534.5267175572526,
    "medianResTime" : 1780.0,
    "minResTime" : 399.0,
    "maxResTime" : 13162.0,
    "pct1ResTime" : 4894.0,
    "pct2ResTime" : 6482.799999999996,
    "pct3ResTime" : 10988.26,
    "throughput" : 0.1124410113854392,
    "receivedKBytesPerSec" : 119.17812880704378,
    "sentKBytesPerSec" : 3.1606105113283602
  },
  "4.0 Vaccination for hpv" : {
    "transaction" : "4.0 Vaccination for hpv",
    "sampleCount" : 431,
    "errorCount" : 0,
    "errorPct" : 0.0,
    "meanResTime" : 2507.7726218097437,
    "medianResTime" : 1843.0,
    "minResTime" : 279.0,
    "maxResTime" : 15383.0,
    "pct1ResTime" : 4888.200000000001,
    "pct2ResTime" : 6605.799999999993,
    "pct3ResTime" : 11560.76,
    "throughput" : 0.12394520759096816,
    "receivedKBytesPerSec" : 131.34279090970102,
    "sentKBytesPerSec" : 3.485165040610748
  },
  "1.2 Sign-in page" : {
    "transaction" : "1.2 Sign-in page",
    "sampleCount" : 1671,
    "errorCount" : 0,
    "errorPct" : 0.0,
    "meanResTime" : 376.5637342908438,
    "medianResTime" : 161.0,
    "minResTime" : 15.0,
    "maxResTime" : 5453.0,
    "pct1ResTime" : 941.3999999999996,
    "pct2ResTime" : 1487.1999999999948,
    "pct3ResTime" : 3080.3999999999996,
    "throughput" : 0.46476272486130127,
    "receivedKBytesPerSec" : 165.82354624797622,
    "sentKBytesPerSec" : 3.8970941060903668
  },
  "Debug Sampler" : {
    "transaction" : "Debug Sampler",
    "sampleCount" : 1659,
    "errorCount" : 0,
    "errorPct" : 0.0,
    "meanResTime" : 0.2911392405063295,
    "medianResTime" : 0.0,
    "minResTime" : 0.0,
    "maxResTime" : 4.0,
    "pct1ResTime" : 1.0,
    "pct2ResTime" : 1.0,
    "pct3ResTime" : 1.0,
    "throughput" : 0.46493913332991427,
    "receivedKBytesPerSec" : 2.5788883709761676,
    "sentKBytesPerSec" : 0.0
  },
  "2.4 Patient attending session" : {
    "transaction" : "2.4 Patient attending session",
    "sampleCount" : 488,
    "errorCount" : 5,
    "errorPct" : 1.0245901,
    "meanResTime" : 1398.3340163934429,
    "medianResTime" : 874.0,
    "minResTime" : 197.0,
    "maxResTime" : 10955.0,
    "pct1ResTime" : 2650.1000000000004,
    "pct2ResTime" : 4150.049999999995,
    "pct3ResTime" : 8709.2,
    "throughput" : 0.1506229555557339,
    "receivedKBytesPerSec" : 57.14500175141625,
    "sentKBytesPerSec" : 1.304856593944278
  },
  "Check STS status" : {
    "transaction" : "Check STS status",
    "sampleCount" : 1,
    "errorCount" : 0,
    "errorPct" : 0.0,
    "meanResTime" : 36.0,
    "medianResTime" : 36.0,
    "minResTime" : 36.0,
    "maxResTime" : 36.0,
    "pct1ResTime" : 36.0,
    "pct2ResTime" : 36.0,
    "pct3ResTime" : 36.0,
    "throughput" : 27.777777777777775,
    "receivedKBytesPerSec" : 8.707682291666668,
    "sentKBytesPerSec" : 16.38454861111111
  },
  "Total" : {
    "transaction" : "Total",
    "sampleCount" : 20337,
    "errorCount" : 6,
    "errorPct" : 0.029502876,
    "meanResTime" : 611.1601514481018,
    "medianResTime" : 212.0,
    "minResTime" : 0.0,
    "maxResTime" : 13967.0,
    "pct1ResTime" : 1569.0,
    "pct2ResTime" : 2295.9500000000007,
    "pct3ResTime" : 4647.980000000003,
    "throughput" : 5.163975324033928,
    "receivedKBytesPerSec" : 1740.7513220812032,
    "sentKBytesPerSec" : 38.66589994004309
  },