{
  "1.2 Sign-in page" : {
    "transaction" : "1.2 Sign-in page",
    "sampleCount" : 70,
    "errorCount" : 2,
    "errorPct" : 2.857143,
    "meanResTime" : 1940.7571428571432,
    "medianResTime" : 157.0,
    "minResTime" : 152.0,
    "maxResTime" : 37216.0,
    "pct1ResTime" : 3858.8999999999996,
    "pct2ResTime" : 11211.800000000017,
    "pct3ResTime" : 37216.0,
    "throughput" : 0.6989934494328168,
    "receivedKBytesPerSec" : 4.1092584490833195,
    "sentKBytesPerSec" : 0.42117085771489055
  },
  "2.0 Register attendance" : {
    "transaction" : "2.0 Register attendance",
    "sampleCount" : 30,
    "errorCount" : 30,
    "errorPct" : 100.0,
    "meanResTime" : 0.49999999999999994,
    "medianResTime" : 0.5,
    "minResTime" : -1.0,
    "maxResTime" : 2.0,
    "pct1ResTime" : 1.0,
    "pct2ResTime" : 1.4499999999999993,
    "pct3ResTime" : 2.0,
    "throughput" : 0.5143944719740746,
    "receivedKBytesPerSec" : 0.5947686082200236,
    "sentKBytesPerSec" : 0.0
  },
  "1.0 Login" : {
    "transaction" : "1.0 Login",
    "sampleCount" : 70,
    "errorCount" : 70,
    "errorPct" : 100.0,
    "meanResTime" : 50464.0,
    "medianResTime" : 50606.0,
    "minResTime" : 7539.0,
    "maxResTime" : 109166.0,
    "pct1ResTime" : 71392.2,
    "pct2ResTime" : 79445.7,
    "pct3ResTime" : 109166.0,
    "throughput" : 0.5218117303276978,
    "receivedKBytesPerSec" : 14.707228676536364,
    "sentKBytesPerSec" : 1.9216474062229776
  },
  "Total" : {
    "transaction" : "Total",
    "sampleCount" : 291,
    "errorCount" : 54,
    "errorPct" : 18.556702,
    "meanResTime" : 7262.333333333334,
    "medianResTime" : 471.0,
    "minResTime" : 0.0,
    "maxResTime" : 59301.0,
    "pct1ResTime" : 25593.000000000007,
    "pct2ResTime" : 39533.39999999999,
    "pct3ResTime" : 50881.959999999934,
    "throughput" : 1.8980777885763112,
    "receivedKBytesPerSec" : 13.094993982897734,
    "sentKBytesPerSec" : 1.6814305130680374
  },
  "1.4 Select Organisations" : {
    "transaction" : "1.4 Select Organisations",
    "sampleCount" : 53,
    "errorCount" : 7,
    "errorPct" : 13.207547,
    "meanResTime" : 13507.075471698114,
    "medianResTime" : 9618.0,
    "minResTime" : 420.0,
    "maxResTime" : 59301.0,
    "pct1ResTime" : 39311.00000000001,
    "pct2ResTime" : 42537.499999999985,
    "pct3ResTime" : 59301.0,
    "throughput" : 0.42376608112321995,
    "receivedKBytesPerSec" : 5.3528499143472805,
    "sentKBytesPerSec" : 0.6021363707233607
  },
  "1.1 Homepage" : {
    "transaction" : "1.1 Homepage",
    "sampleCount" : 70,
    "errorCount" : 0,
    "errorPct" : 0.0,
    "meanResTime" : 1474.8857142857144,
    "medianResTime" : 466.0,
    "minResTime" : 455.0,
    "maxResTime" : 20547.0,
    "pct1ResTime" : 3202.0999999999995,
    "pct2ResTime" : 9367.7,
    "pct3ResTime" : 20547.0,
    "throughput" : 0.911138011376209,
    "receivedKBytesPerSec" : 4.707842986515158,
    "sentKBytesPerSec" : 0.49382968390019133
  },
  "1.3 Sign-in" : {
    "transaction" : "1.3 Sign-in",
    "sampleCount" : 68,
    "errorCount" : 15,
    "errorPct" : 22.058823,
    "meanResTime" : 17034.838235294115,
    "medianResTime" : 11541.5,
    "minResTime" : 549.0,
    "maxResTime" : 54665.0,
    "pct1ResTime" : 41686.5,
    "pct2ResTime" : 48161.549999999996,
    "pct3ResTime" : 54665.0,
    "throughput" : 0.5769752918816182,
    "receivedKBytesPerSec" : 4.4992422559097545,
    "sentKBytesPerSec" : 0.8685122098153679
  },
  "2.1 Open session" : {
    "transaction" : "2.1 Open session",
    "sampleCount" : 30,
    "errorCount" : 30,
    "errorPct" : 100.0,
    "meanResTime" : 0.0,
    "medianResTime" : 0.0,
    "minResTime" : 0.0,
    "maxResTime" : 0.0,
    "pct1ResTime" : 0.0,
    "pct2ResTime" : 0.0,
    "pct3ResTime" : 0.0,
    "throughput" : 0.48556260520523115,
    "receivedKBytesPerSec" : 0.5614317622685485,
    "sentKBytesPerSec" : 0.0
  }
}